product_id,description,gross_sales,sales_share,cumulative_share
M,Manual,339614.89,0.016539357091183246,0.016539357091183246
22423,REGENCY CAKESTAND 3 TIER,331084.26999999996,0.01612391308521169,0.032663270176394935
DOT,DOTCOM POSTAGE,309854.11,0.015089997295056095,0.04775326747145103
85123A,CREAM HANGING HEART T-LIGHT HOLDER,258065.91,0.012567894883970364,0.06032116235542139
85099B,JUMBO BAG RED RETROSPOT,180888.03,0.008809306687615103,0.06913046904303649
23843,"PAPER CRAFT , LITTLE BIRDIE",168469.6,0.008204525053094124,0.07733499409613062
47566,PARTY BUNTING,148395.98,0.007226933142171968,0.0845619272383026
84879,ASSORTED COLOUR BIRD ORNAMENT,129681.08,0.006315511343128394,0.09087743858143098
POST,POSTAGE,125682.42,0.006120775283039183,0.09699821386447018
22086,PAPER CHAIN KIT 50'S CHRISTMAS,117884.19,0.005740998911487341,0.1027392127759575
23166,MEDIUM CERAMIC TOP STORAGE JAR,81700.92000000001,0.003978861735297282,0.10671807451125478
79321,CHILLI LIGHTS,80873.23,0.0039385529594635664,0.11065662747071835
22197,POPCORN HOLDER,79552.5,0.0038742329731077316,0.11453086044382609
22386,JUMBO BAG PINK POLKADOT,76385.2,0.0037199844190619865,0.11825084486288807
20725,LUNCH BAG RED RETROSPOT,71396.14,0.00347701555250452,0.1217278604153926
84347,ROTATING SILVER ANGELS T-LIGHT HLDR,71361.6,0.003475333443119006,0.12520319385851159
85099F,JUMBO BAG STRAWBERRY,68091.85,0.0033160955403023877,0.128519289398814
48138,DOORMAT UNION FLAG,67138.19,0.0032696519839448385,0.13178894138275882
23084,RABBIT NIGHT LIGHT,66964.99,0.00326121708685245,0.13505015846961127
20685,DOORMAT RED RETROSPOT,66464.71,0.0032368532859437882,0.13828701175555508
21137,BLACK RECORD COVER FRAME,65223.04,0.0031763835476487164,0.1414633953032038
21843,RED RETROSPOT CAKE STAND,65189.95,0.0031747720537411693,0.14463816735694493
21931,JUMBO STORAGE BAG SUKI,61565.11,0.0029982411508752654,0.14763640850782023
22502,PICNIC BASKET WICKER SMALL,60924.5,0.002967043232709242,0.15060345174052947
21621,VINTAGE UNION JACK BUNTING,60405.04,0.0029417453594782245,0.1535451971000077
22114,HOT WATER BOTTLE TEA AND SYMPATHY,59336.64,0.002889713927298616,0.15643491102730628
85099C,JUMBO BAG BAROQUE BLACK WHITE,59226.87,0.0028843680921148314,0.15931927911942112
22910,PAPER CHAIN KIT VINTAGE CHRISTMAS,58699.9,0.002858704479408272,0.1621779835988294
22112,CHOCOLATE HOT WATER BOTTLE,58095.79,0.0028292841232738434,0.16500726772210325
15056N,EDWARDIAN PARASOL NATURAL,57999.25,0.0028245825934510994,0.16783185031555434
22411,JUMBO SHOPPER VINTAGE RED PAISLEY,57442.86,0.0027974862170467452,0.1706293365326011
82484,WOOD BLACK BOARD ANT WHITE FINISH,56809.03,0.002766618487115632,0.17339595501971672
22470,HEART OF WICKER LARGE,53632.98,0.0026119438051856007,0.1760078988249023
22139,RETROSPOT TEA SET CERAMIC 11 PC,52971.71,0.0025797397382093653,0.1785876385631117
22178,VICTORIAN GLASS HANGING T-LIGHT,52607.72,0.0025620133052263482,0.18114965186833804
20914,SET/5 RED RETROSPOT LID GLASS BOWLS,52588.21,0.0025610631617952137,0.18371071503013325
21212,PACK OF 72 RETROSPOT CAKE CASES,51873.55,0.0025262589842198874,0.18623697401435313
21733,RED HANGING HEART T-LIGHT HOLDER,50461.54,0.0024574936317751763,0.18869446764612832
22090,PAPER BUNTING RETROSPOT,50461.4,0.0024574868137290278,0.19115195445985733
21181,PLEASE ONE PERSON METAL SIGN,50301.94,0.0024497210591657927,0.19360167551902313
22111,SCOTTIE DOG HOT WATER BOTTLE,50017.490000000005,0.002435868250401763,0.1960375437694249
21929,JUMBO BAG PINK VINTAGE PAISLEY,49685.27,0.0024196890268911773,0.19845723279631608
21232,STRAWBERRY CERAMIC TRINKET POT,49400.57,0.002405824043044739,0.20086305683936082
84946,ANTIQUE SILVER T-LIGHT GLASS,49391.65,0.002405389636104415,0.20326844647546521
22189,CREAM HEART CARD HOLDER,49348.340000000004,0.002403280424828022,0.20567172690029326
22469,HEART OF WICKER SMALL,48974.71,0.0023850845206673447,0.2080568114209606
48194,DOORMAT HEARTS,48817.38,0.0023774224978062274,0.2104342339187668
21731,RED TOADSTOOL LED NIGHT LIGHT,48347.189999999995,0.002354524089816214,0.21278875800858305
15056BL,EDWARDIAN PARASOL BLACK,47541.15,0.0023152696761190488,0.21510402768470208
22457,NATURAL SLATE HEART CHALKBOARD,47536.030000000006,0.0023150203304313295,0.21741904801513343
21754,HOME BUILDING BLOCK WORD,46821.94,0.0022802439120438935,0.2196992919271773
48187,DOORMAT NEW ENGLAND,46643.66,0.0022715616172769705,0.22197085354445426
21928,JUMBO BAG SCANDINAVIAN BLUE PAISLEY,46275.06,0.002253610675774346,0.22422446422022863
21523,DOORMAT FANCY FONT HOME SWEET HOME,46114.59,0.002245795733878182,0.2264702599541068
22138,BAKING SET 9 PIECE RETROSPOT,45966.16,0.002238567143950796,0.22870882709805762
20727,LUNCH BAG BLACK SKULL.,45792.22,0.002230096208614479,0.23093892330667207
48185,DOORMAT FAIRY CAKE,45777.19,0.0022293642426600992,0.2331682875493322
21623,VINTAGE UNION JACK MEMOBOARD,45441.979999999996,0.0022130394051639115,0.2353813269544961
22355,CHARLOTTE BAG SUKI DESIGN,45426.01,0.002212261660899677,0.23759358861539576
71477,COLOURED GLASS STAR T-LIGHT HOLDER,44708.15,0.0021773016422695257,0.2397708902576653
22326,ROUND SNACK BOXES SET OF4 WOODLAND,44360.990000000005,0.0021603948358342273,0.24193128509349954
21175,GIN AND TONIC DIET METAL SIGN,43956.48,0.0021406950654944915,0.244071980158994
82494L,WOODEN FRAME ANTIQUE WHITE,43923.26,0.0021390772405440925,0.24621105739953808
84078A,SET/4 WHITE RETRO STORAGE CUBES,43844.96,0.0021352640047338496,0.24834632140427199
22383,LUNCH BAG SUKI DESIGN,43348.4,0.0021110813690514213,0.25045740277332335
84029E,RED WOOLLY HOTTIE WHITE HEART.,43251.79,0.0021063764302056034,0.25256377920352896
23298,SPOTTY BUNTING,43182.83,0.0021030180554741304,0.2546667972590031
21915,RED HARMONICA IN BOX,42787.04,0.002083742952008792,0.2567505402110119
20728,LUNCH BAG CARS BLUE,42354.45,0.0020626756764129694,0.2588132158874249
23203,JUMBO BAG VINTAGE DOILY,42067.78,0.002048714752917155,0.260861930640342
82482,WOODEN PICTURE FRAME WHITE FINISH,41972.85,0.00204409163062512,0.26290602227096715
20713,JUMBO BAG OWLS,40724.25,0.0019832843990456937,0.26488930667001287
22083,PAPER CHAIN KIT RETROSPOT,40535.47,0.0019740907508176268,0.2668633974208305
84997D,CHILDRENS CUTLERY POLKADOT PINK,39932.19,0.0019447108159567938,0.26880810823678725
85066,CREAM SWEETHEART MINI CHEST,38854.979999999996,0.0018922503338731206,0.2707003585706604
20726,LUNCH BAG WOODLAND,38572.74,0.0018785051528375791,0.272578863723498
22960,JAM MAKING SET WITH JARS,38431.11,0.0018716077251516958,0.27445047144864965
82486,3 DRAWER ANTIQUE WHITE WOOD CABINET,38430.03,0.0018715551287956922,0.2763220265774453
22699,ROSES REGENCY TEACUP AND SAUCER,38323.25,0.0018663549075975095,0.2781883814850428
21166,COOK WITH WINE METAL SIGN,38270.81,0.001863801062311569,0.2800521825473544
23284,DOORMAT KEEP CALM AND COME IN,38166.64,0.0018587279489737276,0.28191091049632816
22720,SET OF 3 CAKE TINS PANTRY DESIGN,38158.39,0.0018583261712542577,0.2837692366675824
22629,SPACEBOY LUNCH BOX,38014.0,0.0018512943306585878,0.28562053099824103
20712,JUMBO BAG WOODLAND ANIMALS,37540.32,0.0018282259585181563,0.28744875695675914
21485,RETROSPOT HEART HOT WATER BOTTLE,37334.12,0.0018181839505478877,0.28926694090730704
22727,ALARM CLOCK BAKELIKE RED,36637.52,0.0017842593009257278,0.2910512002082328
22328,ROUND SNACK BOXES SET OF 4 FRUITS,36270.61,0.0017663906629801832,0.29281759087121295
21524,DOORMAT SPOTTY HOME SWEET HOME,36057.55,0.0017560145707486339,0.2945736054419616
20724,RED RETROSPOT CHARLOTTE BAG,35227.61,0.001715596219173246,0.2962892016611348
21755,LOVE BUILDING BLOCK WORD,35121.62,0.0017104344712354732,0.2979996361323703
22379,RECYCLING BAG RETROSPOT,34684.94,0.0016891680112914528,0.2996888041436617
84997B,CHILDRENS CUTLERY RETROSPOT RED,34525.57,0.0016814066397578843,0.30137021078341963
22382,LUNCH BAG SPACEBOY DESIGN,34189.12,0.0016650214138529526,0.3030352321972726
22384,LUNCH BAG PINK POLKADOT,34167.99,0.0016639923758878128,0.3046992245731604
22666,RECIPE BOX PANTRY YELLOW DESIGN,33747.520000000004,0.0016435153482871393,0.30634273992144756
22630,DOLLY GIRL LUNCH BOX,33437.38,0.0016284114280548441,0.30797115134950237
15036,ASSORTED COLOURS SILK FAN,32967.03,0.0016055052280120898,0.3095766565775145
84997C,CHILDRENS CUTLERY POLKADOT BLUE,32789.51,0.0015968599454956878,0.3111735165230102
22726,ALARM CLOCK BAKELIKE GREEN,32680.57,0.001591554531585498,0.31276507105459567
22385,JUMBO BAG SPACEBOY DESIGN,32447.67,0.0015802122248140353,0.3143452832794097
22865,HAND WARMER OWL DESIGN,31594.540000000005,0.0015386645125944648,0.3158839477920042
22077,6 RIBBONS RUSTIC CHARM,31584.659999999996,0.0015381833533376931,0.31742213114534185
85152,HAND OVER THE CHOCOLATE SIGN,31571.9,0.0015375619371315798,0.31895969308247346
48184,DOORMAT ENGLISH ROSE,31194.96,0.0015192048348798184,0.3204788979173533
23245,SET OF 3 REGENCY CAKE TINS,31177.95,0.0015183764422727658,0.321997274359626
21479,WHITE SKULL HOT WATER BOTTLE,31137.05,0.001516384598790787,0.3235136589584168
85014B,RED RETROSPOT UMBRELLA,30812.280000000002,0.0015005681927359655,0.32501422715115275
22697,GREEN REGENCY TEACUP AND SAUCER,30528.300000000003,0.001486738273126863,0.32650096542427964
23199,JUMBO BAG APPLES,30475.65,0.0014841742007716998,0.3279851396250513
22501,PICNIC BASKET WICKER LARGE,30399.059999999998,0.0014804442425251287,0.3294655838675765
20679,EDWARDIAN PARASOL RED,30038.82,0.0014629004357782343,0.3309284843033547
21217,RED RETROSPOT ROUND CAKE TINS,29858.789999999997,0.0014541329154344538,0.33238261721878914
84029G,KNITTED UNION FLAG HOT WATER BOTTLE,29661.23,0.0014445116783122118,0.33382712889710137
22659,LUNCH BOX I LOVE LONDON,29610.61,0.0014420464676262032,0.33526917536472756
22158,3 HEARTS HANGING DECORATION RUSTIC,29475.58,0.0014354704621158958,0.33670464582684345
22622,BOX OF VINTAGE ALPHABET BLOCKS,29470.01,0.0014351992012798414,0.3381398450281233
47590B,PINK HAPPY BIRTHDAY BUNTING,29418.36,0.001432683829254311,0.3395725288573776
82483,WOOD 2 DRAWER CABINET WHITE FINISH,29202.82,0.0014221869602052723,0.3409947158175829
23355,HOT WATER BOTTLE KEEP CALM,28842.550000000003,0.0014046416924484888,0.34239935751003137
48188,DOORMAT WELCOME PUPPIES,28662.03,0.0013958503089431884,0.3437952078189746
20971,PINK BLUE FELT CRAFT TRINKET BOX,28642.22,0.001394885555413164,0.3451900933743877
84978,HANGING HEART JAR T-LIGHT HOLDER,28580.96,0.001391902173219863,0.3465819955476076
22866,HAND WARMER SCOTTY DOG DESIGN,28357.170000000002,0.0013810035264513545,0.347962999074059
22467,GUMBALL COAT RACK,28278.78,0.0013771859076114447,0.3493401849816704
22752,SET 7 BABUSHKA NESTING BOXES,28207.45,0.0013737121130987422,0.35071389709476913
21977,PACK OF 60 PINK PAISLEY CAKE CASES,28159.08,0.0013713564781544071,0.3520852535729236
82583,HOT BATHS METAL SIGN,28128.99,0.0013698910852357582,0.3534551446581593
22188,BLACK HEART CARD HOLDER,28115.98,0.0013692574939472362,0.35482440215210653
23201,JUMBO BAG ALPHABET,27890.170000000002,0.0013582604725128698,0.3561826626246194
22492,MINI PAINT SET VINTAGE,27864.390000000003,0.0013570049780149381,0.35753966760263434
20719,WOODLAND CHARLOTTE BAG,27634.97,0.001345832148390597,0.35888549975102496
22624,IVORY KITCHEN SCALES,27500.33,0.0013392751360088463,0.3602247748870338
21930,JUMBO STORAGE BAG SKULLS,27402.79,0.0013345249058564698,0.36155929979289025
72741,GRAND CHOCOLATECANDLE,27333.71,0.001331160687085441,0.36289046047997575
22835,HOT WATER BOTTLE I AM SO POORLY,27282.190000000002,0.0013286516461027628,0.36421911212607844
84991,60 TEATIME FAIRY CAKE CASES,27123.510000000002,0.0013209238777966413,0.3655400360038751
22961,JAM MAKING SET PRINTED,26911.629999999997,0.0013106052519540582,0.36685064125582917
20750,RED RETROSPOT MINI CASES,26906.379999999997,0.0013103495752234864,0.3681609908310527
71459,HANGING JAM JAR T-LIGHT HOLDERS,26840.79,0.0013071553206028758,0.3694681461516556
22734,SET OF 6 RIBBONS VINTAGE CHRISTMAS,26785.51,0.0013044631663807784,0.3707726093180363
22149,check,26286.170000000002,0.0012801451437819712,0.3720527544618183
22867,HAND WARMER BIRD DESIGN,26168.030000000002,0.0012743916868391606,0.3733271461486575
48111,DOORMAT 3 SMILEY CATS,26030.42,0.0012676900344784005,0.3745948361831359
22551,PLASTERS IN TIN SPACEBOY,25973.92,0.0012649384658541512,0.37585977464899
47566B,TEA TIME PARTY BUNTING,25836.940000000002,0.00125826749470106,0.37711804214369105
82600,N0 SINGING METAL SIGN,25780.29,0.0012555086210273658,0.3783735507647184
20711,JUMBO BAG TOYS,25723.03,0.0012527200401525956,0.379626270804871
21481,FAWN BLUE HOT WATER BOTTLE,25677.25,0.0012504905390620094,0.380876761343933
22507,MEMO BOARD RETROSPOT DESIGN,25603.46,0.0012468969417384103,0.3821236582856714
37503,TEA TIME CAKE STAND IN GIFT BOX,25471.329999999998,0.0012404621671840376,0.38336412045285545
22087,PAPER BUNTING WHITE LACE,25445.15,0.0012391871925542528,0.38460330764540973
21080,SET/20 RED RETROSPOT PAPER NAPKINS,25435.629999999997,0.0012387235654161492,0.3858420312108259
21108,FAIRY CAKE FLANNEL ASSORTED COLOUR,25435.57,0.0012387206433963711,0.38708075185422225
84755,COLOUR GLASS T-LIGHT HOLDER HANGING,25293.530000000002,0.0012318032485753385,0.3883125551027976
22084,PAPER CHAIN KIT EMPIRE,25190.11,0.0012267666604847214,0.3895393217632823
21527,RED RETROSPOT TRADITIONAL TEAPOT,25087.72,0.0012217802337336262,0.3907611019970159
23173,REGENCY TEAPOT ROSES,24918.93,0.0012135601050949178,0.39197466210211085
20972,PINK CREAM FELT CRAFT TRINKET BOX,24856.56,0.0012105226655357245,0.3931851847676466
21314,SMALL GLASS HEART TRINKET POT,24664.49,0.001201168793223166,0.3943863535608697
84836,ZINC METAL HEART DECORATION,24531.83,0.0011947082074940882,0.39558106176836383
84077,WORLD WAR 2 GLIDERS ASSTD DESIGNS,24507.53,0.0011935247894840127,0.3967745865578478
22722,SET OF 6 SPICE TINS PANTRY DESIGN,24507.36,0.0011935165104279752,0.39796810306827585
22698,PINK REGENCY TEACUP AND SAUCER,24486.72,0.0011925113356243556,0.39916061440390016
22728,ALARM CLOCK BAKELIKE PINK,24306.06,0.0011837131340729067,0.40034432753797305
21231,SWEETHEART CERAMIC TRINKET BOX,24247.61,0.0011808665998058736,0.40152519413777893
47590A,BLUE HAPPY BIRTHDAY BUNTING,24190.36,0.0011780785059344,0.40270327264371336
22171,3 HOOK PHOTO SHELF ANTIQUE WHITE,23877.760000000002,0.0011628547828912087,0.40386612742660455
23344,JUMBO BAG 50'S CHRISTMAS,23815.75,0.001159834875450683,0.40502596230205523
21955,DOORMAT UNION JACK GUNS AND ROSES,23809.22,0.0011595168622981814,0.40618547916435344
21790,VINTAGE SNAP CARDS,23538.469999999998,0.0011463312480501195,0.40733181041240357
23243,SET OF TEA COFFEE SUGAR TINS PANTRY,23514.170000000002,0.0011451478300400445,0.4084769582424436
22605,WOODEN CROQUET GARDEN SET,23439.57,0.0011415147854494426,0.409618473027893
48173C,DOORMAT BLACK FLOCK,23172.35,0.0011285010833649847,0.410746974111258
22625,RED KITCHEN SCALES,23105.350000000002,0.0011252381612795919,0.4118722122725376
84406B,CREAM CUPID HEARTS COAT HANGER,23084.28,0.0011242120453342302,0.41299642431787187
22607,WOODEN ROUNDERS GARDEN SET,23015.79,0.0011208765597576845,0.4141173008776295
21791,VINTAGE HEADS AND TAILS CARD GAME,22924.85,0.001116447751780884,0.4152337486294104
22554,PLASTERS IN TIN WOODLAND ANIMALS,22903.219999999998,0.001115394363650928,0.4163491429930613
21936,RED RETROSPOT PICNIC BAG,22770.809999999998,0.0011089459530042583,0.4174580889460656
22556,PLASTERS IN TIN CIRCUS PARADE,22376.98,0.0010897663021850004,0.4185478552482506
37449,CERAMIC CAKE STAND + HANGING CAKES,22363.149999999998,0.0010890927766261797,0.41963694802487683
20749,ASSORTED COLOUR MINI CASES,22200.96,0.0010811940701630474,0.4207181420950398
22113,GREY HEART HOT WATER BOTTLE,22163.73,0.0010793809568908207,0.42179752305193063
22585,PACK OF 6 BIRDY GIFT TAGS,22022.3,0.0010724932692708637,0.42287001632120147
84970S,HANGING HEART ZINC T-LIGHT HOLDER,21869.059999999998,0.0010650304307579443,0.4239350467519594
23202,JUMBO BAG VINTAGE LEAF,21852.81,0.0010642390504014125,0.42499928580236085
22499,WOODEN UNION JACK BUNTING,21838.420000000002,0.0010635382526579975,0.4260628240550189
85014A,BLACK/BLUE POLKADOT UMBRELLA,21827.33,0.0010629981660023706,0.42712582222102125
22941,CHRISTMAS LIGHTS 10 REINDEER,21753.08,0.0010593821665271404,0.42818520438754837
21210,SET OF 72 RETROSPOT PAPER DOILIES,21735.89,0.0010585450078607536,0.4292437493954091
22456,NATURAL SLATE CHALKBOARD LARGE,21607.95,0.0010523142876875423,0.4302960636830967
22969,HOMEMADE JAM SCENTED CANDLES,21519.39,0.0010480013864952677,0.431344065069592
21213,PACK OF 72 SKULL CAKE CASES,21463.86,0.0010452970571907623,0.4323893621267827
21258,VICTORIAN SEWING BOX LARGE,21450.309999999998,0.0010446371677242387,0.433433999294507
23209,LUNCH BAG VINTAGE DOILY,21450.17,0.00104463034967809,0.43447862964418504
85048,15CM CHRISTMAS GLASS BALL 20 LIGHTS,21248.83,0.0010348250253098365,0.43551345466949487
22570,UNKNOWN,20934.85,0.0010195340958117519,0.4365329887653066
22424,ENAMEL BREAD BIN CREAM,20925.14,0.0010190612156110181,0.43755204998091757
23206,LUNCH BAG APPLE DESIGN,20911.98,0.0010184203192730513,0.43857047030019064
22294,HEART FILIGREE DOVE SMALL,20883.13,0.0010170153147631472,0.43958748561495387
22356,CHARLOTTE BAG PINK POLKADOT,20881.25,0.0010169237581434377,0.4406044093730973
21218,RED SPOTTY BISCUIT TIN,20822.81,0.001014077710879701,0.441618487083977
48116,DOORMAT MULTICOLOUR STRIPE,20728.07,0.001009463841650296,0.44262795092562723
22632,HAND WARMER RED RETROSPOT,20586.530000000002,0.0010025707969940796,0.44363052172262135
22617,BAKING SET SPACEBOY DESIGN,20571.74,0.0010018505191188114,0.4446323722417402
22693,GROW A FLYTRAP OR SUNFLOWER IN TIN,20469.08,0.0009968509432787154,0.4456292231850189
AMAZONFEE,AMAZON FEE,20467.8,0.0009967886068567855,0.44662601179187567
20723,STRAWBERRY CHARLOTTE BAG,20438.45,0.0009953592521820649,0.44762137104405775
21559,STRAWBERRY LUNCH BOX WITH CUTLERY,20416.93,0.0009943112210883686,0.4486156822651461
22568,FELTCRAFT CUSHION OWL,20274.97,0.0009873977222937063,0.44960307998743976
85150,LADIES & GENTLEMEN METAL SIGN,20255.57,0.0009864529358988312,0.4505895329233386
21216,"SET 3 RETROSPOT TEA,COFFEE,SUGAR",20213.55,0.0009844065480476638,0.4515739394713863
22273,FELTCRAFT DOLL MOLLY,20192.29,0.0009833711790396722,0.4525573106504259
22569,FELTCRAFT CUSHION BUTTERFLY,20145.68,0.0009811012566754906,0.4535384119071014
21622,VINTAGE UNION JACK CUSHION COVER,20021.09,0.0009750336826065488,0.454513445589708
22900,SET 2 TEA TOWELS I LOVE LONDON,19906.94,0.0009694745399789727,0.455482920129687
22413,METAL SIGN TAKE IT OR LEAVE IT,19757.74,0.0009622084507977695,0.45644512858048475
48129,DOORMAT TOPIARY,19646.08,0.0009567705719909789,0.45740189915247575
22381,TOY TIDY PINK POLKADOT,19634.24,0.0009561939600881274,0.45835809311256387
21174,POTTERING IN THE SHED METAL SIGN,19619.42,0.0009554722212029702,0.4593135653337669
22558,CLOTHES PEGS RETROSPOT PACK 24,19539.59,0.0009515844738883895,0.46026514980765526
22561,WOODEN SCHOOL COLOURING SET,19534.17,0.00095132051810178,0.461216470325757
22169,FAMILY ALBUM WHITE PICTURE FRAME,19533.1,0.0009512684087490729,0.46216773873450606
84997A,CHILDRENS CUTLERY POLKADOT GREEN,19411.95,0.0009453683638140679,0.4631131070983201
21340,CLASSIC METAL BIRDCAGE PLANT HOLDER,19337.48,0.0009417416502663184,0.46405484874858643
22427,ENAMEL FLOWER JUG CREAM,19326.83,0.00094122299175573,0.4649960717403422
22952,60 CAKE CASES VINTAGE CHRISTMAS,19275.8,0.0009387378139345716,0.4659348095542768
21908,CHOCOLATE THIS WAY METAL SIGN,19180.58,0.0009341005685469432,0.4668689101228237
22061,LARGE CAKE STAND HANGING STRAWBERY,19161.17,0.0009331552951487718,0.4678020654179725
84949,SILVER HANGING T-LIGHT HOLDER,19104.899999999998,0.0009304149276003381,0.46873248034557274
71053,WHITE MOROCCAN METAL LANTERN,18970.52,0.000923870577304292,0.4696563509228771
84947,ANTIQUE SILVER TEA GLASS ENGRAVED,18911.670000000002,0.0009210045629054059,0.47057735548578256
22555,PLASTERS IN TIN STRONGMAN,18718.269999999997,0.0009115859191544357,0.47148894140493697
21035,SET/2 RED RETROSPOT TEA TOWELS,18681.38,0.0009097893639942845,0.4723987307689312
22041,"RECORD FRAME 7"" SINGLE SIZE",18650.87,0.0009083035169371898,0.4733070342858684
21121,SET/10 RED POLKADOT PARTY CANDLES,18490.2,0.0009004788349750992,0.47420751312084347
22847,BREAD BIN DINER STYLE IVORY,18352.739999999998,0.000893784487663784,0.4751012976085073
21484,CHICK GREY HOT WATER BOTTLE,18327.79,0.0008925694144394476,0.47599386702294677
21430,SET/3 RED GINGHAM ROSE STORAGE BOX,18082.47,0.0008806222495739463,0.4768744892725207
22505,MEMO BOARD COTTAGE DESIGN,18074.23,0.0008802209588577726,0.47775471023137844
79323W,"Unsaleable, destroyed.",18048.72,0.0008789786134488417,0.4786336888448273
22147,FELTCRAFT BUTTERFLY HEARTS,17955.93,0.0008744597098622207,0.47950814855468954
22560,TRADITIONAL MODELLING CLAY,17904.21,0.0008719409288136158,0.4803800894835031
22352,LUNCH BOX WITH CUTLERY RETROSPOT,17879.16,0.000870720985556316,0.48125081046905943
22297,HEART IVORY TRELLIS SMALL,17840.12,0.0008688197246874542,0.48211963019374693
84945,MULTI COLOUR SILVER T-LIGHT HOLDER,17767.96,0.0008653055089011565,0.48298493570264805
21914,BLUE HARMONICA IN BOX,17729.11,0.0008634135010949249,0.48384834920374303
22633,HAND WARMER UNION JACK,17664.870000000003,0.0008602849919193185,0.4847086341956623
22776,SWEETHEART 3 TIER CAKE STAND,17540.41,0.0008542237488932288,0.48556285794455556
21136,PAINTED METAL PEARS ASSORTED,17515.67,0.000853018902738115,0.48641587684729365
84467,ENGLISH ROSE DESIGN QUILTED THROW,17477.66,0.000851167803208775,0.4872670446505024
20718,RED RETROSPOT SHOPPER BAG,17467.35,0.0008506657028102615,0.4881177103533127
47591D,PINK FAIRY CAKE CHILDRENS APRON,17455.94,0.0008501100320491521,0.4889678203853618
22557,PLASTERS IN TIN VINTAGE PAISLEY,17437.6,0.0008492168680036878,0.48981703725336556
84992,72 SWEETHEART FAIRY CAKE CASES,17404.8,0.0008476194971917343,0.49066465675055726
22366,DOORMAT AIRMAIL,17264.77,0.0008407999900332632,0.4915054567405905
84970L,SINGLE HEART ZINC T-LIGHT HOLDER,17249.539999999997,0.0008400582840129566,0.4923455150246035
21889,WOODEN BOX OF DOMINOES,17119.41,0.0008337209101178496,0.49317923593472135
23240,SET OF 4 KNICK KNACK TINS DOILY,17037.52,0.0008297328401242254,0.49400896877484557
21156,RETROSPOT CHILDRENS APRON,17017.88,0.0008287763656502386,0.49483774514049583
22654,DELUXE SEWING KIT,17006.97,0.0008282450450539455,0.49566599018554974
21535,RED RETROSPOT SMALL MILK JUG,16921.149999999998,0.0008240655827648645,0.4964900557683146
22652,TRAVEL SEWING KIT,16822.1,0.0008192418151147427,0.49730929758342934
21533,RETROSPOT LARGE MILK JUG,16793.07,0.0008178280445455046,0.49812712562797484
21164,HOME SWEET HOME METAL SIGN,16679.510000000002,0.0008122976351124119,0.49893942326308727
72760B,VINTAGE CREAM 3 BASKET CAKE STAND,16634.41,0.0008101012502459757,0.4997495245133332
22993,SET OF 4 PANTRY JELLY MOULDS,16507.23,0.0008039075423232851,0.5005534320556565
22837,UNKNOWN,16487.73,0.0008029578858954468,0.501356389941552
22487,WHITE WOOD GARDEN PLANT LADDER,16393.6,0.000798373723867118,0.5021547636654191
21155,RED RETROSPOT PEG BAG,16360.79,0.0007967758660518682,0.502951539531471
23301,GARDENERS KNEELING PAD KEEP CALM,16357.05,0.0007965937268190418,0.50374813325829
22191,IVORY DINER WALL CLOCK,16284.050000000001,0.0007930386027558525,0.5045411718610459
22662,LUNCH BAG DOLLY GIRL DESIGN,16266.41,0.0007921795289411312,0.5053333513899869
22296,HEART IVORY TRELLIS LARGE,16222.259999999998,0.000790029409387846,0.5061233807993749
22193,RED DINER WALL CLOCK,16177.480000000001,0.0007878486086268925,0.5069112294080017
22634,CHILDS BREAKFAST SET SPACEBOY,16036.099999999999,0.0007809633560234171,0.5076921927640252
21877,HOME SWEET HOME MUG,15996.8,0.0007790494330688508,0.5084712421970939
22692,DOORMAT WELCOME TO OUR HOME,15982.45,0.0007783505833386212,0.5092495927804327
35004C,UNKNOWN,15896.18,0.0007741492059012056,0.5100237419863338
22759,check,15894.609999999999,0.0007740727463836822,0.5107978147327175
22690,DOORMAT HOME SWEET HOME BLUE,15859.74,0.000772374565889389,0.5115701892986069
22635,CHILDS BREAKFAST SET DOLLY GIRL,15834.81,0.000771160466671645,0.5123413497652786
23313,VINTAGE CHRISTMAS BUNTING,15833.31,0.0007710874161771958,0.5131124371814557
22367,CHILDRENS APRON SPACEBOY DESIGN,15811.82,0.0007700408460933885,0.513882478027549
84375,SET OF 20 KIDS COOKIE CUTTERS,15794.28,0.0007691866423116305,0.5146516646698608
22170,PICTURE FRAME WOOD TRIPLE PORTRAIT,15753.27,0.0007671894417933923,0.5154188541116541
22619,SET OF 6 SOLDIER SKITTLES,15668.84,0.0007630776729625009,0.5161819317846167
22333,RETROSPOT PARTY BAG + STICKER SET,15651.199999999999,0.0007622185991477794,0.5169441503837644
21891,TRADITIONAL WOODEN SKIPPING ROPE,15588.9,0.0007591845686116605,0.5177033349523761
22749,FELTCRAFT PRINCESS CHARLOTTE DOLL,15429.35,0.0007514144310187584,0.5184547493833949
22173,METAL 4 HOOK HANGER FRENCH CHATEAU,15426.650000000001,0.0007512829401287501,0.5192060323235236
84378,SET OF 3 HEART COOKIE CUTTERS,15417.19,0.0007508222350104245,0.519956854558534
21844,RED RETROSPOT MUG,15367.79,0.0007484164387265676,0.5207052709972606
22940,FELTCRAFT CHRISTMAS FAIRY,15363.56,0.0007482104363322211,0.5214534814335928
85232B,UNKNOWN,15357.28,0.0007479045982621276,0.522201386031855
21094,SET/6 RED SPOTTY PAPER PLATES,15334.88,0.0007468137108783544,0.5229481997427332
22365,DOORMAT RESPECTABLE HOUSE,15304.79,0.0007453483179597056,0.523693548060693
22909,SET OF 20 VINTAGE CHRISTMAS NAPKINS,15294.519999999999,0.0007448481655743773,0.5244383962262673
21975,PACK OF 60 DINOSAUR CAKE CASES,15288.32,0.0007445462235306545,0.525182942449798
21165,BEWARE OF THE CAT METAL SIGN,15175.83,0.0007390679234502688,0.5259220103732483
35970,ZINC FOLKART SLEIGH BELLS,15152.01,0.0007379078815984172,0.5266599182548467
82582,AREA PATROLLED METAL SIGN,15146.680000000002,0.0007376483088414748,0.5273975665636882
22946,WOODEN ADVENT CALENDAR CREAM,15094.47,0.0007351056646313499,0.5281326722283195
21122,SET/10 PINK POLKADOT PARTY CANDLES,15018.53,0.0007314073615990404,0.5288640795899185
22606,WOODEN SKITTLES GARDEN SET,14977.64,0.000729416005120358,0.529593495595039
22730,ALARM CLOCK BAKELIKE IVORY,14893.52,0.0007253193333916528,0.5303188149284306
21770,OPEN CLOSED METAL SIGN,14832.050000000001,0.000722325724129129,0.5310411406525597
17003,BROCADE RING PURSE,14776.86,0.0007196379529366986,0.5317607786054964
21912,VINTAGE SNAKES & LADDERS,14685.08,0.0007151682366830066,0.5324759468421794
22485,SET OF 2 WOODEN MARKET CRATES,14677.84,0.0007148156462964657,0.5331907624884759
21380,WOODEN HAPPY BIRTHDAY GARLAND,14622.820000000002,0.000712136154160073,0.533902898642636
84050,check,14549.75,0.0007085776210738093,0.5346114762637098
22150,3 STRIPEY MICE FELTCRAFT,14527.5,0.000707494038739481,0.5353189703024492
21672,WHITE SPOT RED CERAMIC DRAWER KNOB,14461.03,0.0007042569278287936,0.5360232272302781
22179,SET 10 NIGHT OWL LIGHTS,14425.36,0.0007025197870707941,0.5367257470173489
21169,YOU'RE CONFUSING ME METAL SIGN,14291.34,0.0006959929688934157,0.5374217399862423
20748,KENSINGTON COFFEE SET,14266.980000000001,0.0006948066288635624,0.5381165466151059
23200,JUMBO BAG PEARS,14197.28,0.0006914122158881612,0.538807958830994
22295,HEART FILIGREE DOVE LARGE,14190.339999999998,0.0006910742356005099,0.5394990330665945
22804,PINK HANGING HEART T-LIGHT HOLDER,14123.0,0.0006877947554030419,0.5401868278219976
84380,SET OF 3 BUTTERFLY COOKIE CUTTERS,14085.49,0.0006859680060385182,0.540872795828036
22627,MINT KITCHEN SCALES,14076.300000000001,0.0006855204500091935,0.5415583162780452
35400,WOODEN BOX ADVENT CALENDAR,14070.699999999999,0.0006852477281632501,0.5422435640062085
21257,VICTORIAN SEWING BOX MEDIUM,14040.03,0.0006837540890534143,0.5429273180952618
21668,RED STRIPE CERAMIC DRAWER KNOB,14004.92,0.0006820442204800092,0.5436093623157419
22271,FELTCRAFT DOLL ROSIE,13983.68,0.00068100982547861,0.5442903721412204
23343,JUMBO BAG VINTAGE CHRISTMAS,13978.95,0.0006807794729194473,0.54497115161414
22236,CAKE STAND 3 TIER MAGIC GARDEN,13978.269999999999,0.0006807463566952969,0.5456518979708352
21669,BLUE STRIPE CERAMIC DRAWER KNOB,13960.28,0.0006798702377652042,0.5463317682086004
21259,VICTORIAN SEWING BOX SMALL,13951.02,0.000679419272712805,0.5470111874813133
21888,BINGO SET,13880.92,0.0006760053796055507,0.5476871928609188
22444,GROW YOUR OWN PLANT IN A CAN,13860.35,0.0006750036138250054,0.5483621964747438
22621,TRADITIONAL KNITTING NANCY,13800.669999999998,0.0006720971781525241,0.5490342936528964
79323P,"Unsaleable, destroyed.",13787.93,0.0006714767359530032,0.5497057703888494
22109,FULL ENGLISH BREAKFAST PLATE,13768.86,0.0006705480206669071,0.5503763184095163
23077,DOUGHNUT LIP GLOSS,13720.77,0.0006682060218148691,0.5510445244313311
21871,SAVE THE PLANET MUG,13710.29,0.0006676956423603181,0.5517122200736915
47556B,TEA TIME TEA TOWELS,13693.97,0.0006669008529807119,0.5523791209266722
22667,RECIPE BOX RETROSPOT,13654.2,0.0006649640408712183,0.5530440849675434
21539,RED RETROSPOT BUTTER DISH,13635.79,0.0006640674678026797,0.5537081524353461
21390,FILIGRIS HEART WITH BUTTERFLY,13625.47,0.0006635648804008699,0.5543717173157469
22636,CHILDS BREAKFAST SET CIRCUS PARADE,13496.53,0.0006572854598980258,0.555029002775645
23356,LOVE HOT WATER BOTTLE,13494.970000000001,0.0006572094873837988,0.5556862122630287
C2,CARRIAGE,13426.0,0.0006538506256490293,0.5563400628886778
23207,LUNCH BAG ALPHABET DESIGN,13360.2,0.0006506461439591958,0.556990709032637
21673,WHITE SPOT BLUE CERAMIC DRAWER KNOB,13332.94,0.0006493185729734075,0.5576400276056104
22584,PACK OF 6 PANETTONE GIFT BOXES,13331.13,0.0006492304253767722,0.5582892580309872
22207,FRYING PAN UNION FLAG,13307.07,0.0006480586954458088,0.558937316726433
23108,SET OF 10 LED DOLLY LIGHTS,13303.019999999999,0.0006478614591107962,0.5595851781855438
21098,CHRISTMAS TOILET ROLL,13298.93,0.0006476622747625983,0.5602328404603064
23328,SET 6 SCHOOL MILK BOTTLES IN CRATE,13284.49,0.0006469590420027017,0.5608797995023092
22580,ADVENT CALENDAR GINGHAM SACK,13283.880000000001,0.0006469293348016258,0.5615267288371106
22846,BREAD BIN DINER STYLE RED,13281.769999999999,0.0006468265771061006,0.5621735554142168
22838,3 TIER CAKE TIN RED AND CREAM,13280.66,0.0006467725197402083,0.562820327933957
21704,BAG 250g SWIRLY MARBLES,13239.41,0.0006447636311428583,0.5634650915650998
15044A,PINK PAPER PARASOL,13228.55,0.0006442347455630468,0.5641093263106629
75049L,LARGE CIRCULAR MIRROR MOBILE,13183.8,0.0006420554058119821,0.5647513817164749
20676,RED RETROSPOT BOWL,13173.2,0.0006415391823178753,0.5653929208987928
22464,HANGING METAL HEART LANTERN,13132.949999999999,0.0006395789940501579,0.5660324998928429
22553,PLASTERS IN TIN SKULLS,13131.949999999999,0.000639530293720525,0.5666720301865634
21935,SUKI SHOULDER BAG,13103.21,0.0006381306462468804,0.5673101608328103
22088,UNKNOWN,13082.78,0.0006371356985124838,0.5679472965313228
22766,PHOTO FRAME CORNICE,12979.300000000001,0.000632096188402089,0.5685793927197249
84988,SET OF 72 PINK HEART PAPER DOILIES,12929.189999999999,0.0006296558148841928,0.5692090485346091
21906,PHARMACIE FIRST AID TIN,12919.960000000001,0.0006292063108416828,0.5698382548454508
22655,VINTAGE RED KITCHEN CABINET,12845.0,0.0006255557341324134,0.5704638105795832
22198,LARGE POPCORN HOLDER,12782.71,0.0006225221905995906,0.5710863327701827
22646,CERAMIC STRAWBERRY CAKE MONEY BANK,12735.91,0.0006202430151727789,0.5717065757853556
22303,COFFEE MUG APPLES DESIGN,12734.78,0.0006201879838002939,0.5723267637691559
22947,UNKNOWN,12704.15,0.0006186962927036433,0.5729454600618595
22616,PACK OF 12 LONDON TISSUES,12476.99,0.0006076335258242725,0.5735530935876837
22623,BOX OF VINTAGE JIGSAW BLOCKS,12454.08,0.0006065178012723867,0.5741596113889561
62018,SOMBRERO,12450.85,0.0006063604992076729,0.5747659718881639
22144,CHRISTMAS CRAFT LITTLE FRIENDS,12411.87,0.0006044621603585892,0.5753704340485224
21671,RED SPOT CERAMIC DRAWER KNOB,12386.82,0.0006032422171012892,0.5759736762656237
22082,RIBBON REEL STRIPES DESIGN,12353.75,0.0006016316972003348,0.5765753079628241
23174,REGENCY SUGAR BOWL GREEN,12350.73,0.000601484622204844,0.577176792585029
22631,CIRCUS PARADE LUNCH BOX,12255.5,0.0005968468898139192,0.5777736394748428
15056P,EDWARDIAN PARASOL PINK,12246.77,0.0005964217359362255,0.578370061210779
85042,ANTIQUE LILY FAIRY LIGHTS,12239.51,0.0005960681715430919,0.5789661293823222
22301,COFFEE MUG CAT + BIRD DESIGN,12231.88,0.0005956965880279941,0.5795618259703501
21124,SET/10 BLUE POLKADOT PARTY CANDLES,12184.04,0.0005933667642583643,0.5801551927346085
21670,BLUE SPOT CERAMIC DRAWER KNOB,12170.45,0.0005927049267786556,0.5807478976613871
22192,BLUE DINER WALL CLOCK,12121.800000000001,0.0005903356557420233,0.5813382333171292
20969,RED FLORAL FELTCRAFT SHOULDER BAG,12081.52,0.0005883740064644169,0.5819266073235936
21937,STRAWBERRY PICNIC BAG,12065.369999999999,0.0005875874961408482,0.5825141948197344
84212,"ASSORTED FLOWER COLOUR ""LEIS""",11965.39,0.000582718437184168,0.5830969132569186
21787,RAIN PONCHO RETROSPOT,11932.88,0.0005811351894678079,0.5836780484463864
21242,RED RETROSPOT PLATE,11922.8,0.0005806442901451099,0.5842586927365315
22729,ALARM CLOCK BAKELIKE ORANGE,11882.75,0.0005786938419433191,0.5848373865784748
22243,5 HOOK HANGER RED MAGIC TOADSTOOL,11871.8,0.0005781605733338408,0.5854155471518087
84987,SET OF 36 TEATIME PAPER DOILIES,11868.5,0.0005779998622460527,0.5859935470140547
20975,12 PENCILS SMALL TUBE RED RETROSPOT,11859.76,0.0005775742213650628,0.5865711212354198
22791,T-LIGHT GLASS FLUTED ANTIQUE,11838.69,0.0005765481054197011,0.5871476693408395
23300,GARDENERS KNEELING PAD CUP OF TEA,11815.689999999999,0.0005754279978381483,0.5877230973386777
22488,NATURAL SLATE RECTANGLE CHALKBOARD,11793.009999999998,0.0005743234743620779,0.5882974208130397
22750,FELTCRAFT PRINCESS LOLA DOLL,11780.1,0.0005736947531065194,0.5888711155661462
21428,SET3 BOOK BOX GREEN GINGHAM FLOWER,11779.93,0.0005736864740504819,0.5894448020401967
47567B,TEA TIME KITCHEN APRON,11748.720000000001,0.0005721665367626445,0.5900169685769594
22943,CHRISTMAS LIGHTS 10 VINTAGE BAUBLES,11726.34,0.0005710766233854639,0.5905880452003448
21154,RED RETROSPOT OVEN GLOVE,11701.2,0.0005698522970984971,0.5911578974974433
21326,AGED GLASS SILVER T-LIGHT HOLDER,11679.66,0.000568803291998208,0.5917267007894415
22151,PLACE SETTING WHITE HEART,11671.35,0.0005683985922589601,0.5922950993817006
22844,VINTAGE CREAM DOG FOOD CONTAINER,11627.28,0.0005662523687320457,0.5928613517504325
22649,STRAWBERRY FAIRY CAKE TEAPOT,11616.03,0.0005657044900236775,0.5934270562404562
23581,JUMBO BAG PAISLEY PARK,11613.03,0.0005655583890347793,0.593992614629491
21260,FIRST AID TIN,11609.93,0.0005654074180129179,0.594558022047504
22508,DOORSTOP RETROSPOT HEART,11599.45,0.0005648970385583669,0.5951229190860623
22468,BABUSHKA LIGHTS STRING OF 10,11549.35,0.000562457152043767,0.595685376238106
22637,PIGGY BANK RETROSPOT,11523.42,0.0005611943524963904,0.5962465705906024
22663,JUMBO BAG DOLLY GIRL DESIGN,11469.32,0.0005585596646632597,0.5968051302552657
22950,36 DOILIES VINTAGE CHRISTMAS,11454.09,0.0005578179586429533,0.5973629482139086
22740,adjustment,11436.109999999999,0.0005569423267161567,0.5979198905406249
21172,PARTY METAL SIGN,11411.16,0.0005557272534918201,0.5984756177941166
21429,RED GINGHAM ROSE JEWELLERY BOX,11384.699999999999,0.000554438642769738,0.5990300564368863
22834,HAND WARMER BABUSHKA DESIGN,11329.03,0.0005517274954190841,0.5995817839323054
22988,SOLDIERS EGG CUP,11318.45,0.0005512122459315698,0.600132996178237
22968,ROSE COTTAGE KEEPSAKE BOX,11234.57,0.0005471272622819764,0.600680123440519
21922,UNION STRIPE WITH FRINGE HAMMOCK,11223.03,0.0005465652604780147,0.601226688700997
22795,SWEETHEART RECIPE BOOK STAND,11209.56,0.0005459092670378618,0.601772597968035
72351B,SET/6 PINK BUTTERFLY T-LIGHTS,11195.390000000001,0.0005452191833669661,0.6023178171514018
21868,POTTING SHED TEA MUG,11188.64,0.0005448904561419451,0.6028627076075438
47599A,PINK PARTY BAGS,11186.87,0.0005448042565584952,0.6034075118641022
22417,PACK OF 60 SPACEBOY CAKE CASES,11168.7,0.0005439193715690685,0.6039514312356713
23170,REGENCY TEA PLATE ROSES,11117.05,0.000541403999543538,0.6044928352352148
21735,TWO DOOR CURIO CABINET,11112.85,0.0005411994581590806,0.605034034693374
22620,4 TRADITIONAL SPINNING TOPS,11091.95,0.0005401816212697565,0.6055742163146437
22768,FAMILY PHOTO FRAME CORNICE,11084.619999999999,0.0005398246478535485,0.6061140409624973
B,Adjust bad debt,11062.06,0.0005387259684170342,0.6066527669309143
22130,PARTY CONE CHRISTMAS DECORATION,11037.109999999999,0.0005375108951926976,0.607190277826107
22694,WICKER STAR,11000.6,0.0005357328461578066,0.6077260106722648
21749,LARGE RED RETROSPOT WINDMILL,10980.980000000001,0.0005347773456904126,0.6082607880179552
20828,GLITTER BUTTERFLY CLIPS,10973.63,0.0005344193982676119,0.6087952074162228
22668,PINK BABY BUNTING,10930.5,0.0005323189530505523,0.6093275263692733
21907,I'M ON HOLIDAY METAL SIGN,10910.320000000002,0.0005313361803985639,0.6098588625496719
21498,RED RETROSPOT WRAP,10872.92,0.0005295147880702997,0.6103883773377422
37370,RETRO COFFEE MUGS ASSORTED,10854.59,0.0005286221110281318,0.6109169994487704
21558,SKULL LUNCH BOX WITH CUTLERY,10854.01,0.0005285938648369448,0.6114455933136073
22274,FELTCRAFT DOLL EMILY,10814.320000000002,0.0005266609487538218,0.6119722542623611
22904,CALENDAR PAPER CUT DESIGN,10802.25,0.0005260731357751547,0.6124983273981363
21086,SET/6 RED SPOTTY PAPER CUPS,10792.210000000001,0.0005255841844656421,0.6130239115826019
22812,PACK 3 BOXES CHRISTMAS PANETTONE,10750.029999999999,0.0005235300045617335,0.6135474415871637
21833,CAMOUFLAGE LED TORCH,10691.81,0.000520694671370516,0.6140681362585342
21624,VINTAGE UNION JACK DOORSTOP,10664.95,0.0005193865805165809,0.6145875228390508
22064,PINK DOUGHNUT TRINKET POT,10647.109999999999,0.0005185177666359329,0.6151060406056866
21974,SET OF 36 PAISLEY FLOWER DOILIES,10622.15,0.0005173022064083,0.615623342812095
22348,TEA BAG PLATE RED RETROSPOT,10589.92,0.0005157325947842371,0.6161390754068792
22349,DOG BOWL CHASING BALL DESIGN,10562.92,0.0005144176858841535,0.6166534930927634
22595,GINGHAM HEART DECORATION,10557.92,0.0005141741842359898,0.6171676672769993
82001S,SILVER RECORD COVER FRAME,10531.4,0.0005128826514941298,0.6176805499284935
22302,COFFEE MUG PEARS DESIGN,10510.3,0.0005118550745388792,0.6181924050030324
23208,LUNCH BAG VINTAGE LEAF DESIGN,10498.01,0.000511256547487693,0.6187036615505201
21982,PACK OF 12 SUKI TISSUES,10489.05,0.0005108201925341837,0.6192144817430543
21890,S/6 WOODEN SKITTLES IN COTTON BAG,10484.65,0.0005106059110837997,0.619725087654138
20754,RETROSPOT RED WASHING UP GLOVES,10449.02,0.0005088707183389855,0.620233958372477
22418,10 COLOUR SPACEBOY PEN,10419.429999999998,0.000507429675585153,0.6207413880480622
22174,PHOTO CUBE,10410.63,0.000507001112684385,0.6212483891607465
22992,REVOLVER WOODEN RULER,10379.84,0.0005055016295349934,0.6217538907902815
22725,ALARM CLOCK BAKELIKE CHOCOLATE,10366.17,0.000504835896028914,0.6222587266863104
22120,WELCOME WOODEN BLOCK LETTERS,10353.99,0.0005042427260139872,0.6227629694123245
22089,PAPER BUNTING VINTAGE PAISLEY,10309.25,0.000502063873266219,0.6232650332855907
20979,36 PENCILS TUBE RED RETROSPOT,10279.31,0.000500605785397015,0.6237656390709877
21781,UNKNOWN,10275.22,0.0005004066010488171,0.6242660456720365
22771,CLEAR DRAWER KNOB ACRYLIC EDWARDIAN,10267.08,0.0005000101803656067,0.6247660558524021
22380,TOY TIDY SPACEBOY,10242.86,0.0004988306583819021,0.625264886510784
23582,VINTAGE DOILY JUMBO BAG RED,10233.45,0.000498372388280058,0.6257632588990641
22970,LONDON BUS COFFEE MUG,10224.75,0.0004979486954122533,0.6262612075944763
21531,RED RETROSPOT SUGAR JAM BOWL,10204.72,0.0004969732278097096,0.6267581808222861
20682,RED RETROSPOT CHILDRENS UMBRELLA,10197.31,0.0004966123583671311,0.6272547931806532
22748,POPPY'S PLAYHOUSE KITCHEN,10197.1,0.0004966021312979083,0.6277513953119511
21892,TRADITIONAL WOODEN CATCH CUP GAME,10173.78,0.0004954664396108731,0.628246861751562
21033,JUMBO BAG CHARLIE AND LOLA TOYS,10157.79,0.0004946877213400457,0.6287415494729021
22966,GINGERBREAD MAN COOKIE CUTTER,10156.26,0.0004946132098357076,0.6292361626827377
22180,RETROSPOT LAMP,10143.18,0.0004939762095241115,0.6297301388922618
84792,ENCHANTED BIRD COATHANGER 5 HOOK,10128.810000000001,0.0004932763857872892,0.6302234152780491
22840,ROUND CAKE TIN VINTAGE RED,10071.35,0.0004904780648465925,0.6307138933428957
23171,REGENCY TEA PLATE GREEN,10051.99,0.0004895352264649029,0.6312034285693606
21756,BATH BUILDING BLOCK WORD,10039.85,0.0004889440044631616,0.6316923725738238
22645,CERAMIC HEART FAIRY CAKE MONEY BANK,10006.72,0.00048733056254242915,0.6321797031363662
22300,COFFEE MUG DOG + BALL DESIGN,9988.3,0.0004864335024705943,0.6326661366388369
22327,ROUND SNACK BOXES SET OF 4 SKULLS,9981.9,0.0004861218203609448,0.6331522584591978
23076,ICE CREAM SUNDAE LIP GLOSS,9965.76,0.0004853357970406726,0.6336375942562384
22131,FOOD CONTAINER SET 3 LOVE HEART,9940.24,0.0004840929646284453,0.6341216872208669
84880,WHITE WIRE EGG HOLDER,9927.84,0.0004834890805409995,0.6346051763014079
22429,ENAMEL MEASURING JUG CREAM,9912.04,0.0004827196153328024,0.6350878959167406
22466,FAIRY TALE COTTAGE NIGHT LIGHT,9863.029999999999,0.0004803328121775022,0.6355682287289182
20829,GLITTER HANGING BUTTERFLY STRING,9841.82,0.00047929987818599206,0.6360475286071042
79000,UNKNOWN,9831.31,0.0004787880377215521,0.6365263166448257
20677,PINK POLKADOT BOWL,9821.81,0.0004783253845900411,0.6370046420294158
22745,POPPY'S PLAYHOUSE BEDROOM,9804.54,0.00047748432989728394,0.6374821263593131
21488,RED WHITE SCARF HOT WATER BOTTLE,9804.33,0.00047747410282806104,0.6379596004621412
22549,PICTURE DOMINOES,9728.56,0.0004737840788517891,0.6384333845409929
47570B,UNKNOWN,9643.57,0.0004696450378363034,0.6389030295788292
23175,REGENCY MILK JUG PINK,9600.15,0.0004675304695236503,0.6393705600483529
22665,RECIPE BOX BLUE SKETCHBOOK DESIGN,9598.69,0.00046745936704238654,0.6398380194153952
22978,PANTRY ROLLING PIN,9568.73,0.0004660003051665899,0.6403040197205618
35961,FOLKART ZINC HEART CHRISTMAS DEC,9550.48,0.0004651115241507926,0.6407691312447127
82552,WASHROOM METAL SIGN,9541.06,0.0004646527670456523,0.6412337840117582
16014,SMALL CHINESE STYLE SCISSOR,9513.1,0.0004632911058291212,0.6416970751175874
22942,CHRISTMAS LIGHTS 10 SANTAS,9483.41,0.0004618451930423254,0.6421589203106298
22767,TRIPLE PHOTO FRAME CORNICE,9478.23,0.00046159292533482784,0.6426205132359645
21716,BOYS VINTAGE TIN SEASIDE BUCKET,9437.869999999999,0.00045962738003085086,0.6430801406159954
21385,IVORY HANGING DECORATION HEART,9426.939999999999,0.0004590950854279651,0.6435392357014234
20970,PINK FLORAL FELTCRAFT SHOULDER BAG,9402.29,0.0004578946223025184,0.6439971303237259
22357,KINGS CHOICE BISCUIT TIN,9360.91,0.000455879402662316,0.6444530097263882
84692,BOX OF 24 COCKTAIL PARASOLS,9352.22,0.00045545619679780757,0.644908465923186
21658,GLASS BEURRE DISH,9295.59,0.00045269829713070613,0.6453611642203168
22219,LOVEBIRD HANGING DECORATION WHITE,9294.279999999999,0.0004526344996988872,0.6458137987200155
21243,PINK POLKADOT PLATE,9292.77,0.00045256096220114186,0.6462663596822168
22656,VINTAGE BLUE KITCHEN CABINET,9290.0,0.00045242606228805917,0.6467187857445048
22072,RED RETROSPOT TEA CUP AND SAUCER,9284.76,0.00045217087256078367,0.6471709566170656
23319,BOX OF 6 MINI 50'S CRACKERS,9266.84,0.0004512981626537651,0.6476222547797194
20747,PICCADILLY TEA SET,9239.87,0.00044998471476357044,0.6480722394944829
22121,NOEL WOODEN BLOCK LETTERS,9221.16,0.000449073531596142,0.6485213130260791
21745,GAOLERS KEYS DECORATIVE GARDEN,9220.24,0.0004490287272928799,0.648970341753372
22741,FUNKY DIVA PEN,9173.029999999999,0.0004467295847309187,0.6494170713381029
23318,BOX OF 6 MINI VINTAGE CRACKERS,9167.390000000001,0.00044645491487179024,0.6498635262529746
22195,LARGE HEART MEASURING SPOONS,9160.74,0.0004461310576797325,0.6503096573106544
23080,RED METAL BOX TOP SECRET,9158.87,0.00044603998806331933,0.6507556972987177
21777,RECIPE BOX WITH METAL HEART,9147.06,0.00044546483717035676,0.6512011621358881
22244,3 HOOK HANGER MAGIC GARDEN,9133.16,0.0004447879025884618,0.6516459500384765
21933,PINK VINTAGE PAISLEY PICNIC BAG,9117.83,0.00044404132653519206,0.6520899913650117
84030E,ENGLISH ROSE HOT WATER BOTTLE,9101.65,0.0004432533552017345,0.6525332447202135
21041,RED RETROSPOT OVEN GLOVE DOUBLE,9072.890000000001,0.00044185273372149725,0.652975097453935
22989,SET 2 PANTRY DESIGN TEA TOWELS,9012.27,0.00043890051973916115,0.6534139979736742
22839,3 TIER CAKE TIN GREEN AND CREAM,9001.07,0.00043835507604727457,0.6538523530497214
21985,PACK OF 12 HEARTS DESIGN TISSUES,8989.51,0.00043779210023672024,0.6542901451499581
21715,GIRLS VINTAGE TIN SEASIDE BUCKET,8987.24,0.0004376815504884539,0.6547278267004466
22371,AIRLINE BAG VINTAGE TOKYO 78,8970.8,0.0004368809170692918,0.6551647076175158
23439,HAND WARMER RED LOVE HEART,8941.61,0.0004354593544473125,0.6556001669719632
23322,LARGE WHITE HEART OF WICKER,8925.410000000002,0.0004346704091072623,0.6560348373810705
22141,CHRISTMAS CRAFT TREE TOP ANGEL,8909.91,0.00043391555399795493,0.6564687529350683
ADJUST,Adjustment by Peter on 24/05/2010 1,8897.93,0.00043333212404895484,0.6569020850591174
22215,CAKE STAND WHITE TWO TIER LACE,8860.93,0.0004315302118525438,0.6573336152709699
84839,SWEETHEART KEY CABINET,8848.3,0.0004309151266892824,0.6577645303976591
21042,RED RETROSPOT APRON,8741.11,0.0004256949383559502,0.6581902253360151
20974,12 PENCILS SMALL TUBE SKULL,8697.59,0.00042357550001033374,0.6586138008360255
22895,SET OF 2 TEA TOWELS APPLE AND PEARS,8681.84,0.00042280846981861825,0.6590366093058441
23256,CHILDRENS CUTLERY SPACEBOY,8675.37,0.0004224933786858945,0.6594591026845299
22212,FOUR HOOK WHITE LOVEBIRDS,8671.7,0.0004223146484761424,0.6598814173330061
21980,PACK OF 12 RED RETROSPOT TISSUES,8651.59,0.00042133528484722817,0.6603027526178533
84032A,CHARLIE+LOLA PINK HOT WATER BOTTLE,8644.75,0.0004210021745925403,0.6607237547924459
21135,VICTORIAN METAL POSTCARD SPRING,8638.22,0.00042068416144003853,0.6611444389538859
22110,BIRD HOUSE HOT WATER BOTTLE,8620.76,0.0004198338536846511,0.6615642728075706
23534,WALL ART STOP FOR TEA,8614.85,0.0004195460347365217,0.6619838188423071
22283,6 EGG HOUSE PAINTED WOOD,8596.69,0.0004186616367503913,0.6624024804790575
21381,MINI WOODEN HAPPY BIRTHDAY GARLAND,8583.21,0.00041800515630694205,0.6628204856353644
23082,SET 6 PAPER TABLE LANTERN HEARTS,8577.51,0.00041772756442803557,0.6632382131997925
23078,ICE CREAM PEN LIP GLOSS,8553.34,0.0004165504774608125,0.6636547636772533
21186,WHITE DOVE HONEYCOMB PAPER GARLAND,8540.42,0.00041592126920195763,0.6640706849464553
22073,UNKNOWN,8517.89,0.0004148240507753322,0.6644855089972305
22078,RIBBON REEL LACE DESIGN,8510.84,0.0004144807134514215,0.664899989710682
23493,VINTAGE DOILY TRAVEL SEWING KIT,8509.68,0.0004144242210690475,0.6653144139317511
21932,SCANDINAVIAN PAISLEY PICNIC BAG,8508.16,0.00041435019656800576,0.665728764128319
22079,RIBBON REEL HEARTS DESIGN,8500.74,0.0004139888401221309,0.6661427529684412
72807C,SET/3 VANILLA SCENTED CANDLE IN BOX,8493.42,0.00041363235370921934,0.6665563853221504
79323LP,"Unsaleable, destroyed.",8481.19,0.0004130367486778111,0.6669694220708282
48189,adjustment,8477.03,0.0004128341553065389,0.6673822562261347
23321,SMALL WHITE HEART OF WICKER,8473.269999999999,0.00041265104206711974,0.6677949072682018
22751,FELTCRAFT PRINCESS OLIVIA DOLL,8472.22,0.0004125999067210054,0.6682075071749228
23535,WALL ART BICYCLE SAFETY,8469.99,0.00041249130498592445,0.6686199984799088
85049E,SCANDINAVIAN REDS RIBBONS,8469.72,0.0004124781558969236,0.6690324766358058
22354,RETROSPOT PADDED SEAT CUSHION,8458.31,0.0004119224851358141,0.6694443991209414
22329,ROUND CONTAINER SET OF 5 RETROSPOT,8445.3,0.00041128889384729235,0.6698556880147888
22358,KINGS CHOICE TEA CADDY,8414.26,0.00040977723561549245,0.6702654652504043
21411,GINGHAM HEART DOORSTOP RED,8394.39,0.00040880956006569006,0.67067427481047
22628,PICNIC BOXES SET OF 3 RETROSPOT,8387.6,0.0004084788848274839,0.6710827536952975
51008,AFGHAN SLIPPER SOCK PAIR,8378.8,0.0004080503219267158,0.6714908040172242
22689,UNKNOWN,8366.72,0.0004074620219447524,0.6718982660391689
21934,SKULL SHOULDER BAG,8283.47,0.0004034077195028277,0.6723016737586718
21244,BLUE POLKADOT PLATE,8282.449999999999,0.00040335804516660227,0.6727050318038383
85067,UNKNOWN,8239.89,0.0004012853591374333,0.6731063171629759
21874,GIN AND TONIC MUG,8229.17,0.0004007632916037705,0.6735070804545796
22055,MINI CAKE STAND HANGING STRAWBERY,8212.19,0.00039993636000660676,0.6739070168145862
21238,RED RETROSPOT CUP,8181.849999999999,0.0003984587920055497,0.6743054756065917
85049A,TRADITIONAL CHRISTMAS RIBBONS,8123.53,0.0003956185887813689,0.6747010941953732
84508A,check,8091.4800000000005,0.00039405774321663994,0.6750951519385897
82551,LAUNDRY 15C METAL SIGN,8082.59,0.00039362479728620496,0.6754887767358759
20675,BLUE POLKADOT BOWL,8079.08,0.0003934538591291941,0.6758822305950052
22796,PHOTO FRAME 3 CLASSIC HANGING,8060.249999999999,0.00039253683192220975,0.6762747674269274
22738,RIBBON REEL SNOWY VILLAGE,8047.22,0.0003919022666270953,0.6766666696935544
84568,GIRLS ALPHABET IRON ON PATCHES,8033.47,0.0003912326370946453,0.6770579023306491
22504,CABIN BAG VINTAGE RETROSPOT,7985.03,0.00038887359312723583,0.6774467759237763
21115,ROSE CARAVAN DOORSTOP,7975.1900000000005,0.00038839438188364983,0.67783517030566
22592,CARDHOLDER HOLLY WREATH METAL,7964.34,0.00038786598330713465,0.6782230362889672
21769,showroom,7954.87,0.0003874047911855127,0.6786104410801527
22353,LUNCH BOX WITH CUTLERY FAIRY CAKES,7933.19,0.0003863489680390751,0.6789967900481917
22275,WEEKEND BAG VINTAGE ROSE PAISLEY,7909.33,0.0003851869781740382,0.6793819770263657
21116,OWL DOORSTOP,7904.96,0.0003849741577335432,0.6797669511840994
21875,KINGS CHOICE MUG,7889.58,0.0003842251466637918,0.680151176330763
22350,ILLUSTRATED CAT BOWL,7885.99,0.0003840503124804103,0.6805352266432435
22890,NOVELTY BISCUITS CAKE STAND 3 TIER,7881.66,0.0003838394400531006,0.6809190660832966
21976,PACK OF 60 MUSHROOM CAKE CASES,7832.52,0.00038144630585494827,0.6813005123891516
23238,SET OF 4 KNICK KNACK TINS LONDON,7825.56,0.0003811073515607045,0.6816816197407122
22588,CARD HOLDER GINGHAM HEART,7805.23,0.000380117273859271,0.6820617370145715
22784,LANTERN CREAM GAZEBO,7776.64,0.0003787249314350713,0.6824404619460066
20717,STRAWBERRY SHOPPER BAG,7773.73,0.00037858321347584,0.6828190451594824
21588,RETROSPOT GIANT TUBE MATCHES,7766.4,0.0003782262400596321,0.683197271399542
23007,SPACEBOY BABY GIFT SET,7758.699999999999,0.0003778512475214601,0.6835751226470635
22809,SET OF 6 T-LIGHTS SANTA,7753.22,0.0003775843697150728,0.6839527070167786
23204,CHARLOTTE BAG APPLES DESIGN,7741.94,0.00037703502999681554,0.6843297420467754
21110,UNKNOWN,7736.12,0.00037675159407835306,0.6847064936408538
84032B,CHARLIE + LOLA RED HOT WATER BOTTLE,7716.950000000001,0.0003758180087592937,0.6850823116496131
22550,HOLIDAY FUN LUDO,7692.14,0.00037460975358110564,0.6854569214031941
22813,PACK 3 BOXES BIRD PANETTONE,7679.429999999999,0.00037399077239147363,0.6858309121755856
22165,"DIAMANTE HEART SHAPED WALL MIRROR,",7673.7300000000005,0.0003737131805125671,0.6862046253560982
21870,UNKNOWN,7651.24,0.000372617910099127,0.6865772432661973
22528,UNKNOWN,7630.91,0.0003716278323976936,0.686948871098595
84968C,SET OF 16 VINTAGE PISTACHIO CUTLERY,7629.25,0.00037154698985050326,0.6873204180884455
22669,RED BABY BUNTING,7628.69,0.0003715197176659089,0.6876919378061114
22493,PAINT YOUR OWN CANVAS SET,7627.919999999999,0.0003714822184120917,0.6880634200245235
22991,GIRAFFE WOODEN RULER,7608.79,0.0003705505811062176,0.6884339706056297
22242,UNKNOWN,7595.459999999999,0.0003699014057122133,0.688803872011342
85065,CREAM SWEETHEART TRAYS,7575.44,0.00036892642511296604,0.689172798436455
22360,GLASS JAR ENGLISH CONFECTIONERY,7567.95,0.0003685616596440169,0.6895413600960989
22489,PACK OF 12 TRADITIONAL CRAYONS,7559.59,0.00036815452488828733,0.6899095146209873
22224,WHITE LOVEBIRD LANTERN,7530.89,0.00036675682542782796,0.690276271446415
21463,MIRRORED DISCO BALL,7520.51,0.0003662513160062402,0.6906425227624213
85064,CREAM SWEETHEART LETTER RACK,7514.86,0.0003659761591438153,0.6910084989215651
22199,FRYING PAN RED RETROSPOT,7485.85,0.0003645633625811698,0.6913730622841462
82580,BATHROOM METAL SIGN,7471.72,0.00036387522692345935,0.6917369375110697
21746,SMALL RED RETROSPOT WINDMILL,7469.59,0.0003637714952213416,0.6921007090062911
21361,UNKNOWN,7450.99,0.00036286566909017284,0.6924635746753812
22739,RIBBON REEL CHRISTMAS SOCK BAUBLE,7415.19,0.0003611221972893211,0.6928246968726706
11001,ASSTD DESIGN RACING CAR PEN,7413.72,0.000361050607804761,0.6931857474804753
21737,UNKNOWN,7402.5599999999995,0.0003605071121260597,0.6935462545926014
72351A,SET/6 TURQUOISE BUTTERFLY T-LIGHTS,7402.280000000001,0.0003604934760337626,0.6939067480686352
22945,CHRISTMAS METAL TAGS ASSORTED,7386.099999999999,0.000359705504700305,0.6942664535733354
21114,LAVENDER SCENTED FABRIC HEART,7368.64,0.00035885519694491756,0.6946253087702804
22465,HANGING METAL STAR LANTERN,7366.739999999999,0.00035876266631861535,0.694984071436599
21876,POTTERING MUG,7364.15,0.0003586365324648666,0.695342707969064
23382,BOX OF 6 CHRISTMAS CAKE DECORATIONS,7356.18,0.0003582483908376938,0.6957009563599016
22798,ANTIQUE GLASS DRESSING TABLE POT,7350.84,0.000357988331077455,0.6960589446909791
21561,DINOSAUR LUNCH BOX WITH CUTLERY,7331.96,0.00035706886885398907,0.696416013559833
22029,SPACEBOY BIRTHDAY CARD,7321.08,0.0003565390092675849,0.6967725525691005
22282,12 EGG HOUSE PAINTED WOOD,7304.69,0.00035574081086490447,0.6971282933799655
22907,PACK OF 20 NAPKINS PANTRY DESIGN,7294.33,0.00035523627544990945,0.6974835296554154
23083,SET 6 PAPER TABLE LANTERN STARS,7254.650000000001,0.00035330384637008276,0.6978368335017855
85174,S/4 CACTI CANDLES,7252.86,0.0003532166727800401,0.6981900501745656
22414,DOORMAT NEIGHBOURHOOD WITCH,7211.06,0.00035118099900139206,0.6985412311735669
22626,BLACK KITCHEN SCALES,7209.9800000000005,0.0003511284026453887,0.6988923595762123
22577,WOODEN HEART CHRISTMAS SCANDINAVIAN,7157.66,0.00034858040139900423,0.6992409399776113
22827,RUSTIC SEVENTEEN DRAWER SIDEBOARD,7150.0,0.00034820735687401754,0.6995891473344853
21981,PACK OF 12 WOODLAND TISSUES,7142.799999999999,0.0003478567145006619,0.699937004048986
22644,CERAMIC CHERRY CAKE MONEY BANK,7120.63,0.0003467770281927043,0.7002837810771787
23236,STORAGE TIN VINTAGE DOILY,7106.21,0.0003460747694394003,0.7006298558466181
21625,VINTAGE UNION JACK APRON,7086.27,0.0003451036848665237,0.7009749595314846
23320,GIANT 50'S CHRISTMAS CRACKER,7072.16,0.00034441652321540585,0.7013193760547001
21700,BIG DOUGHNUT FRIDGE MAGNETS,7070.16,0.0003443191225561404,0.7016636951772561
22781,GUMBALL MAGAZINE RACK,7068.2300000000005,0.0003442251309199493,0.7020079203081762
37450,CERAMIC CAKE BOWL + HANGING CAKES,7046.740000000001,0.00034317856083614193,0.7023510988690121
23215,JINGLE BELL HEART ANTIQUE SILVER,7044.64,0.0003430762901439132,0.7026941751591561
21984,PACK OF 12 PINK PAISLEY TISSUES,7030.33,0.00034237938842686876,0.7030365545475831
23543,WALL ART KEEP CALM,7019.01,0.0003418281006954263,0.7033783826482785
22618,"mouldy, unsaleable.",7004.25,0.00034110928383004717,0.7037194919321085
23283,DOORMAT VINTAGE LEAF,7003.38,0.0003410669145432667,0.7040605588466518
23293,SET OF 12 FAIRY CAKE BAKING CASES,7001.99,0.0003409992210850772,0.7044015580677369
21497,FANCY FONTS BIRTHDAY WRAP,6999.0,0.00034085360709947536,0.7047424116748363
22567,20 DOLLY PEGS RETROSPOT,6991.53,0.00034048981563711885,0.7050829014904735
22498,WOODEN REGATTA BUNTING,6963.490000000001,0.00033912425839421716,0.7054220257488677
22563,HAPPY STENCIL CRAFT,6956.35,0.00033877653804063944,0.7057608022869083
10002,UNKNOWN,6946.51,0.0003382973267970534,0.7060990996137053
23254,CHILDRENS CUTLERY DOLLY GIRL,6932.160000000001,0.00033759847706682375,0.7064366980907721
22377,BOTTLE BAG RETROSPOT,6924.31,0.00033721617947920677,0.7067739142702514
21768,UNKNOWN,6924.04,0.0003372030303902059,0.7071111173006416
21903,MAN FLU METAL SIGN,6923.570000000001,0.0003371801412352786,0.7074482974418769
22220,CAKE STAND LOVEBIRD 2 TIER WHITE,6895.389999999999,0.0003358077659462282,0.7077841052078231
22938,CUPCAKE LACE PAPER SET 6,6891.249999999999,0.00033560614658154867,0.7081197113544047
22085,PAPER CHAIN KIT SKULLS,6886.82,0.0003353904041212757,0.708455101758526
21563,RED HEART SHAPE LOVE BUCKET,6881.610000000001,0.00033513667540388927,0.7087902384339299
23109,PACK OF SIX LED TEA LIGHTS,6878.37,0.00033497888633587914,0.7091252173202657
85220,UNKNOWN,6874.999999999999,0.0003348147662250168,0.7094600320864907
23103,JINGLE BELL HEART DECORATION,6859.359999999999,0.0003340530930695609,0.7097940851795603
37448,CERAMIC CAKE DESIGN SPOTTED MUG,6858.5,0.00033401121078607685,0.7101280963903464
47502,UNKNOWN,6855.75,0.00033387728487958683,0.7104619736752259
22378,WALL TIDY RETROSPOT,6841.21,0.00033316918208672696,0.7107951428573126
22187,GREEN CHRISTMAS TREE CARD HOLDER,6824.95,0.00033237731472689875,0.7111275201720396
23541,WALL ART CLASSIC PUDDINGS,6823.91,0.0003323266663840807,0.7114598468384237
35004B,SET OF 3 BLACK FLYING DUCKS,6809.650000000001,0.000331632199683518,0.7117914790381071
21989,PACK OF 20 SKULL PAPER NAPKINS,6801.75,0.0003312474670794194,0.7121227265051865
23297,SET 40 HEART SHAPE PETIT FOUR CASES,6792.23,0.0003307838399413158,0.7124535103451278
37500,TEA TIME TEAPOT IN GIFT BOX,6787.46,0.00033055153936896773,0.7127840618844968
20973,12 PENCIL SMALL TUBE WOODLAND,6786.3,0.00033049504698659375,0.7131145569314834
22430,ENAMEL WATERING CAN CREAM,6786.13,0.0003304867679305562,0.713445043699414
22311,OFFICE MUG WARMER BLACK+SILVER,6782.11,0.0003302909926054326,0.7137753346920194
22431,WATERING CAN BLUE ELEPHANT,6777.37,0.00033006015304297344,0.7141053948450624
22845,VINTAGE CREAM CAT FOOD CONTAINER,6777.3,0.0003300567440198992,0.7144354515890823
21992,check,6766.15,0.0003295137353444942,0.7147649653244268
22810,SET OF 6 T-LIGHTS SNOWMEN,6761.580000000001,0.0003292911748380727,0.7150942564992648
22575,METAL MERRY CHRISTMAS WREATH,6760.16,0.00032922202036999416,0.7154234785196348
23008,DOLLY GIRL BABY GIFT SET,6753.509999999999,0.0003288981631779365,0.7157523766828128
23229,VINTAGE DONKEY TAIL GAME,6739.71,0.00032822609862900485,0.7160806027814418
22432,WATERING CAN PINK BUNNY,6738.219999999999,0.0003281535351378521,0.7164087563165796
23480,MINI LIGHTS WOODLAND MUSHROOMS,6726.64,0.0003275895853207051,0.7167363459019004
22746,POPPY'S PLAYHOUSE LIVINGROOM,6722.35,0.0003273806609065807,0.7170637265628069
23247,BISCUIT TIN 50'S CHRISTMAS,6715.93,0.00032706800479033856,0.7173907945675972
22221,CAKE STAND LOVEBIRD 2 TIER PINK,6712.28,0.0003268902485871791,0.7177176848161845
22526,WHEELBARROW FOR CHILDREN,6702.42,0.00032641006333700037,0.7180440948795215
22059,CERAMIC STRAWBERRY DESIGN MUG,6687.49,0.0003256829674155837,0.718369777846937
85047,WHITE BEADED GARLAND STRING 20LIGHT,6683.379999999999,0.00032548280906079317,0.7186952606559979
23169,smashed,6671.14,0.0003248867170260886,0.719020147373024
85014D,UNKNOWN,6670.400000000001,0.00032485067878216037,0.7193449980518062
47599B,BLUE PARTY BAGS,6664.64,0.00032457016488347584,0.7196695682166896
85068,UNKNOWN,6655.1900000000005,0.00032410994676844657,0.7199936781634579
21107,CREAM SLICE FLANNEL PINK SPOT,6654.27,0.00032406514246518446,0.7203177433059232
22779,WOODEN OWLS LIGHT GARLAND,6648.35,0.0003237768365137587,0.720641520142437
22661,CHARLOTTE BAG DOLLY GIRL DESIGN,6647.65,0.00032374274628301576,0.72096526288872
22898,CHILDRENS APRON APPLES DESIGN,6627.5599999999995,0.0003227643566606942,0.7212880272453807
85175,UNKNOWN,6626.42,0.0003227088382849129,0.7216107360836655
21592,RETROSPOT CIGAR BOX MATCHES,6576.6,0.00032028258786261034,0.7219310186715282
22080,RIBBON REEL POLKADOTS,6570.19,0.0003199704187496645,0.7222509890902779
16156S,WRAP PINK FAIRY CAKES,6558.62,0.00031940695593581385,0.7225703960462136
21240,BLUE POLKADOT CUP,6543.39,0.0003186652499155074,0.7228890612961292
84968A,SET OF 16 VINTAGE ROSE CUTLERY,6538.08,0.0003184066511651576,0.7232074679472943
21201,TROPICAL HONEYCOMB PAPER GARLAND,6522.26,0.0003176362119503678,0.7235251041592446
22332,SKULLS PARTY BAG + STICKER SET,6522.2,0.0003176332899305898,0.7238427374491754
22364,GLASS JAR DIGESTIVE BISCUITS,6516.31,0.00031734644498905307,0.7241600838941643
22596,CHRISTMAS STAR WISH LIST CHALKBOARD,6515.599999999999,0.00031731186775501376,0.7244773957619193
22148,EASTER CRAFT 4 CHICKS,6499.79,0.00031654191554352033,0.7247939376774629
85062,PEARL CRYSTAL PUMPKIN T-LIGHT HLDR,6491.98,0.00031616156596908873,0.725110099243432
23311,VINTAGE CHRISTMAS STOCKING,6488.2,0.000315977478723077,0.725426076722155
22142,CHRISTMAS CRAFT WHITE FAIRY,6464.24,0.0003148106188250768,0.7257408873409801
23553,LANDMARK FRAME CAMDEN TOWN,6457.15,0.0003144653334879807,0.7260553526744681
21494,ROTATING LEAVES T-LIGHT HOLDER,6456.5,0.0003144336782737195,0.7263697863527419
21500,PINK POLKADOT WRAP,6453.5,0.0003142875772848213,0.7266840739300267
23188,VINTAGE 2 METRE FOLDING RULER,6451.07,0.00031416923548381376,0.7269982431655105
21239,PINK POLKADOT CUP,6449.44,0.0003140898539465124,0.727312333019457
15060B,UNKNOWN,6448.7300000000005,0.0003140552767124732,0.7276263882961694
23571,TRADITIONAL NAUGHTS & CROSSES,6436.61,0.0003134650287173245,0.7279398533248868
22578,WOODEN STAR CHRISTMAS SCANDINAVIAN,6433.98,0.0003133369468503904,0.7282531902717372
23134,UNKNOWN,6431.11,0.00031319717690434445,0.7285663874486414
22979,PANTRY WASHING UP BRUSH,6401.969999999999,0.0003117780492988467,0.7288781654979404
22063,CERAMIC BOWL WITH STRAWBERRY DESIGN,6391.46,0.00031126620883440673,0.7291894317067747
79067,UNKNOWN,6383.95,0.00031090046935886495,0.7295003321761336
23307,SET OF 60 PANTRY DESIGN CAKE CASES,6379.59,0.0003106881359216662,0.7298110203120554
23172,REGENCY TEA PLATE PINK,6360.909999999999,0.0003097784137641268,0.7301207987258195
22582,PACK OF 6 SWEETIE GIFT BOXES,6334.97,0.00030851512721345384,0.7304293138530329
84520B,UNKNOWN,6332.67,0.00030840311645529854,0.7307377169694881
47559B,TEA TIME OVEN GLOVE,6325.44,0.0003080510130720539,0.7310457679825603
22849,BREAD BIN DINER STYLE MINT,6321.63,0.0003078654648161532,0.7313536334473764
22065,CHRISTMAS PUDDING TRINKET POT,6320.12,0.0003077919273184078,0.7316614253746948
22783,UNKNOWN,6316.3,0.00030760589205921075,0.7319690312667539
22460,EMBOSSED GLASS TEALIGHT HOLDER,6300.12,0.0003068179207257532,0.7322758491874798
22185,SLATE TILE NATURAL HANGING,6293.419999999999,0.00030649162851721385,0.7325823408159969
22906,12 MESSAGE CARDS WITH ENVELOPES,6256.08,0.0003046731582087278,0.7328870139742057
84884A,ANT WHITE WIRE HEART SPIRAL,6248.28,0.0003042932956375925,0.7331913072698433
21714,CITRONELLA CANDLE GARDEN POT,6229.89,0.0003033976965756466,0.733494704966419
22435,SET OF 9 HEART SHAPED BALLOONS,6218.97,0.0003028658889760572,0.733797570855395
22826,LOVE SEAT ANTIQUE WHITE METAL,6210.0,0.0003024290470192516,0.7340999999024141
21078,SET/20 STRAWBERRY PAPER NAPKINS,6194.0,0.00030164984174512794,0.7344016497441593
22780,LIGHT GARLAND BUTTERFILES PINK,6176.09,0.00030077761884140576,0.7347024273630007
22222,CAKE PLATE LOVEBIRD WHITE,6165.79,0.0003002760054461886,0.735002703368447
22196,SMALL HEART MEASURING SPOONS,6159.04,0.0002999472782211677,0.7353026506466681
20751,FUNKY WASHING UP GLOVES ASSORTED,6157.660000000001,0.00029988007176627455,0.7356025307184344
22848,AMAZON,6145.55,0.00029929031077442216,0.7359018210292089
23192,BUNDLE OF 3 ALPHABET EXERCISE BOOKS,6142.289999999999,0.0002991315476998194,0.7362009525769087
84832,ZINC WILLIE WINKIE CANDLE STICK,6138.95,0.00029896888859884613,0.7364999214655075
21584,RETROSPOT SMALL TUBE MATCHES,6129.45,0.0002985062354673352,0.7367984277009748
21667,UNKNOWN,6126.25,0.0002983503944125105,0.7370967780953873
23118,PARISIENNE JEWELLERY DRAWER,6102.18,0.0002971781774782507,0.7373939562728655
21499,BLUE POLKADOT WRAP,6070.34,0.00029562755898274455,0.7376895838318482
22167,OVAL WALL MIRROR DIAMANTE,6066.28,0.0002954298356444357,0.7379850136674928
21591,COSY HOUR CIGAR BOX MATCHES,6053.08,0.00029478699129328363,0.7382798006587861
72802C,VANILLA SCENT CANDLE JEWELLED BOX,6051.81,0.0002947251418746501,0.7385745258006606
22361,GLASS JAR DAISY FRESH COTTON WOOL,6051.01,0.0002946861816109439,0.7388692119822716
21586,KINGS CHOICE GIANT TUBE MATCHES,6036.6,0.00029398440986093627,0.7391631963921326
85178,VICTORIAN SEWING KIT,6030.7699999999995,0.00029370048693917744,0.7394568968790718
23526,WALL ART DOG LICENCE,6021.4,0.0002932441648505188,0.7397501410439223
21918,SET 12 KIDS COLOUR CHALK STICKS,6020.28,0.0002931896204813301,0.7400433306644035
22331,WOODLAND PARTY BAG + STICKER SET,6011.57,0.000292765440610229,0.7403360961050138
22841,ROUND CAKE TIN VINTAGE GREEN,6010.47,0.00029271187024763304,0.7406288079752615
22772,PINK DRAWER KNOB ACRYLIC EDWARDIAN,6009.92,0.00029268508506633505,0.7409214930603278
22855,FINE WICKER HEART,5995.49,0.00029198233930973475,0.7412134753996376
22045,SPACEBOY GIFT WRAP,5992.14,0.0002918191932054651,0.741505294592843
23296,SET OF 6 TEA TIME BAKING CASES,5988.05,0.00029162000885726727,0.7417969146017003
22278,OVERNIGHT BAG VINTAGE ROSE PAISLEY,5969.43,0.0002907132087195058,0.7420876278104198
23312,VINTAGE CHRISTMAS GIFT SACK,5968.3,0.0002906581773470208,0.7423782859877668
22491,PACK OF 12 COLOURED PENCILS,5961.049999999999,0.0002903050999571835,0.742668591087724
23052,RECYCLED ACAPULCO MAT TURQUOISE,5949.34,0.00028973481909718427,0.7429583259068211
23154,SET OF 4 JAM JAR MAGNETS,5907.360000000001,0.0002876903792592023,0.7432460162860804
48197,DOORMAT BIRD ON THE WIRE,5905.64,0.000287606614692234,0.7435336229007725
84509A,SET OF 4 ENGLISH ROSE PLACEMATS,5901.54,0.0002874069433407398,0.7438210298441134
22241,GARLAND WOODEN HAPPY EASTER,5897.42,0.00028720629798265296,0.744108236142096
21407,BROWN CHECK CAT DOORSTOP,5896.08,0.0002871410395409451,0.744395377181637
22737,RIBBON REEL CHRISTMAS PRESENT,5894.88,0.00028708259914538584,0.7446824597807823
23113,PANTRY CHOPPING BOARD,5868.5,0.0002857978844496744,0.744968257665232
22660,DOORMAT I LOVE LONDON,5862.8,0.00028552029257076784,0.7452537779578028
21832,CHOCOLATE CALCULATOR,5849.959999999999,0.00028489498033828353,0.745538672938141
22971,QUEENS GUARD COFFEE MUG,5849.29,0.00028486235111742966,0.7458235352892585
23485,BOTANICAL GARDENS WALL CLOCK,5843.92,0.0002846008303473019,0.7461081361196058
21988,PACK OF 6 SKULL PAPER PLATES,5820.95,0.0002834821837756381,0.7463916183033814
85038,6 CHOCOLATE LOVE HEART T-LIGHTS,5820.38,0.00028345442458774743,0.7466750727279692
85132C,CHARLIE AND LOLA FIGURES TINS,5818.94,0.0002833842961130763,0.7469584570240823
22951,60 CAKE CASES DOLLY GIRL DESIGN,5807.42,0.0002828232683157073,0.7472412802923979
21313,GLASS HEART T-LIGHT HOLDER,5794.0599999999995,0.00028217263191181397,0.7475234529243098
22200,FRYING PAN PINK POLKADOT,5784.92,0.00028172751089897087,0.7478051804352087
22687,DOORMAT CHRISTMAS VILLAGE,5784.67,0.0002817153358165627,0.7480868957710253
22964,3 PIECE SPACEBOY COOKIE CUTTER SET,5777.2300000000005,0.00028135300536409516,0.7483682487763894
22899,CHILDREN'S APRON DOLLY GIRL,5771.860000000001,0.0002810914845939674,0.7486493402609834
21452,TOADSTOOL MONEY BOX,5754.93,0.0002802669880132853,0.7489296072489966
22441,GROW YOUR OWN BASIL IN ENAMEL MUG,5744.27,0.0002797478424994004,0.7492093550914961
37495,FAIRY CAKE BIRTHDAY CANDLE SET,5736.35,0.0002793621358887092,0.7494887172273847
84968B,SET OF 16 VINTAGE IVORY CUTLERY,5732.41,0.00027917025658995623,0.7497678874839747
23205,CHARLOTTE BAG VINTAGE ALPHABET,5728.08,0.0002789593841626465,0.7500468468681374
21528,DAIRY MAID TRADITIONAL TEAPOT,5721.85,0.0002786559811090346,0.7503255028492464
22070,SMALL RED RETROSPOT MUG IN BOX,5720.24,0.00027857757357832585,0.7506040804228248
21577,SAVE THE PLANET COTTON TOTE BAG,5718.7699999999995,0.00027850598409376575,0.7508825864069185
22115,METAL SIGN EMPIRE TEA,5703.950000000001,0.0002777842452086088,0.751160370652127
22341,LOVE GARLAND PAINTED ZINC,5702.19,0.0002776985326284551,0.7514380691847555
22060,damaged,5699.31,0.00027755827567911285,0.7517156274604346
22335,HEART DECORATION PAINTED ZINC,5655.17,0.00027540864312912416,0.7519910361035638
21703,BAG 125g SWIRLY MARBLES,5647.31,0.00027502585853821093,0.752266061962102
22119,PEACE WOODEN BLOCK LETTERS,5631.17,0.00027423983521793866,0.7525403017973199
22854,CREAM SWEETHEART EGG HOLDER,5624.5,0.00027391500401928833,0.7528142168013392
22653,BUTTON BOX,5622.11,0.0002737986102314661,0.7530880154115707
22156,HEART DECORATION WITH PEARLS,5613.219999999999,0.00027336566430103114,0.7533613810758717
21207,SKULL AND CROSSBONES GARLAND,5599.07,0.000272676554636728,0.7536340576305085
21730,GLASS STAR FROSTED T-LIGHT HOLDER,5578.72,0.00027168550292870196,0.7539057431334372
23531,WALL ART BIG LOVE,5559.11,0.00027073048946460416,0.7541764736229017
23126,FELTCRAFT GIRL AMELIE KIT,5556.79,0.0002706175046998562,0.7544470911276016
21900,"KEY FOB , SHED",5538.240000000001,0.0002697141135851691,0.7547168052411868
84971S,SMALL HEART FLOWERS HOOK,5534.96,0.00026955437650397375,0.7549863596176908
23177,TREASURE ISLAND BOOK BOX,5528.04,0.00026921737022291524,0.7552555769879137
23133,LARGE IVORY HEART WALL ORGANISER,5525.4,0.0002690888013526848,0.7555246657892664
22602,RETROSPOT WOODEN HEART DECORATION,5521.82,0.00026891445417259963,0.755793580243439
23158,SET OF 5 LUCKY CAT MAGNETS,5517.99,0.0002687279319101063,0.756062308175349
22534,MAGIC DRAWING SLATE SPACEBOY,5516.05,0.0002686334532706188,0.7563309416286197
23583,LUNCH BAG PAISLEY PARK,5513.83,0.00026852533853883415,0.7565994669671585
22670,FRENCH WC SIGN BLUE METAL,5513.07,0.00026848832628831326,0.7568679552934469
82599,UNKNOWN,5508.84,0.0002682823238939668,0.7571362376173407
85061W,WHITE JEWELLED HEART DECORATION,5502.49,0.000267973076800799,0.7574042106941415
22168,UNKNOWN,5501.43,0.0002679214544513883,0.757672132148593
79029,GLASS HONEYPOT WASP CATCHER,5501.12,0.00026790635734920214,0.7579400385059422
40016,UNKNOWN,5492.35,0.0002674792554583231,0.7582075177614005
21112,SWISS ROLL TOWEL PINK SPOTS,5484.26,0.00026708526979159436,0.7584746030311921
20983,12 PENCILS TALL TUBE RED RETROSPOT,5481.83,0.0002669669279905868,0.7587415699591826
22203,MILK PAN RED RETROSPOT,5473.26,0.0002665495661656343,0.7590081195253483
72756,UNKNOWN,5472.89,0.0002665315470436702,0.759274651072392
22763,KEY CABINET MA CAMPAGNE,5470.39,0.00026640979621958837,0.7595410608686115
16161P,WRAP ENGLISH ROSE,5466.9,0.0002662398320691701,0.7598073007006807
22437,SET OF 9 BLACK SKULL BALLOONS,5461.37,0.00026597051924630115,0.7600732712199271
85063,CREAM SWEETHEART MAGAZINE RACK,5460.639999999999,0.0002659349680056692,0.7603392061879327
22483,RED GINGHAM TEDDY BEAR,5458.21,0.00026581662620466174,0.7606050228141373
20978,36 PENCILS TUBE SKULLS,5453.57,0.00026559065667516586,0.7608706134708125
22443,GROW YOUR OWN HERBS SET OF 3,5449.08,0.0002653719921951149,0.7611359854630076
21432,UNKNOWN,5441.860000000001,0.0002650203758151666,0.7614010058388229
22186,RED STAR CARD HOLDER,5434.35,0.0002646546363396248,0.7616656604751624
23135,SMALL ZINC HEART WALL ORGANISER,5416.18,0.0002637697513501981,0.7619294302265126
21069,VINTAGE BILLBOARD TEA MUG,5415.610000000001,0.00026374199216230745,0.762193172218675
21491,UNKNOWN,5404.0599999999995,0.00026317950335504937,0.76245635172203
84937,UNKNOWN,5396.64,0.00026281814690917455,0.7627191698689392
84968D,SET OF 16 VINTAGE RED CUTLERY,5393.71,0.00026267545494335065,0.7629818453238826
22218,CAKE STAND LACE WHITE,5378.41,0.0002619303398999699,0.7632437756637825
23494,VINTAGE DOILY DELUXE SEWING KIT,5377.81,0.00026190111970219026,0.7635056767834847
22775,PURPLE DRAWERKNOB ACRYLIC EDWARDIAN,5372.53,0.0002616439819617294,0.7637673207654464
37446,MINI CAKE STAND WITH HANGING CAKES,5351.1,0.00026060033389770006,0.7640279210993441
35832,WOOLLY HAT SOCK GLOVE ADVENT STRING,5347.750000000001,0.00026043718779343046,0.7642883582871376
21363,HOME SMALL WOOD LETTERS,5345.9800000000005,0.0002603509882099805,0.7645487092753476
22842,BISCUIT TIN VINTAGE RED,5315.33,0.00025885832310673727,0.7648075675984543
22998,TRAVEL CARD WALLET KEEP CALM,5314.9,0.0002588373819649952,0.7650664049804192
22801,ANTIQUE GLASS PEDESTAL BOWL,5296.7,0.0002579510359656795,0.7653243560163849
22175,PINK OWL SOFT TOY,5293.06,0.0002577737667658164,0.7655821297831508
22030,SWALLOWS GREETING CARD,5278.48,0.0002570637159597712,0.7658391934991106
21718,RED METAL BEACH SPADE,5254.05,0.00025587396690684365,0.7660950674660174
22896,PEG BAG APPLES DESIGN,5253.5,0.0002558471817255456,0.766350914647743
21993,FLORAL FOLK STATIONERY SET,5233.2300000000005,0.0002548600260438902,0.7666057746737869
22564,ALPHABET STENCIL CRAFT,5228.900000000001,0.00025464915361658047,0.7668604238274034
22476,EMPIRE UNION JACK TV DINNER TRAY,5228.51,0.0002546301604880237,0.7671150539878915
21713,CITRONELLA CANDLE FLOWERPOT,5221.04,0.0002542663690256672,0.7673693203569171
23132,SMALL IVORY HEART WALL ORGANISER,5219.1,0.00025417189038617975,0.7676234922473032
22433,WATERING CAN GREEN DINOSAUR,5215.53,0.00025399803020939083,0.7678774902775127
22691,DOORMAT WELCOME SUNRISE,5214.04,0.0002539254667182381,0.7681314157442309
22117,METAL SIGN HER DINNER IS SERVED,5207.7300000000005,0.0002536181676382556,0.7683850339118692
21587,COSY HOUR GIANT TUBE MATCHES,5198.55,0.0002531710986122271,0.7686382050104813
85132A,damaged,5195.7699999999995,0.0002530357116958481,0.7688912407221773
23263,SET OF 3 WOODEN HEART DECORATIONS,5184.69,0.0002524961120435175,0.7691437368342208
22472,TV DINNER TRAY DOLLY GIRL,5175.17,0.0002520324849054139,0.7693957693191261
21872,GLAMOROUS MUG,5172.55,0.0002519048900417762,0.769647674209168
23157,SET OF 6 NATIVITY MAGNETS,5170.1,0.00025178557423417597,0.7698994597834021
22894,TABLECLOTH RED APPLES DESIGN,5169.28,0.00025174563996387714,0.770151205423366
22412,UNKNOWN,5159.72,0.00025128006481258823,0.7704024854881786
23165,LARGE CERAMIC TOP STORAGE JAR,5147.66,0.0002506927388372175,0.7706531782270158
22571,ROCKING HORSE RED CHRISTMAS,5144.59,0.00025054322882524504,0.7709037214558411
23162,REGENCY TEA STRAINER,5143.6900000000005,0.0002504993985285756,0.7711542208543696
22509,SEWING BOX RETROSPOT DESIGN,5138.26,0.00025023495573866985,0.7714044558101083
22426,ENAMEL WASH BOWL CREAM,5137.05,0.00025017602833981423,0.7716546318384481
21495,SKULLS AND CROSSBONES WRAP,5119.3,0.0002493115974888333,0.7719039434359369
22374,AIRLINE BAG VINTAGE JET SET RED,5116.84,0.0002491917946779368,0.7721531352306148
21471,STRAWBERRY RAFFIA FOOD COVER,5114.38,0.0002490719918670403,0.7724022072224819
22610,PENS ASSORTED FUNNY FACE,5114.38,0.0002490719918670403,0.772651279214349
23397,FOOT STOOL HOME SWEET HOME,5097.65,0.0002482572353522847,0.7728995364497012
23234,BISCUIT TIN VINTAGE CHRISTMAS,5088.45,0.00024780919231966354,0.7731473456420209
20977,UNKNOWN,5081.24,0.0002474580629430116,0.7733948037049639
21578,WOODLAND DESIGN COTTON TOTE BAG,5080.86,0.00024743955681775116,0.7736422432617817
23295,SET OF 12 MINI LOAF BAKING CASES,5078.429999999999,0.0002473212150167436,0.7738895644767984
23198,PANTRY MAGNETIC SHOPPING LIST,5068.4,0.0002468327507105273,0.7741363972275089
21544,SKULLS WATER TRANSFER TATTOOS,5054.76,0.0002461684782143369,0.7743825657057233
21706,FOLDING UMBRELLA RED/WHITE POLKADOT,5046.01,0.0002457423503300505,0.7746283080560533
23314,VINTAGE CHRISTMAS TABLECLOTH,5037.96,0.00024535031267650706,0.7748736583687299
46000S,POLYESTER FILLER PAD 40x40cm,5032.95,0.00024510632402504706,0.7751187646927549
21071,UNKNOWN,5029.57,0.00024494171691088844,0.7753637064096658
22957,SET 3 PAPER VINTAGE CHICK PAPER EGG,5023.5,0.0002446461059100178,0.7756083525155758
22732,3D VINTAGE CHRISTMAS STICKERS,5004.34,0.00024371300759425468,0.77585206552317
22318,FIVE HEART HANGING DECORATION,5001.68,0.00024358346471743163,0.7760956489878874
84796B,BLUE SAVANNAH PICNIC HAMPER FOR 2,4999.79,0.00024349142109442574,0.7763391404089819
23310,BUBBLEGUM RING ASSORTED,4997.28,0.0002433691832670476,0.776582509592249
22583,PACK OF 6 HANDBAG GIFT BOXES,4996.55,0.00024333363202641572,0.7768258432242754
47568,UNKNOWN,4993.52,0.00024318607002762855,0.777069029294303
22604,SET OF 4 NAPKIN CHARMS CUTLERY,4983.12,0.00024267958659944815,0.7773117088809024
21896,POTTING SHED TWINE,4979.74,0.00024251497948528952,0.7775542238603877
23556,LANDMARK FRAME COVENT GARDEN,4974.51,0.00024226027676131035,0.777796484137149
21056,DOCTOR'S BAG SOFT TOY,4970.28,0.0002420542743669639,0.778038538411516
23570,TRADITIONAL PICK UP STICKS GAME,4944.37,0.00024079244882617987,0.7782793308603422
85184C,SET 4 VALENTINE DECOUPAGE HEART BOX,4912.360000000001,0.00023923355127463623,0.7785185644116168
22276,WASH BAG VINTAGE ROSE PAISLEY,4900.16,0.00023863940725311688,0.7787572038188699
23010,CIRCUS PARADE BABY GIFT SET,4896.549999999999,0.00023846359906314272,0.778995667417933
22956,36 FOIL HEART CAKE CASES,4896.490000000001,0.0002384606770433648,0.7792341280949765
23351,ROLL WRAP 50'S CHRISTMAS,4880.65,0.00023768926382198232,0.7794718173587984
22593,CHRISTMAS GINGHAM STAR,4870.65,0.00023720226052565503,0.779709019619324
23503,PLAYING CARDS KEEP CALM & CARRY ON,4864.3,0.00023689301343248723,0.7799459126327566
21534,DAIRY MAID LARGE MILK JUG,4852.79,0.00023633247263841448,0.7801822451053949
22107,PIZZA PLATE IN BOX,4849.34,0.00023616445650118158,0.7804184095618962
84270,UNKNOWN,4836.9,0.00023555862440055039,0.7806539681862966
22027,TEA PARTY BIRTHDAY CARD,4836.73,0.00023555034534451284,0.7808895185316412
23554,LANDMARK FRAME OXFORD STREET,4830.53,0.00023524840330078992,0.7811247669349419
23555,LANDMARK FRAME NOTTING HILL,4818.07,0.0002346415971935661,0.7813594085321356
21249,WOODLAND HEIGHT CHART STICKERS,4791.18,0.00023333204532974202,0.7815927405774653
21986,PACK OF 12 PINK POLKADOT TISSUES,4788.45,0.00023319909342984466,0.7818259396708952
22442,GROW YOUR OWN FLOWERS SET OF 3,4781.22,0.00023284699004660003,0.7820587866609418
23389,SPACEBOY MINI BACKPACK,4780.54,0.00023281387382244976,0.7822916005347642
20681,PINK POLKADOT CHILDRENS UMBRELLA,4779.9,0.0002327827056114848,0.7825243832403757
23159,SET OF 5 PANCAKE DAY MAGNETS,4771.76,0.00023238628492827442,0.7827567695253039
22128,PARTY CONES CANDY ASSORTED,4767.09,0.00023215885438888955,0.7829889283796928
23184,BULL DOG BOTTLE OPENER,4764.5,0.0002320327205351408,0.783220961100228
21916,SET 12 RETRO WHITE CHALK STICKS,4763.24,0.00023197135811980354,0.7834529324583478
22474,SPACEBOY TV DINNER TRAY,4761.38,0.00023188077550668668,0.7836848132338544
22688,DOORMAT PEACE ON EARTH BLUE,4756.7,0.00023165285796400547,0.7839164660918185
23569,TRADTIONAL ALPHABET STAMP SET,4752.31,0.00023143906351691783,0.7841479051553355
22434,BALLOON PUMP WITH 10 BALLOONS,4749.09,0.00023128224845550042,0.784379187403791
23286,BLUE VINTAGE SPOT BEAKER,4747.62,0.0002312106589709403,0.7846103980627619
23558,LANDMARK FRAME LONDON BRIDGE,4741.37,0.00023090628191073574,0.7848413043446726
22399,MAGNETS PACK OF 4 CHILDHOOD MEMORY,4739.6,0.00023082008232728582,0.7850721244269999
22672,FRENCH BATHROOM SIGN BLUE METAL,4737.759999999999,0.00023073047372076155,0.7853028549007206
85049G,CHOCOLATE BOX RIBBONS,4733.62,0.00023052885435608208,0.7855333837550766
22305,COFFEE MUG PINK PAISLEY DESIGN,4716.63,0.000229701435755622,0.7857630851908324
23241,TREASURE TIN GYMKHANA DESIGN,4709.070000000001,0.0002293332612635986,0.785992418452096
22304,COFFEE MUG BLUE PAISLEY DESIGN,4704.86,0.00022912823287584477,0.7862215466849718
20961,STRAWBERRY BATH SPONGE,4702.65,0.00022902060514735643,0.7864505672901192
23176,ABC TREASURE BOOK BOX,4697.58,0.0002287736944761185,0.7866793409845952
22562,MONSTERS STENCIL CRAFT,4693.55,0.0002285774321476986,0.7869079184167429
20963,APPLE BATH SPONGE,4681.15,0.00022797354806025275,0.7871358919648032
22721,SET OF 3 CAKE TINS SKETCHBOOK,4678.71,0.0002278547192559489,0.7873637466840592
22075,6 RIBBONS ELEGANT CHRISTMAS,4676.65,0.00022775439657690544,0.787591501080636
82581,TOILET METAL SIGN,4673.200000000001,0.0002275863804396726,0.7878190874610758
72807B,????missing,4658.62,0.00022687632963362735,0.7880459637907093
15044B,BLUE PAPER PARASOL,4644.13,0.0002261706618572491,0.7882721344525666
22574,HEART WOODEN CHRISTMAS DECORATION,4632.57,0.00022560768604669472,0.7884977421386133
21328,BALLOONS WRITING SET,4629.13,0.00022544015691275816,0.7887231822955261
22800,ANTIQUE TALL SWIRLGLASS TRINKET POT,4605.15,0.00022427232300816527,0.7889474546185342
21811,UNKNOWN,4592.18,0.0002236406797328288,0.789171095298267
21878,PACK OF 6 SANDCASTLE FLAGS ASSORTED,4590.73,0.0002235700642548613,0.7893946653625219
51014A,"FEATHER PEN,HOT PINK",4575.219999999999,0.00022281472214225767,0.7896174800846643
21506,"FANCY FONT BIRTHDAY CARD,",4574.8099999999995,0.00022279475500710825,0.7898402748396712
23285,PINK VINTAGE SPOT BEAKER,4572.41,0.00022267787421598973,0.7900629527138873
10135,COLOURING PENCILS BROWN TUBE,4568.71,0.00022249768299634863,0.7902854503968837
22743,MAKE YOUR OWN FLOWERPOWER CARD KIT,4563.150000000001,0.00022222690916359067,0.7905076773060472
22736,RIBBON REEL MAKING SNOWMEN,4563.03,0.0002222210651240347,0.7907298983711712
15044D,RED PAPER PARASOL,4562.6,0.00022220012398229267,0.7909520984951536
23404,HOME SWEET HOME BLACKBOARD,4561.76,0.00022215921570540117,0.7911742577108589
23168,CLASSIC CAFE SUGAR DISPENSER,4559.92,0.00022206960709887693,0.7913963273179578
23275,SET OF 3 HANGING OWLS OLLIE BEAK,4557.97,0.00022197464145609313,0.791618301959414
22601,CHRISTMAS RETROSPOT ANGEL WOOD,4549.74,0.00022157383774321573,0.7918398757971571
85184D,S/4 BLUE ROUND DECOUPAGE BOXES,4549.73,0.0002215733507399194,0.7920614491478971
37447,CERAMIC CAKE DESIGN SPOTTED PLATE,4546.8099999999995,0.00022143114577739183,0.7922828802936744
21614,UNKNOWN,4541.12,0.0002211540409017816,0.7925040343345763
21990,MODERN FLORAL STATIONERY SET,4540.99,0.00022114770985892936,0.7927251820444352
22908,PACK OF 20 NAPKINS RED APPLES,4529.95,0.00022061005821978402,0.7929457921026549
21564,PINK HEART SHAPE LOVE BUCKET,4527.450000000001,0.00022048830739570223,0.7931662804100506
23309,SET OF 60 I LOVE LONDON CAKE CASES,4527.2,0.000220476132313294,0.7933867565423639
22760,"TRAY, BREAKFAST IN BED",4519.639999999999,0.00022010795782127055,0.7936068645001852
23163,REGENCY SUGAR TONGS,4515.22,0.00021989270236429394,0.7938267572025495
23112,PARISIENNE CURIO CABINET,4514.58,0.00021986153415332898,0.7940466187367028
22451,UNKNOWN,4507.04,0.00021949433366789817,0.7942661130703708
22747,POPPY'S PLAYHOUSE BATHROOM,4499.8,0.00021914174328135723,0.7944852548136521
21109,LARGE CAKE TOWEL CHOCOLATE SPOTS,4498.69,0.0002190876859154649,0.7947043424995675
84279P,CHERRY BLOSSOM DECORATIVE FLASK,4491.67,0.00021874580960144313,0.794923088309169
84968E,SET OF 16 VINTAGE BLACK CUTLERY,4490.48,0.00021868785620918015,0.7951417761653782
23167,SMALL CERAMIC TOP STORAGE JAR,4476.009999999999,0.00021798316243939455,0.7953597593278176
23530,WALL ART ONLY ONE PERSON,4465.97,0.00021749421112988198,0.7955772535389475
22291,HANGING CHICK CREAM DECORATION,4456.429999999999,0.0002170296099851857,0.7957942831489326
21064,BOOM BOX SPEAKER BOYS,4453.27,0.00021687571694354633,0.7960111588658761
23288,GREEN VINTAGE SPOT BEAKER,4444.23,0.0002164354659636664,0.7962275943318399
21864,UNION JACK FLAG PASSPORT COVER,4442.04,0.00021632881224177076,0.7964439231440816
22299,PIG KEYRING WITH LIGHT & SOUND,4432.07,0.00021584326995533243,0.796659766414037
22733,3D TRADITIONAL CHRISTMAS STICKERS,4429.24,0.0002157054480224718,0.7968754718620594
79341,"Unsaleable, destroyed.",4423.6900000000005,0.00021543516119301018,0.7970909070232525
21810,CHRISTMAS HANGING STAR WITH BELL,4415.36,0.0002150294874471695,0.7973059365106996
22548,adjustment,4411.81,0.00021485660127697336,0.7975207931119765
84031A,CHARLIE+LOLA RED HOT WATER BOTTLE,4409.92,0.00021476455765396748,0.7977355576696306
22573,STAR WOODEN CHRISTMAS DECORATION,4408.08,0.00021467494904744324,0.797950232618678
21967,PACK OF 12 SKULL TISSUES,4406.469999999999,0.00021459654151673453,0.7981648291601947
22449,SILK PURSE BABUSHKA PINK,4384.5,0.0002135265952747035,0.7983783557554693
85053,FRENCH ENAMEL CANDLEHOLDER,4382.18,0.00021341361050995558,0.7985917693659794
22594,CHRISTMAS GINGHAM TREE,4379.88,0.00021330159975180028,0.7988050709657312
20674,GREEN POLKADOT BOWL,4379.77,0.0002132962427155407,0.7990183672084467
22071,SMALL WHITE RETROSPOT MUG IN BOX,4378.38,0.00021322854925735117,0.7992315957577041
21537,RED RETROSPOT PUDDING BOWL,4359.96,0.0002123314891855163,0.7994439272468895
79320,FLAMINGO LIGHTS,4357.38,0.00021220584233506387,0.7996561330892247
23349,ROLL WRAP VINTAGE CHRISTMAS,4355.1,0.00021209480558350124,0.7998682278948082
22227,HANGING HEART MIRROR DECORATION,4353.92,0.00021203733919453462,0.8000802652340027
22202,UNKNOWN,4351.25,0.00021190730931441523,0.8002921725433171
84598,BOYS ALPHABET IRON ON PATCHES,4350.14,0.0002118532519485229,0.8005040257952656
15039,SANDALWOOD FAN,4347.32,0.00021171591701895859,0.8007157417122847
22611,VINTAGE UNION JACK SHOPPING BAG,4343.58,0.00021153377778613218,0.8009272754900707
21899,GARAGE KEY FOB,4336.12,0.000211170473327072,0.8011384459633978
22892,SET OF SALT AND PEPPER TOADSTOOLS,4329.56,0.00021085099916468133,0.8013492969625625
22425,ENAMEL COLANDER CREAM,4326.47,0.0002107005151461162,0.8015599974777086
84997b,CHILDRENS CUTLERY RETROSPOT RED,4322.57,0.00021051058386054852,0.8017705080615691
21913,VINTAGE SEASIDE JIGSAW PUZZLES,4309.98,0.00020989744671047245,0.8019804055082795
47580,TEA TIME DES TEA COSY,4308.8,0.00020983998032150585,0.8021902454886012
21012,ANTIQUE ALL GLASS CANDLESTICK,4300.0,0.00020941141742073782,0.8023996569060219
21153,UNKNOWN,4294.6900000000005,0.00020915281867038807,0.8026088097246923
21245,GREEN POLKADOT PLATE,4288.639999999999,0.00020885818167610997,0.8028176679063683
84969,BOX OF 6 ASSORTED COLOUR TEASPOONS,4288.43,0.00020884795460688715,0.8030265158609753
23050,RECYCLED ACAPULCO MAT GREEN,4286.55,0.00020875639798717763,0.8032352722589624
20966,SANDWICH BATH SPONGE,4282.74,0.0002085708497312769,0.8034438431086937
22723,SET OF 6 HERB TINS SKETCHBOOK,4282.570000000001,0.00020856257067523938,0.8036524056793689
22285,HANGING HEN ON NEST DECORATION,4281.009999999999,0.00020848659816101225,0.8038608922775299
84950,ASSORTED COLOUR T-LIGHT HOLDER,4279.07,0.00020839211952152476,0.8040692843970515
23237,SET OF 4 KNICK KNACK TINS LEAF,4278.54,0.00020836630834681944,0.8042776507053984
22312,OFFICE MUG WARMER POLKADOT,4277.650000000001,0.00020832296505344635,0.8044859736704517
72802B,check,4263.22,0.00020762021929684603,0.8046935938897486
20665,RED RETROSPOT PURSE,4262.240000000001,0.00020757249297380598,0.8049011663827224
22744,MAKE YOUR OWN MONSOON CARD KIT,4260.71,0.00020749798146946788,0.8051086643641918
22530,MAGIC DRAWING SLATE DOLLY GIRL,4258.77,0.0002074035028299804,0.8053160678670218
20982,12 PENCILS TALL TUBE SKULLS,4254.0,0.00020717120225763225,0.8055232390692795
21556,CERAMIC STRAWBERRY MONEY BOX,4249.51,0.0002069525377775813,0.8057301916070571
22497,SET OF 2 TINS VINTAGE BATHROOM,4243.32,0.0002066510827371547,0.8059368426897943
21068,VINTAGE BILLBOARD LOVE/HATE MUG,4227.13,0.0002058626244004008,0.8061427053141946
21355,TOAST ITS - I LOVE YOU,4225.55,0.0002057856778795811,0.8063484909920742
72807A,AMAZON,4217.79,0.00020540776332163112,0.8065538987553957
23089,GLASS BON BON JAR,4217.73,0.00020540484130185312,0.8067593035966977
22851,SET 20 NAPKINS FAIRY CAKES DESIGN,4214.929999999999,0.00020526848037888146,0.8069645720770765
22600,CHRISTMAS RETROSPOT STAR WOOD,4212.45,0.00020514770356139234,0.807169719780638
21707,FOLDING UMBRELLA BLACKBLUE POLKADOT,4209.7,0.00020501377765490232,0.8073747335582928
23012,GLASS APOTHECARY BOTTLE PERFUME,4208.96,0.0002049777394109741,0.8075797112977038
22797,CHEST OF DRAWERS GINGHAM HEART,4205.5599999999995,0.0002048121582902228,0.807784523455994
21470,FLOWER VINE RAFFIA FOOD COVER,4202.18,0.00020464755117606423,0.80798917100717
23144,ZINC T-LIGHT HOLDER STARS SMALL,4197.83,0.00020443570474216183,0.8081936067119122
21609,SET 12 LAVENDER BOTANICAL T-LIGHTS,4195.14,0.0002043047008554498,0.8083979114127677
21143,ANTIQUE GLASS HEART DECORATION,4190.099999999999,0.0002040592511941008,0.8086019706639618
21474,UNKNOWN,4189.5,0.0002040300309963212,0.8088060006949581
22926,UNKNOWN,4174.110000000001,0.0002032805329232735,0.8090092812278814
22833,UNKNOWN,4163.54,0.00020276577043905553,0.8092120469983205
22127,sold in set?,4160.61,0.0002026230784732316,0.8094146700767937
23110,PARISIENNE KEY CABINET,4158.68,0.00020252908683704047,0.8096171991636307
21590,UNKNOWN,4151.28,0.00020216870439775824,0.8098193678680286
70006,LOVE HEART POCKET WARMER,4147.8099999999995,0.00020199971425393265,0.8100213675822825
23486,ANTIQUE HEART SHELF UNIT,4145.47,0.0002018857554825921,0.810223253337765
23306,SET OF 36 PANTRY PAPER DOILIES,4123.38,0.0002008099652010051,0.810424063302966
22125,UNKNOWN,4118.84,0.00020058886570447252,0.8106246521686705
22807,SET OF 6 T-LIGHTS TOADSTOOLS,4102.91,0.00019981306945342312,0.8108244652381239
23255,CHILDRENS CUTLERY CIRCUS PARADE,4101.37,0.00019973807094578872,0.8110242033090697
84596B,SMALL DOLLY MIX DESIGN ORANGE BOWL,4100.2699999999995,0.0001996845005831927,0.8112238878096528
23193,BUFFALO BILL TREASURE BOOK BOX,4097.28,0.00019953888659759083,0.8114234266962506
23194,GYMKHANA TREASURE BOOK BOX,4086.37,0.00019900756600129777,0.8116224342622518
21911,UNKNOWN,4085.7999999999997,0.0001989798068134071,0.8118214140690652
16161U,WRAP SUKI AND FRIENDS,4084.92,0.00019893695052333033,0.8120203510195886
23009,I LOVE LONDON BABY GIFT SET,4082.5199999999995,0.00019882006973221173,0.8122191710893207
21472,UNKNOWN,4081.57,0.00019877380441906068,0.8124179448937398
21901,"KEY FOB , BACK DOOR",4077.76,0.00019858825616315997,0.8126165331499029
20981,12 PENCILS TALL TUBE WOODLAND,4076.81,0.00019854199085000886,0.812815075140753
22359,GLASS JAR KINGS CHOICE,4072.83,0.0001983481635380706,0.813013423304291
22284,HEN HOUSE DECORATION,4067.24,0.00019807592869542365,0.8132114992329865
84580,MOUSE TOY WITH PINK T-SHIRT,4066.94,0.00019806131859653384,0.813409560551583
72349B,SET/6 PURPLE BUTTERFLY T-LIGHTS,4058.3900000000003,0.000197644930778174,0.8136072054823612
21717,UNKNOWN,4057.48,0.0001976006134782082,0.8138048060958394
35924,HANGING FAIRY CAKE DECORATION,4055.7,0.00019751392689146193,0.8140023200227309
21679,SKULLS STICKERS,4054.91,0.0001974754536310521,0.8141997954763619
23340,VINTAGE CHRISTMAS CAKE FRILL,4053.8799999999997,0.00019742529229153038,0.8143972207686534
23081,GREEN METAL BOX ARMY SUPPLIES,4046.5,0.00019706588385884084,0.8145942866525122
22639,SET OF 4 NAPKIN CHARMS HEARTS,4036.4199999999996,0.0001965749845361429,0.8147908616370484
21349,check,4024.23,0.00019598132751791995,0.8149868429645664
22053,EMPIRE DESIGN ROSETTE,4023.3899999999994,0.00019594041924102842,0.8151827833838073
22057,CERAMIC PLATE STRAWBERRY DESIGN,4019.18,0.00019573539085327465,0.8153785187746606
20967,GREY FLORAL FELTCRAFT SHOULDER BAG,4012.34,0.0001954022805985868,0.8155739210552592
22454,MEASURING TAPE BABUSHKA RED,4007.38,0.00019516072696360845,0.8157690817822228
22245,UNKNOWN,4005.85,0.00019508621545927037,0.8159641679976821
22959,WRAP CHRISTMAS VILLAGE,4002.96,0.00019494547150663178,0.8161591134691887
23129,HEART SHAPED HOLLY WREATH,3999.5000000000005,0.00019477696836610258,0.8163538904375548
85206A,UNKNOWN,3994.4599999999996,0.00019453151870475356,0.8165484219562597
21987,PACK OF 6 SKULL PAPER CUPS,3990.6600000000003,0.0001943464574521492,0.8167427684137117
23130,MISTLETOE HEART WREATH GREEN,3988.98,0.00019426464089836623,0.8169370330546101
22612,UNKNOWN,3984.99,0.00019407032658313162,0.8171311033811933
22445,PENCIL CASE LIFE IS BEAUTIFUL,3975.4100000000003,0.0001936037774252501,0.8173247071586185
22731,3D CHRISTMAS STAMPS STICKERS,3974.37,0.00019355312908243203,0.8175182602877008
21648,ASSORTED TUTTI FRUTTI SMALL PURSE,3968.98,0.00019329063430571162,0.8177115509220065
21812,GARLAND WITH HEARTS AND BELLS,3957.09,0.00019271158738637847,0.817904262509393
21034,REX CASH+CARRY JUMBO SHOPPER,3951.0499999999997,0.00019241743739539677,0.8180966799467884
18097C,WHITE TALL PORCELAIN T-LIGHT HOLDER,3942.77,0.00019201419866603778,0.8182886941454544
22788,BROCANTE COAT RACK,3942.62,0.00019200689361659288,0.818480701039071
23557,LANDMARK FRAME BAKER STREET,3930.27,0.00019140544454562865,0.8186721064836167
22980,PANTRY SCRUBBING BRUSH,3914.9599999999996,0.00019065984249895155,0.8188627663261157
46000M,POLYESTER FILLER PAD 45x45cm,3901.3500000000004,0.00018999703101265015,0.8190527633571282
23049,RECYCLED ACAPULCO MAT RED,3896.84,0.0001897773925260065,0.8192425407496542
22314,OFFICE MUG WARMER CHOC+BLUE,3891.4300000000003,0.00018951392374269346,0.8194320546733969
21192,WHITE BELL HONEYCOMB PAPER,3888.9399999999996,0.00018939265992190792,0.8196214473333189
37340,MULTICOLOUR SPRING FLOWER MUG,3886.43,0.00018927042209452977,0.8198107177554134
22790,"MIRROR, ARCHED GEORGIAN",3884.0000000000005,0.00018915208029352229,0.8199998698357068
23552,BICYCLE PUNCTURE REPAIR KIT,3883.9900000000002,0.00018915159329022595,0.8201890214289972
23032,DRAWER KNOB CRACKLE GLAZE IVORY,3876.7799999999997,0.00018880046391357393,0.8203778218929106
22591,CARDHOLDER GINGHAM CHRISTMAS TREE,3874.5499999999997,0.00018869186217849296,0.8205665137550892
22118,JOY WOODEN BLOCK LETTERS,3873.0200000000004,0.00018861735067415492,0.8207551311057634
22843,BISCUIT TIN VINTAGE GREEN,3872.01,0.00018856816334122584,0.8209436992691046
22475,SKULL DESIGN TV DINNER TRAY,3871.65,0.00018855063122255806,0.8211322499003271
21055,TOOL BOX SOFT TOY,3865.9399999999996,0.00018827255234035514,0.8213205224526675
22478,BIRDHOUSE GARDEN MARKER,3855.91,0.00018778408803413887,0.8215083065407017
22777,UNKNOWN,3855.82,0.00018777970500447194,0.8216960862457061
22272,Damaged,3851.2900000000004,0.0001875590925112357,0.8218836453382173
23253,16 PIECE CUTLERY SET PANTRY DESIGN,3848.86,0.00018744075071022815,0.8220710860889275
21447,12 IVORY ROSE PEG PLACE SETTINGS,3846.38,0.00018731997389273897,0.8222584060628202
22778,GLASS CLOCHE SMALL,3844.46,0.00018722646925984412,0.8224456325320801
21067,UNKNOWN,3840.67,0.00018704189501053608,0.8226326744270908
23131,MISTLETOE HEART WREATH CREAM,3840.13,0.00018701559683253441,0.8228196900239232
23111,PARISIENNE SEWING BOX,3839.2400000000002,0.00018697225353916128,0.8230066622774623
85040B,UNKNOWN,3838.5299999999997,0.00018693767630512201,0.8231935999537675
22965,3 TRADITIONAl BISCUIT CUTTERS SET,3838.2400000000002,0.00018692355320952856,0.8233805235069771
21846,PINK DIAMANTE PEN IN GIFT BOX,3833.4,0.00018668784361410614,0.8235672113505912
71038,WHITE HANGING BEADS CANDLE HOLDER,3821.9500000000003,0.00018613022483981138,0.8237533415754309
72802A,ROSE SCENT CANDLE IN JEWELLED BOX,3806.9,0.0001853972848788388,0.8239387388603099
21100,Damaged,3806.5499999999997,0.00018538023976346732,0.8241241191000732
23542,WALL ART 70'S ALPHABET,3800.16,0.0001850690446571142,0.8243091881447303
22579,WOODEN TREE CHRISTMAS SCANDINAVIAN,3799.85,0.00018505394755492804,0.8244942420922853
22458,Missing,3795.5699999999997,0.00018484551014409995,0.8246790876024295
84016,FLAG OF ST GEORGE CAR FLAG,3791.67,0.00018465557885853233,0.8248637431812879
21813,GARLAND WITH STARS AND BELLS,3791.11,0.000184628306673938,0.8250483714879618
22292,HANGING CHICK YELLOW DECORATION,3786.79,0.0001844179212499246,0.8252327894092119
23299,FOOD COVER WITH BEADS SET 2,3784.13,0.00018428837837310155,0.8254170777875849
21627,ELEPHANT CARNIVAL POUFFE,3781.2999999999997,0.0001841505564402409,0.8256012283440252
21743,STAR PORTABLE TABLE LIGHT,3778.88,0.0001840327016425297,0.8257852610456676
23092,LARGE ANTIQUE WHITE PHOTO FRAME,3773.5800000000004,0.00018377458989547626,0.8259690356355632
84356,POMPOM CURTAIN,3771.0400000000004,0.00018365089105820912,0.8261526865266214
21329,DINOSAURS WRITING SET,3770.56,0.0001836275148999854,0.8263363140415213
85049C,ROMANTIC PINKS RIBBONS,3770.04,0.00018360219072857637,0.8265199162322499
23127,FELTCRAFT GIRL NICOLE KIT,3763.9500000000003,0.00018330560572111306,0.8267032218379711
22830,UNKNOWN,3760.71,0.000183147816653103,0.826886369654624
21845,DAIRY MAID STRIPE MUG,3759.2000000000003,0.0001830742791553576,0.8270694439337796
22544,MINI JIGSAW SPACEBOY,3758.2,0.00018302557882572486,0.8272524695126052
22162,HEART GARLAND RUSTIC PADDED,3746.75,0.0001824679600514301,0.8274349374726567
21795,SET OF 3 BLUE STRIPE BASKET,3734.94,0.00018189280915846756,0.8276168302818151
22494,EMERGENCY FIRST AID TIN,3732.17,0.0001817579092453849,0.8277985881910606
23091,ZINC HERB GARDEN CONTAINER,3725.07,0.00018141213690499254,0.8279800003279655
23182,TOILET SIGN OCCUPIED OR VACANT,3718.0899999999997,0.00018107220860415606,0.8281610725365697
23064,CINDERELLA CHANDELIER,3717.56,0.00018104639742945073,0.828342118933999
22782,SET 3 WICKER STORAGE BASKETS,3712.2999999999997,0.00018079023369558256,0.8285229091676947
85232D,SET/3 DECOUPAGE STACKING TINS,3705.96,0.00018048147360571107,0.8287033906413004
22398,MAGNETS PACK OF 4 SWALLOWS,3705.37,0.00018045274041122774,0.8288838433817117
21351,CINAMMON & ORANGE WREATH,3702.75,0.00018032514554759,0.8290641685272593
20692,UNKNOWN,3699.76,0.00018017953156198815,0.8292443480588212
21246,damaged,3685.63,0.00017949139590427767,0.8294238394547254
23013,GLASS APOTHECARY BOTTLE TONIC,3678.11,0.00017912516942543953,0.829602964624151
85040A,S/4 PINK FLOWER CANDLES IN BOWL,3677.8399999999997,0.00017911202033643868,0.8297820766444874
20785,FUSCHIA RETRO BAR STOOL,3672.35,0.000178844655526755,0.8299609213000141
84558A,3D DOG PICTURE PLAYING CARDS,3666.4600000000005,0.00017855781058521826,0.8301394791105994
23497,CLASSIC CHROME BICYCLE BELL,3660.37,0.00017826122557775491,0.8303177403361771
23191,BUNDLE OF 3 RETRO NOTE BOOKS,3656.9399999999996,0.00017809418344711463,0.8304958345196242
22769,UNKNOWN,3656.86,0.00017809028742074402,0.8306739248070448
22823,CHEST NATURAL WOOD 20 DRAWERS,3655.0,0.00017799970480762714,0.8308519245118525
22962,JAM JAR WITH PINK LID,3647.73,0.0001776456534111972,0.8310295701652637
21486,UNKNOWN,3646.17,0.00017756968089697016,0.8312071398461608
22589,CARDHOLDER GINGHAM STAR,3636.98,0.00017712212486764537,0.8313842619710284
22774,RED DRAWER KNOB ACRYLIC EDWARDIAN,3636.06,0.00017707732056438324,0.8315613392915927
23085,ANTIQUE SILVER BAUBLE LAMP,3635.23,0.0001770368992907881,0.8317383761908835
85114B,IVORY ENCHANTED FOREST PLACEMAT,3632.8999999999996,0.0001769234275227438,0.8319152996184063
23294,SET OF 6 SNACK LOAF BAKING CASES,3631.0499999999997,0.00017683333191292327,0.8320921329503191
22461,SAVOY ART DECO CLOCK,3620.56,0.00017632246545507593,0.8322684554157744
23210,WHITE ROCKING HORSE HAND PAINTED,3617.7799999999997,0.00017618707853869693,0.8324446424943129
21866,UNION JACK FLAG LUGGAGE TAG,3612.75,0.00017594211588064433,0.8326205846101936
22944,CHRISTMAS METAL POSTCARD WITH BELLS,3592.9900000000002,0.0001749797973671016,0.8327955644075608
21509,COWBOYS AND INDIANS BIRTHDAY CARD,3592.2599999999998,0.00017494424612646967,0.8329705086536872
22536,MAGIC DRAWING SLATE PURDEY,3589.18,0.00017479424911120086,0.8331453029027983
22704,WRAP RED APPLES,3585.76,0.00017462769398385696,0.8333199305967823
21784,UNKNOWN,3578.08,0.00017425367545227758,0.8334941842722345
21054,UNKNOWN,3573.7999999999997,0.00017404523804144949,0.833668229510276
84968F,SET OF 16 VINTAGE SKY BLUE CUTLERY,3571.77,0.00017394637637229506,0.8338421758866482
20784,RED RETRO BAR STOOL,3570.87,0.00017390254607562558,0.834016078432724
23332,IVORY WICKER HEART LARGE,3570.7599999999998,0.00017389718903936598,0.8341899756217633
22334,DINOSAUR PARTY BAG + STICKER SET,3555.66,0.00017316181406191178,0.8343631374358251
22603,CHRISTMAS RETROSPOT TREE WOOD,3553.79,0.00017307074444549857,0.8345362081802707
21794,adjustment,3552.09,0.00017298795388512295,0.8347091961341558
20886,BOX OF 9 PEBBLE CANDLES,3551.92,0.00017297967482908538,0.8348821758089848
22320,BIRDS MOBILE VINTAGE DESIGN,3550.9700000000003,0.0001729334095159343,0.8350551092185009
22176,amazon,3548.63,0.0001728194507445937,0.8352279286692454
22166,WALL MIRROR RECTANGLE DIAMANTE PINK,3536.7,0.00017223845581207522,0.8354001671250575
20786,Damages,3533.9,0.0001721020948891036,0.8355722692199465
47505,UNKNOWN,3532.3700000000003,0.00017202758338476552,0.8357442968033313
21179,damaged,3529.54,0.0001718897614519049,0.8359161865647832
22902,TOTE BAG I LOVE LONDON,3527.56,0.00017179333479923207,0.8360879798995825
23353,6 GIFT TAGS VINTAGE CHRISTMAS,3517.5199999999995,0.00017130438348971944,0.8362592842830723
22939,ADULT APRON APPLE DELIGHT,3517.39,0.0001712980524468672,0.8364305823355191
22531,MAGIC DRAWING SLATE CIRCUS PARADE,3512.8,0.000171074517933853,0.836601656853453
22765,UNKNOWN,3508.3,0.0001708553664505057,0.8367725122199033
23189,SET OF 12 FORK CANDLES,3507.51,0.00017081689319009585,0.8369433291130935
84352,SILVER CHRISTMAS TREE BAUBLE STAND,3505.58,0.00017072290155390466,0.8371140520146474
22076,6 RIBBONS EMPIRE,3496.7899999999995,0.00017029482565643296,0.837284346840304
21469,POLKA DOT RAFFIA FOOD COVER,3482.01,0.00016957503478446124,0.8374539218750883
21466,RED FLOWER CROCHET FOOD COVER,3479.79,0.00016946692005267658,0.837623388795141
23232,WRAP VINTAGE LEAF DESIGN,3478.92,0.0001694245507658961,0.8377928133459069
22309,TEA COSY RED STRIPE,3466.73,0.00016883089374767311,0.8379616442396546
22764,"RUSTIC WOODEN CABINET, GLASS DOORS",3462.49,0.00016862440435003035,0.8381302686440045
21507,ELEPHANT BIRTHDAY CARD,3460.45,0.00016852505567757956,0.8382987936996821
23350,ROLL WRAP VINTAGE SPOT,3456.33,0.00016832441031949273,0.8384671181100017
22172,UNKNOWN,3451.82,0.00016810477183284913,0.8386352228818346
23426,METAL SIGN DROP YOUR PANTS,3450.21,0.00016802636430214042,0.8388032492461368
23388,WOODLAND MINI BACKPACK,3448.69,0.00016795233980109868,0.8389712015859377
85123a,WHITE HANGING HEART T-LIGHT HOLDER,3444.02,0.00016772490926171384,0.8391389264951994
23536,WALL ART VILLAGE SHOW,3442.13,0.00016763286563870798,0.8393065593608383
23065,LARGE DECO JEWELLERY STAND,3439.94,0.00016752621191681229,0.8394740855727549
23156,SET OF 5 MINI GROCERY MAGNETS,3437.85,0.0001674244282278799,0.8396415100009829
22440,BALLOON WATER BOMB PACK OF 35,3437.21,0.00016739326001691496,0.8398089032609999
23354,6 GIFT TAGS 50'S CHRISTMAS,3431.89,0.00016713417426326882,0.8399760374352632
22452,MEASURING TAPE BABUSHKA PINK,3428.9,0.00016698856027766697,0.8401430259955408
21364,PEACE SMALL WOOD LETTERS,3427.9700000000003,0.00016694326897110853,0.8403099692645118
23014,GLASS APOTHECARY BOTTLE ELIXIR,3427.48,0.00016691940580958848,0.8404768886703214
21039,RED RETROSPOT SHOPPING BAG,3423.6499999999996,0.0001667328835470951,0.8406436215538686
37501,UNKNOWN,3422.0,0.00016665252800320113,0.8408102740818718
21902,"KEY FOB , FRONT DOOR",3419.0800000000004,0.00016651032304067356,0.8409767844049124
22459,UNKNOWN,3410.14,0.00016607494209375695,0.8411428593470062
21191,LARGE WHITE HONEYCOMB PAPER BELL,3408.61,0.00016600043058941888,0.8413088597775956
84472,UNKNOWN,3402.32,0.00016569410551602902,0.8414745538831117
23239,SET OF 4 KNICK KNACK TINS POPPIES,3399.4900000000002,0.0001655562835831684,0.8416401101666947
21123,SET/10 IVORY POLKADOT PARTY CANDLES,3398.06,0.00016548664211179357,0.8418055968088066
22862,UNKNOWN,3394.47,0.00016531180792841207,0.841970908616735
21327,SKULLS WRITING SET,3386.7599999999998,0.00016493632838694372,0.8421358449451221
22428,ENAMEL FIRE BUCKET CREAM,3386.62,0.00016492951034079514,0.8423007744554627
44230,SQUARE MIRROR CURTAIN,3381.6200000000003,0.0001646860086926315,0.8424654604641554
22822,CREAM WALL PLANTER HEART SHAPED,3379.25,0.00016457058891140194,0.8426300310530668
22047,EMPIRE GIFT WRAP,3372.0,0.00016421751152156464,0.8427942485645883
21211,SET OF 72 SKULL PAPER DOILIES,3369.99,0.00016411962385900285,0.8429583681884473
22477,WATERING CAN GARDEN MARKER,3369.24,0.00016408309861177828,0.8431224512870591
22223,CAKE PLATE LOVEBIRD PINK,3364.61,0.00016385761608557877,0.8432863089031447
84797A,PINK HAWAIIAN PICNIC HAMPER FOR 4,3361.25,0.00016369398297801278,0.8434500028861227
21917,SET 12 KIDS WHITE CHALK STICKS,3336.82,0.00016250423392508522,0.8436125071200478
20702,PINK PADDED MOBILE,3330.7,0.00016220618790773288,0.8437747133079555
22136,LOVE HEART SOCK HANGER,3330.47,0.00016219498683191737,0.8439369082947875
15058B,PINK POLKADOT GARDEN PARASOL,3327.67,0.00016205862590894574,0.8440989669206964
84828,JUNGLE POPSICLES ICE LOLLY MOULDS,3321.43,0.0001617547358520375,0.8442607216565484
23395,BELLE JARDINIERE CUSHION COVER,3305.83,0.0001609950107097669,0.8444217166672583
22281,EASTER TREE YELLOW BIRDS,3303.71,0.00016089176601094554,0.844582608433269
84813,SET OF 4 DIAMOND NAPKIN RINGS,3300.7599999999998,0.00016074810003852895,0.8447433565333077
84975,UNKNOWN,3300.2,0.00016072082785393462,0.8449040773611616
22183,CAKE STAND VICTORIAN FILIGREE MED,3297.25,0.00016057716188151808,0.8450646545230431
22122,UNKNOWN,3295.9800000000005,0.00016051531246288455,0.845225169835506
37410,UNKNOWN,3288.65,0.00016015833904667662,0.8453853281745526
23308,SET OF 60 VINTAGE LEAF CAKE CASES,3279.21,0.00015969860793494365,0.8455450267824876
22967,SET 3 SONG BIRD PAPER EGGS ASSORTED,3277.3100000000004,0.0001596060773086415,0.8457046328597964
22762,CUPBOARD 3 DRAWER MA CAMPAGNE,3276.62,0.00015957247408119487,0.8458642053338774
22792,FLUTED ANTIQUE CANDLE HOLDER,3271.7299999999996,0.00015933432946929081,0.8460235396633468
22794,SWEETHEART WIRE MAGAZINE RACK,3271.35,0.0001593158233440304,0.8461828554866908
21467,CHERRY CROCHET FOOD COVER,3271.25,0.00015931095331106712,0.8463421664400019
21829,adjustment,3269.8999999999996,0.0001592452078660629,0.8465014116478679
84031B,CHARLIE LOLA BLUE HOT WATER BOTTLE,3267.68,0.00015913709313427826,0.8466605487410022
18098C,PORCELAIN BUTTERFLY OIL BURNER,3266.53,0.00015908108775520064,0.8468196298287574
84510A,SET OF 4 ENGLISH ROSE COASTERS,3264.14,0.0001589646939673784,0.8469785945227248
23053,RECYCLED ACAPULCO MAT PINK,3262.57,0.00015888823444985502,0.8471374827571747
21477,STRING OF 20 ROSE LIGHTS,3248.94,0.00015822444895696093,0.8472957072061316
22419,LIPSTICK PEN RED,3246.37,0.0001580992891098048,0.8474538064952414
21732,RED HANGING METAL STAR TLIGHT HLDR,3244.57,0.0001580116285164659,0.8476118181237579
84849B,FAIRY SOAP SOAP HOLDER,3244.14,0.00015799068737472381,0.8477698088111326
20992,JAZZ HEARTS PURSE NOTEBOOK,3243.2799999999997,0.00015794880509123965,0.8479277576162237
84837,UNKNOWN,3235.54,0.00015757186453988235,0.8480853294807638
22972,CHILDREN'S SPACEBOY MUG,3234.5899999999997,0.00015752559922673124,0.8482428550799905
23393,HOME SWEET HOME CUSHION COVER,3230.41,0.00015732203184886642,0.8484001771118393
23230,WRAP ALPHABET DESIGN,3228.42,0.0001572251181928973,0.8485574022300322
23035,DRAWER KNOB CERAMIC IVORY,3226.0899999999997,0.00015711164642485302,0.848714513876457
21830,ASSORTED CREEPY CRAWLIES,3225.92,0.00015710336736881548,0.8488716172438259
23051,RECYCLED ACAPULCO MAT BLUE,3223.49,0.00015698502556780794,0.8490286022693936
21473,SWEETHEART CREAM STEEL TABLE RECT,3212.16,0.00015643325083306912,0.8491850355202267
22194,UNKNOWN,3212.1,0.00015643032881329115,0.84934146584904
84944,SET OF 6 KASHMIR FOLKART BAUBLES,3210.7799999999997,0.00015636604437817593,0.8494978318934181
79323GR,"Unsaleable, destroyed.",3209.36,0.00015629688991009749,0.8496541287833284
79164,BLACK WINE GLASS,3208.25,0.00015624283254420514,0.8498103716158726
84596F,SMALL MARSHMALLOWS PINK BOWL,3206.06,0.00015613617882230947,0.8499665077946948
21628,TRIANGULAR POUFFE VINTAGE,3200.23,0.00015585225590055067,0.8501223600505954
21333,CLASSIC WHITE FRAME,3197.9900000000002,0.00015574316716217336,0.8502781032177575
23342,MINT DINER WALL CLOCK,3193.41,0.00015552011965245543,0.8504336233374099
21111,"SWISS ROLL TOWEL, CHOCOLATE SPOTS",3188.4100000000003,0.0001552766180042918,0.8505888999554142
22773,GREEN DRAWER KNOB ACRYLIC EDWARDIAN,3186.11,0.00015516460724613652,0.8507440645626604
22863,SOAP DISH BROCANTE,3184.31,0.0001550769466527976,0.8508991415093132
21557,SET OF 6 FUNKY BEAKERS,3178.2400000000002,0.00015478133565192693,0.8510539228449652
22503,CABIN BAG VINTAGE PAISLEY,3178.02,0.00015477062157940772,0.8512086934665445
22406,MONEY BOX KINGS CHOICE DESIGN,3169.35,0.00015434838972149196,0.8513630418562661
21949,SET OF 6 STRAWBERRY CHOPSTICKS,3164.18,0.00015409660901729075,0.8515171384652833
21820,GLITTER HEART GARLAND WITH BELLS,3162.39,0.00015400943542724814,0.8516711479007106
22700,BLACK AND WHITE DOG BOWL,3161.3,0.00015395635206794849,0.8518251042527786
22702,BLACK AND WHITE CAT BOWL,3160.52,0.00015391836581083495,0.8519790226185894
21519,GIN & TONIC DIET GREETING CARD,3160.0099999999998,0.00015389352864272226,0.8521329161472321
82494l,WOODEN FRAME ANTIQUE WHITE,3155.93,0.0001536948312978207,0.8522866109785299
21765,UNKNOWN,3155.89,0.0001536928832846354,0.8524403038618145
23323,WHITE WICKER STAR,3155.1800000000003,0.0001536583060505962,0.8525939621678651
15058A,BLUE POLKADOT GARDEN PARASOL,3153.73,0.0001535876905726287,0.8527475498584377
22313,OFFICE MUG WARMER PINK,3151.02,0.00015345571267932402,0.852901005571117
22325,MOBILE VINTAGE HEARTS,3149.8900000000003,0.00015340068130683906,0.8530544062524239
21705,BAG 500g SWIRLY MARBLES,3145.7099999999996,0.0001531971139289742,0.8532076033663529
82578,KITCHEN METAL SIGN,3134.7400000000002,0.0001526628713129032,0.8533602662376658
22095,LADS ONLY TISSUE BOX,3129.98,0.00015243105774385139,0.8535126972954097
22347,UNKNOWN,3126.6800000000003,0.0001522703466560634,0.8536649676420657
22891,TEA FOR ONE POLKADOT,3124.95,0.00015218609508579876,0.8538171537371514
21272,UNKNOWN,3119.83,0.00015193674939807919,0.8539690904865496
22154,ANGEL DECORATION 3 BUTTONS,3117.42,0.0001518193816036643,0.8541209098681531
23346,SPACEBOY BEAKER,3117.34,0.0001518154855772937,0.8542727253537307
22310,IVORY KNITTED MUG COSY,3115.5899999999997,0.0001517302600004364,0.854424455613731
85227,SET OF 6 3D KIT CARDS FOR KIDS,3114.49,0.0001516766896378404,0.8545761323033688
22177,5 HOOK BLACKBOARD ORGANISER,3111.41,0.0001515266926225716,0.8547276589959915
21352,EUCALYPTUS & PINECONE WREATH,3110.28,0.00015147166125008662,0.8548791306572415
20956,PORCELAIN T-LIGHT HOLDERS ASSORTED,3102.57,0.00015109618170861826,0.8550302268389502
22572,ROCKING HORSE GREEN CHRISTMAS,3102.48,0.00015109179867895132,0.855181318637629
22129,PARTY CONES CANDY DECORATION,3100.22,0.00015098173593398135,0.8553323003735631
47504K,UNKNOWN,3098.82,0.00015091355547249555,0.8554832139290356
84997d,CHILDRENS CUTLERY POLKADOT PINK,3097.3799999999997,0.0001508434269978244,0.8556340573560334
79072,TEATIME CAKE TIN WITH HANDLE,3093.15,0.00015063742460347796,0.8557846947806368
84279B,UNKNOWN,3088.17,0.00015039489696190697,0.8559350896775988
84912B,GREEN ROSE WASHBAG,3087.64,0.0001503690857872016,0.856085458763386
23461,SWEETHEART BIRD HOUSE,3082.71,0.00015012899316211225,0.856235587756548
22372,AIRLINE BAG VINTAGE WORLD CHAMPION,3081.93,0.00015009100690499872,0.8563856787634532
22963,JAM JAR WITH GREEN LID,3080.2599999999998,0.00015000967735451205,0.8565356884408075
22757,LARGE RED BABUSHKA NOTEBOOK,3073.93,0.00014970140426793688,0.8566853898450755
21206,STRAWBERRY HONEYCOMB GARLAND,3071.2,0.00014956845236803953,0.8568349582974435
22473,TV DINNER TRAY VINTAGE PAISLEY,3070.92,0.00014955481627574238,0.8569845131137194
20985,HEART CALCULATOR,3059.24,0.00014898599642563208,0.8571334991101449
21408,SPOTTY PINK DUCK DOORSTOP,3057.71,0.000148911484921294,0.8572824105950662
23329,DECORATIVE WICKER HEART LARGE,3056.3399999999997,0.00014884476546969715,0.8574312553605359
22037,ROBOT BIRTHDAY CARD,3055.86,0.00014882138931147346,0.8575800767498474
21786,POLKADOT RAIN HAT,3055.33,0.0001487955781367681,0.8577288723279842
22754,SMALL RED BABUSHKA NOTEBOOK,3049.1099999999997,0.00014849266208645252,0.8578773649900706
22067,CHOC TRUFFLE GOLD TRINKET POT,3049.0199999999995,0.00014848827905678558,0.8580258532691274
22208,WOOD STAMP SET THANK YOU,3046.8799999999997,0.00014838406035137155,0.8581742373294787
23390,DOLLY GIRL MINI BACKPACK,3042.19,0.00014815565580539406,0.8583223929852841
23242,TREASURE TIN BUFFALO BILL,3037.11,0.0001479082581308598,0.8584703012434151
15044C,PURPLE PAPER PARASOL,3036.11,0.00014785955780122705,0.8586181608012162
22712,CARD DOLLY GIRL,3032.66,0.00014769154166399413,0.8587658523428802
22805,BLUE DRAWER KNOB ACRYLIC EDWARDIAN,3026.32,0.00014738278157412263,0.8589132351244544
21626,VINTAGE UNION JACK PENNANT,3024.87,0.00014731216609615517,0.8590605472905506
22402,MAGNETS PACK OF 4 VINTAGE COLLAGE,3016.45,0.00014690210932064758,0.8592074493998711
23231,WRAP VINTAGE DOILY,3008.34,0.00014650714964732615,0.8593539565495185
22755,SMALL PURPLE BABUSHKA NOTEBOOK,3004.43,0.00014631673135846217,0.859500273280877
84912A,UNKNOWN,2996.44,0.00014592761572469667,0.8596462008966017
22925,AMAZON,2995.4700000000003,0.00014588037640495292,0.8597920812730065
22375,AIRLINE BAG VINTAGE JET SET BROWN,2994.74,0.00014584482516432102,0.859937926098171
22132,RED LOVE HEART SHAPE CUP,2993.21,0.00014577031365998295,0.8600836964118308
21354,TOAST ITS - BEST MUM,2981.96,0.00014522243495161474,0.8602289188467825
22816,CARD MOTORBIKE SANTA,2976.13,0.00014493851202985593,0.8603738573588123
22519,UNKNOWN,2972.9700000000003,0.00014478461898821652,0.8605186419778007
22674,FRENCH TOILET SIGN BLUE METAL,2962.58,0.00014427862256333242,0.8606629206003639
22905,CALENDAR IN SEASON DESIGN,2960.1200000000003,0.00014415881975243593,0.8608070794201164
84997c,CHILDRENS CUTLERY POLKADOT BLUE,2958.87,0.000144097944340395,0.8609511773644568
22664,TOY TIDY DOLLY GIRL DESIGN,2956.29,0.00014397229748994256,0.8610951496619468
22927,GREEN GIANT GARDEN THERMOMETER,2948.57,0.0001435963309451779,0.861238745992892
22990,COTTON APRON PANTRY DESIGN,2942.1800000000003,0.00014328513583882475,0.8613820311287307
23211,RED ROCKING HORSE HAND PAINTED,2933.07,0.0001428414758358706,0.8615248726045666
22277,COSMETIC BAG VINTAGE ROSE PAISLEY,2931.69,0.0001427742693809774,0.8616676468739475
85049D,UNKNOWN,2930.46,0.00014271436797552915,0.861810361241923
21948,SET OF 6 CAKE CHOPSTICKS,2923.86,0.00014239294579995314,0.861952754187723
21214,UNKNOWN,2922.27,0.0001423155122758371,0.8620950696999989
23056,FLOWERS CHANDELIER T-LIGHT HOLDER,2916.87,0.00014205253049582036,0.8622371222304946
21821,GLITTER STAR GARLAND WITH BELLS,2915.35,0.00014197850599477862,0.8623791007364895
22518,UNKNOWN,2914.5000000000005,0.0001419371107145908,0.8625210378472041
22955,36 FOIL STAR CAKE CASES,2908.36,0.00014163809069064583,0.8626626759378947
22293,HANGING CHICK GREEN DECORATION,2903.7,0.0001414111471545573,0.8628040870850492
23290,SPACEBOY CHILDRENS BOWL,2899.1,0.00014118712563824674,0.8629452742106876
22897,OVEN MITT APPLES DESIGN,2897.65,0.0001411165101602793,0.8630863907208478
22184,UNKNOWN,2895.57,0.0001410152134746432,0.8632274059343225
23345,DOLLY GIRL BEAKER,2891.25,0.00014080482805062982,0.863368210762373
20752,BLUE POLKADOT WASHING UP GLOVES,2887.1000000000004,0.00014060272168265402,0.8635088134840557
21709,FOLDING UMBRELLA CHOCOLATE POLKADOT,2886.62,0.00014057934552443027,0.8636493928295801
22811,SET OF 6 T-LIGHTS CACTI,2884.13,0.0001404580817036448,0.8637898509112839
21688,mixed up,2881.05,0.00014030808468837598,0.8639301589959723
21465,PINK FLOWER CROCHET FOOD COVER,2879.39,0.00014022724214118564,0.8640703862381133
22949,SET OF 36 DOLLY GIRL PAPER DOILIES,2875.5899999999997,0.00014004218088858127,0.8642104284190019
23427,STOOL HOME SWEET HOME,2873.08,0.00013991994306120312,0.8643503483620631
22480,RED TEA TOWEL CLASSIC DESIGN,2873.06,0.00013991896905461045,0.8644902673311177
21324,UNKNOWN,2869.31,0.00013973634281848774,0.8646300036739363
23212,HEART WREATH DECORATION WITH BELL,2865.89,0.0001395697876911438,0.8647695734616273
22581,WOOD STOCKING CHRISTMAS SCANDISPOT,2861.98,0.0001393793694022798,0.8649089528310296
21424,WOODLAND STORAGE BOX LARGE,2861.64,0.0001393628112902047,0.8650483156423199
23504,PLAYING CARDS JUBILEE UNION JACK,2857.64,0.00013916800997167378,0.8651874836522916
22983,CARD BILLBOARD FONT,2853.63,0.00013897272164984653,0.8653264563739413
22930,BAKING MOULD HEART MILK CHOCOLATE,2849.35,0.00013876428423901843,0.8654652206581804
23196,VINTAGE LEAF MAGNETIC NOTEPAD,2848.04,0.00013870048680719957,0.8656039211449876
21439,BASKET OF TOADSTOOLS,2838.79,0.0001382500087580968,0.8657421711537456
22576,SWALLOW WOODEN CHRISTMAS DECORATION,2838.48,0.00013823491165591067,0.8658804060654016
22710,WRAP I LOVE LONDON,2821.28,0.00013739726598622774,0.8660178033313879
35001W,UNKNOWN,2820.65,0.0001373665847785591,0.8661551699161664
22217,T-LIGHT HOLDER HANGING LACE,2819.81,0.0001373256765016676,0.8662924955926682
21508,VINTAGE KID DOLLY CARD,2818.7,0.00013727161913577526,0.8664297672118039
22671,FRENCH LAUNDRY SIGN BLUE METAL,2817.9399999999996,0.0001372346068852544,0.8665670018186892
22450,SILK PURSE BABUSHKA BLUE,2811.6800000000003,0.00013692974282175353,0.8667039315615109
22974,CHILDRENS DOLLY GIRL MUG,2810.66,0.00013688006848552813,0.8668408116299965
21360,Show Samples,2800.36,0.00013637845509031102,0.8669771900850868
21728,UNKNOWN,2798.61,0.00013629322951345374,0.8671134833146001
84909A,PINK PAISLEY QUILT,2797.55,0.00013624160716404305,0.8672497249217642
22696,WICKER WREATH LARGE,2796.68,0.00013619923787726255,0.8673859241596416
85199S,SMALL HANGING IVORY/RED WOOD BIRD,2794.74,0.00013610475923777506,0.8675220289188792
84519A,TOMATO CHARLIE+LOLA COASTER SET,2791.4,0.00013594210013680177,0.8676579710190161
22101,MIRROR MOSAIC VOTIVE HOLDER,2790.27,0.00013588706876431679,0.8677938580877804
21796,UNKNOWN,2782.19,0.00013549357010088432,0.8679293516578812
23396,LE JARDIN BOTANIQUE CUSHION COVER,2780.5299999999997,0.00013541272755369398,0.8680647643854349
22081,RIBBON REEL FLORA + FAUNA,2779.19,0.00013534746911198614,0.8682001118545469
21188,3D HEARTS HONEYCOMB PAPER GARLAND,2771.34,0.00013496517152436922,0.8683350770260714
22597,MUSICAL ZINC HEART DECORATION,2768.9199999999996,0.00013484731672665798,0.8684699243427979
21682,LARGE MEDINA STAMPED METAL BOWL,2767.59,0.00013478254528824648,0.8686047068880861
85132B,UNKNOWN,2767.53,0.0001347796232684685,0.8687394865113547
22416,SET OF 36 SPACEBOY PAPER DOILIES,2764.81,0.00013464715837186746,0.8688741336697264
23190,BUNDLE OF 3 SCHOOL EXERCISE BOOKS,2761.8999999999996,0.00013450544041263622,0.8690086391101393
22145,UNKNOWN,2761.0600000000004,0.00013446453213574475,0.8691431036422749
51014C,"FEATHER PEN,COAL BLACK",2760.8599999999997,0.00013445479206981818,0.8692775584343447
22315,200 RED + WHITE BENDY STRAWS,2759.51,0.000134389046624814,0.8694119474809696
22675,FRENCH KITCHEN SIGN BLUE METAL,2758.7,0.00013434959935781148,0.8695462970803274
23266,SET OF 3 WOODEN STOCKING DECORATION,2757.57,0.00013429456798532652,0.8696805916483127
21683,MEDIUM MEDINA STAMPED METAL BOWL,2757.4700000000003,0.00013428969795236325,0.869814881346265
23147,SINGLE ANTIQUE ROSE HOOK IVORY,2755.1,0.00013417427817113368,0.8699490556244363
15058C,ICE CREAM DESIGN GARDEN PARASOL,2753.72,0.00013410707171624049,0.8700831626961524
84795C,UNKNOWN,2752.59,0.00013405204034375553,0.8702172147364962
22525,UNKNOWN,2752.54,0.0001340496053272739,0.8703512643418234
85015,SET OF 12 VINTAGE POSTCARD SET,2751.3,0.0001339892169185293,0.870485253558742
23341,PINK DINER WALL CLOCK,2749.85,0.00013391860144056184,0.8706191721601826
22482,BLUE TEA TOWEL CLASSIC DESIGN,2748.18,0.00013383727189007516,0.8707530094320727
22066,LOVE HEART TRINKET POT,2745.5499999999997,0.00013370919002314108,0.8708867186220958
23100,SILVER BELLS TABLE DECORATION,2743.13,0.0001335913352254299,0.8710203099573212
21693,mixed up,2743.0200000000004,0.00013358597818917032,0.8711538959355103
22161,HEART DECORATION RUSTIC HANGING,2739.69,0.0001334238060914933,0.8712873197416019
22650,CERAMIC PIRATE CHEST MONEY BANK,2736.73,0.00013327965311578043,0.8714205993947177
22818,CARD CHRISTMAS VILLAGE,2735.98,0.00013324312786855587,0.8715538425225863
47503J,SET/3 FLORAL GARDEN TOOLS IN BAG,2735.5099999999998,0.00013322023871362848,0.8716870627612998
85183B,CHARLIE & LOLA WASTEPAPER BIN FLORA,2731.76,0.00013303761247750577,0.8718201003737773
21788,KIDS RAIN MAC BLUE,2729.3399999999997,0.00013291975767979454,0.8719530201314571
23407,SET OF 2 TRAYS HOME SWEET HOME,2729.33,0.00013291927067649823,0.8720859394021335
22914,BLUE COAT RACK PARIS FASHION,2725.61,0.0001327381054502645,0.8722186775075839
22651,GENTLEMAN SHIRT REPAIR KIT,2724.2599999999998,0.00013267236000526027,0.8723513498675891
21808,"CHRISTMAS GARLAND STARS,TREES",2723.03,0.00013261245859981204,0.8724839623261891
23333,IVORY WICKER HEART MEDIUM,2721.7,0.00013254768716140048,0.8726165100133504
21744,SNOWFLAKE PORTABLE TABLE LIGHT,2720.76,0.00013250190885154574,0.8727490119222018
22231,JIGSAW TREE WITH BIRDHOUSE,2718.87,0.00013240986522853986,0.8728814217874304
23164,REGENCY CAKE SLICE,2718.65,0.00013239915115602067,0.8730138209385864
47480,HANGING PHOTO CLIP ROPE LADDER,2717.2799999999997,0.00013233243170442382,0.8731461533702909
22155,STAR DECORATION RUSTIC,2716.33,0.00013228616639127274,0.8732784395366823
21096,SET/6 FRUIT SALAD PAPER PLATES,2715.96,0.00013226814726930862,0.8734107076839513
22524,UNKNOWN,2713.23,0.0001321351953694113,0.8735428428793208
85035C,ROSE 3 WICK MORRIS BOX CANDLE,2712.6,0.00013210451416174266,0.8736749473934826
21224,SET/4 SKULL BADGES,2709.41,0.00013194916011021425,0.8738068965535929
23489,VINTAGE BELLS GARLAND,2709.23,0.00013194039405088035,0.8739388369476437
22479,DAISY GARDEN MARKER,2706.19,0.00013179234504879687,0.8740706292926924
23292,SPACEBOY CHILDRENS CUP,2704.58,0.00013171393751808816,0.8742023432302106
22436,12 COLOURED PARTY BALLOONS,2701.35,0.00013155663545337445,0.8743338998656639
23264,SET OF 3 WOODEN SLEIGH DECORATIONS,2694.56,0.0001312259602151682,0.8744651258258792
22495,SET OF 2 ROUND TINS CAMEMBERT,2688.2200000000003,0.0001309172001252967,0.8745960430260045
21204,DAISIES HONEYCOMB GARLAND,2682.99,0.0001306624974013175,0.8747267055234058
21923,UNKNOWN,2678.54,0.00013044578093445187,0.8748571513043403
90057,DIAMANTE RING ASSORTED IN BOX.,2675.88,0.00013031623805762882,0.8749874675423979
22028,PENNY FARTHING BIRTHDAY CARD,2675.21,0.00013028360883677489,0.8751177511512347
21742,LARGE ROUND WICKER PLATTER,2665.13,0.000129792709514077,0.8752475438607487
22270,HAPPY EASTER HANGING DECORATION,2664.92,0.0001297824824448541,0.8753773263431937
22500,SET OF 2 TINS JARDIN DE PROVENCE,2660.96,0.0001295896291395085,0.875506915972333
21897,UNKNOWN,2659.06,0.0001294970985132063,0.8756364130708463
85049B,Amazon,2658.3,0.00012946008626268544,0.8757658731571091
23146,TRIPLE HOOK ANTIQUE IVORY ROSE,2655.13,0.0001293057062177497,0.8758951788633267
22152,PLACE SETTING WHITE STAR,2653.2,0.0001292117145815585,0.8760243905779083
22094,RED RETROSPOT TISSUE BOX,2652.25,0.00012916544926840743,0.8761535560271766
22713,CARD I LOVE LONDON,2651.4,0.0001291240539882196,0.8762826800811648
72800E,4 IVORY DINNER CANDLES SILVER FLOCK,2648.8,0.0001289974331311745,0.876411677514296
22376,AIRLINE BAG VINTAGE JET SET WHITE,2647.0299999999997,0.00012891123354772456,0.8765405887478438
85049F,BABY BOOM RIBBONS,2642.75,0.0001287027961368965,0.8766692915439807
22146,UNKNOWN,2640.93,0.00012861416153696491,0.8767979057055176
22758,LARGE PURPLE BABUSHKA NOTEBOOK,2638.35,0.00012848851468651246,0.8769263942202042
84754,S/15 SILVER GLASS BAUBLES IN BAG,2637.09,0.00012842715227117524,0.8770548213724754
84012,MAGIC SHEEP WOOL GROWING FROM PAPER,2633.5699999999997,0.000128255727110868,0.8771830770995863
82597,UNKNOWN,2624.26,0.00012780232704198732,0.8773108794266281
84849D,HOT BATHS SOAP HOLDER,2621.65,0.0001276752191816459,0.8774385546458098
23054,RECYCLED ACAPULCO MAT LAVENDER,2621.43,0.0001276645051091267,0.877566219150919
47585A,PINK FAIRY CAKE CUSHION COVER,2620.38,0.00012761336976301234,0.877693832520682
21422,PORCELAIN ROSE SMALL,2619.17,0.00012755444236415672,0.877821386963046
72799E,IVORY PILLAR CANDLE SILVER FLOCK,2618.34,0.00012751402109056155,0.8779489009841366
22046,TEA PARTY WRAPPING PAPER,2613.5,0.00012727831149513913,0.8780761792956318
22439,6 ROCKET BALLOONS,2612.6600000000003,0.00012723740321824765,0.87820341669885
85034B,3 WHITE CHOC MORRIS BOXED CANDLES,2611.64,0.00012718772888202224,0.878330604427732
37502,TEA TIME MUG IN GIFT BOX,2611.59,0.00012718529386554064,0.8784577897215976
85034C,3 ROSE MORRIS BOXED CANDLES,2609.15,0.00012706646506123676,0.8785848561866589
90062,CARNIVAL BRACELET,2604.17,0.00012682393741966577,0.8787116801240785
22190,LOCAL CAFE MUG,2591.67,0.00012621518329925666,0.8788378953073779
22933,BAKING MOULD EASTER EGG MILK CHOC,2585.92,0.00012593515640386846,0.8789638304637816
21818,GLITTER HEART DECORATION,2584.69,0.0001258752549984202,0.8790897057187801
21589,UNKNOWN,2583.4500000000003,0.00012581486658967561,0.8792155205853698
21171,BATHROOM METAL SIGN,2581.17,0.00012570382983811298,0.8793412244152079
21642,ASSORTED TUTTI FRUTTI PEN,2578.87,0.0001255918190799577,0.8794668162342878
21653,UNKNOWN,2576.17,0.00012546032818994935,0.8795922765624778
22471,TV DINNER TRAY AIR HOSTESS,2573.71,0.00012534052537905283,0.8797176170878569
22937,BAKING MOULD CHOCOLATE CUPCAKES,2568.3399999999997,0.00012507900460892506,0.8798426960924658
21288,STRIPEY CHOCOLATE NESTING BOXES,2566.32,0.00012498062994306696,0.8799676767224089
22735,RIBBON REEL SOCKS AND MITTENS,2566.13,0.00012497137688043675,0.8800926480992893
22828,REGENCY MIRROR WITH SHUTTERS,2565.0,0.00012491634550795174,0.8802175644447973
22342,HOME GARLAND PAINTED ZINC,2562.5,0.00012479459468386992,0.8803423590394811
85035B,check,2552.04,0.00012428518923591157,0.880466644228717
20960,WATERMELON BATH SPONGE,2550.84,0.00012422674884035232,0.8805908709775573
21898,UNKNOWN,2544.71,0.00012392821581970367,0.880714799193377
21792,CLASSIC FRENCH STYLE BASKET GREEN,2538.13,0.0001236077676507203,0.8808384069610278
21215,IVORY PAPER CUP CAKE CASES,2537.73,0.00012358828751886722,0.8809619952485467
20787,damaged,2535.1,0.00012346020565193313,0.8810854554541986
21203,BUTTERFLIES HONEYCOMB GARLAND,2530.2999999999997,0.00012322644406969602,0.8812086818982682
23424,GINGHAM RECIPE BOOK BOX,2529.42,0.00012318358777961924,0.8813318654860479
23681,LUNCH BAG RED VINTAGE DOILY,2526.69,0.00012305063587972188,0.8814549161219277
21323,UNKNOWN,2523.89,0.00012291427495675022,0.8815778303968843
22415,UNKNOWN,2520.15,0.00012273213572392382,0.8817005625326083
21431,UNKNOWN,2519.6099999999997,0.00012270583754592213,0.8818232683701542
22153,ANGEL DECORATION STARS ON DRESS,2516.62,0.00012256022356032029,0.8819458285937146
23316,RED REFECTORY CLOCK,2511.59,0.00012231526090226766,0.8820681438546168
85054,FRENCH ENAMEL POT W LID,2506.82,0.00012208296032991954,0.8821902268149467
82567,"AIRLINE LOUNGE,METAL SIGN",2505.28,0.00012200796182228513,0.8823122347767689
85041,UNKNOWN,2498.12,0.00012165926746211477,0.8824338940442311
23367,SET 12 COLOUR PENCILS SPACEBOY,2495.75,0.00012154384768088521,0.8825554378919119
21680,WOODLAND STICKERS,2493.8799999999997,0.000121452778064472,0.8826768906699765
22091,EMPIRE TISSUE BOX,2492.73,0.00012139677268539437,0.8827982874426619
22829,SWEETHEART WIRE WALL TIDY,2488.47,0.00012118930928115893,0.882919476751943
21924,UNKNOWN,2486.6600000000003,0.00012110116168452371,0.8830405779136274
85206B,PINK FELT EASTER EGG BASKET,2485.5499999999997,0.00012104710431863136,0.8831616250179462
22742,MAKE YOUR OWN PLAYTIME CARD KIT,2484.94,0.0001210173971175554,0.8832826424150637
20668,DISCO BALL CHRISTMAS DECORATION,2475.04,0.00012053526385419138,0.8834031776789179
22676,FRENCH BLUE METAL DOOR SIGN 1,2467.48,0.00012016708936216795,0.8835233447682801
22852,DOG BOWL VINTAGE CREAM,2467.11,0.00012014907024020384,0.8836434938385203
22789,T-LIGHT HOLDER SWEETHEART HANGING,2466.34,0.00012011157098638665,0.8837636054095066
22911,PAPER CHAIN KIT LONDON,2463.2000000000003,0.00011995865195133987,0.883883564061458
23352,ROLL WRAP 50'S RED CHRISTMAS,2462.95,0.00011994647686893166,0.884003510538327
21616,4 PEAR BOTANICAL DINNER CANDLES,2462.33,0.00011991628266455938,0.8841234268209914
21330,UNKNOWN,2460.67,0.00011983544011736906,0.8842432622611089
21686,MEDINA STAMPED METAL STOOL,2460.1400000000003,0.00011980962894266373,0.8843630718900515
21462,"NURSERY A,B,C PAINTED LETTERS",2459.16,0.00011976190261962362,0.8844828337926711
84509F,UNKNOWN,2456.1,0.00011961287961094748,0.884602446672282
21823,damaged,2453.91,0.0001195062258890518,0.8847219528981711
21747,SMALL SKULL WINDMILL,2453.6,0.00011949112878686565,0.8848414440269581
84509B,SET OF 4 FAIRY CAKE PLACEMATS,2452.67,0.00011944583748030722,0.8849608898644383
85036A,GARDENIA 1 WICK MORRIS BOXED CANDLE,2451.21,0.00011937473499904344,0.8850802645994374
84840,UNKNOWN,2447.82,0.00011920964088158848,0.885199474240319
21274,UNKNOWN,2446.19,0.00011913025934428713,0.8853186044996632
21789,KIDS RAIN MAC PINK,2439.62,0.00011881029817860009,0.8854374147978418
22021,BLUE FELT EASTER EGG BASKET,2433.6099999999997,0.00011851760919750737,0.8855559324070393
21809,CHRISTMAS HANGING TREE WITH BELL,2432.03,0.00011844066267668769,0.8856743730697161
23406,UNKNOWN,2428.9100000000003,0.00011828871764823358,0.8857926617873643
22609,PENS ASSORTED SPACEBALL,2428.22,0.00011825511442078697,0.885910916901785
22448,PIN CUSHION BABUSHKA RED,2426.73,0.0001181825509296342,0.8860290994527147
23265,SET OF 3 WOODEN TREE DECORATIONS,2423.54,0.0001180271968781058,0.8861471266495927
22613,PACK OF 20 SPACEBOY NAPKINS,2423.16,0.00011800869075284536,0.8862651353403456
22537,MAGIC DRAWING SLATE DINOSAUR,2423.01,0.00011800138570340046,0.8863831367260491
22362,GLASS JAR PEACOCK BATH SALTS,2422.3300000000004,0.00011796826947925021,0.8865011049955283
21973,SET OF 36 MUSHROOM PAPER DOILIES,2420.0299999999997,0.00011785625872109491,0.8866189612542494
21106,CREAM SLICE FLANNEL CHOCOLATE SPOT,2419.6800000000003,0.00011783921360572348,0.8867368004678551
22540,MINI JIGSAW CIRCUS PARADE,2410.29,0.00011738191751047213,0.8868541823853655
23400,SHELF WITH 4 HOOKS HOME SWEET HOME,2409.34,0.00011733565219732105,0.8869715180375628
21540,damages,2403.45,0.00011704880725578425,0.8870885668448187
85059,FRENCH ENAMEL WATER BASIN,2399.89,0.00011687543408229174,0.8872054422789009
22986,WRAP GINGHAM ROSE,2389.9,0.00011638891778926078,0.8873218311966903
23028,DRAWER KNOB CRACKLE GLAZE BLUE,2387.0299999999997,0.00011624914784321482,0.8874380803445335
23048,SET OF 10 LANTERNS FAIRY LIGHT STAR,2384.9700000000003,0.00011614882516417143,0.8875542291696976
84818,damages,2383.04,0.00011605483352798025,0.8876702840032256
84795B,SUNSET CHECK HAMMOCK,2379.09,0.00011586246722593097,0.8877861464704515
22566,FELTCRAFT HAIRBAND PINK AND PURPLE,2378.9199999999996,0.00011585418816989338,0.8879020006586215
23498,CLASSIC BICYCLE CLIPS,2378.48,0.000115832760024855,0.8880178334186464
10133,damaged,2377.88,0.00011580353982707536,0.8881336369584734
21873,IF YOU CAN'T STAND THE HEAT MUG,2377.5099999999998,0.00011578552070511123,0.8882494224791784
21262,WHITE GOOSE FEATHER CHRISTMAS TREE,2374.8700000000003,0.00011565695183488086,0.8883650794310134
23437,50'S CHRISTMAS GIFT BAG LARGE,2373.63,0.00011559656342613627,0.8884806759944395
47570,ENGLISH ROSE TABLE CLOTH,2373.01,0.00011556636922176397,0.8885962423636613
85034A,check,2368.57,0.00011535013975819465,0.8887115925034195
23436,VINTAGE CHRISTMAS GIFT BAG LARGE,2367.39,0.00011529267336922802,0.8888268851767888
21468,BUTTERFLY CROCHET FOOD COVER,2365.1400000000003,0.0001151830976275544,0.8889420682744164
85035A,CHECK,2361.9,0.00011502530855954435,0.8890570935829758
22321,BIRD DECORATION RED RETROSPOT,2360.35,0.00011494982304861361,0.8891720434060245
22642,SET OF 4 NAPKIN CHARMS STARS,2358.67,0.00011486800649483063,0.8892869114125193
21615,4 LAVENDER BOTANICAL DINNER CANDLES,2354.92,0.0001146853802587079,0.889401596792778
23401,RUSTIC MIRROR WITH LACE HEART,2354.8700000000003,0.00011468294524222627,0.88951627973802
23412,UNKNOWN,2354.8,0.00011467953621915197,0.8896309592742393
21824,PAINTED METAL STAR WITH HOLLY BELLS,2354.75,0.00011467710120267032,0.889745636375442
21437,UNKNOWN,2354.67,0.00011467320517629972,0.8898603095806183
21126,SET OF 6 GIRLS CELEBRATION CANDLES,2354.22,0.00011465129002796497,0.8899749608706462
22421,LIPSTICK PEN FUSCHIA,2352.7,0.00011457726552692321,0.8900895381361732
84459B,UNKNOWN,2341.77,0.00011404497092403749,0.8902035831070971
21708,FOLDING UMBRELLA CREAM POLKADOT,2341.4300000000003,0.00011402841281196238,0.8903176115199091
22306,SILVER MUG BONE CHINA TREE OF LIFE,2340.62,0.00011398896554495984,0.8904316004854541
21826,UNKNOWN,2336.87,0.0001138063393088371,0.890545406824763
21947,SET OF 6 HEART CHOPSTICKS,2327.81,0.00011336511432236459,0.8906587719390853
22973,CHILDREN'S CIRCUS PARADE MUG,2324.2299999999996,0.0001131907671422794,0.8907719627062276
23197,SKETCHBOOK MAGNETIC SHOPPING LIST,2323.7999999999997,0.00011316982600053732,0.8908851325322282
22251,BIRDHOUSE DECORATION MAGIC GARDEN,2322.64,0.00011311333361816337,0.8909982458658464
21696,SMALL SILVER TRELLIS CANDLEPOT,2321.9400000000005,0.00011307924338742048,0.8911113251092336
85107,CUT GLASS T-LIGHT HOLDER OCTAGON,2315.59,0.00011276999629425264,0.8912240951055279
23371,SET 36 COLOUR PENCILS SPACEBOY,2313.53,0.00011266967361520921,0.8913367647791431
21741,COSY SLIPPER SHOES LARGE GREEN,2311.4500000000003,0.00011256837692957314,0.8914493331560728
21482,UNKNOWN,2308.56,0.00011242763297693454,0.8915617607890498
22363,GLASS JAR MARMALADE,2306.34,0.00011231951824514989,0.8916740803072949
23029,DRAWER KNOB CRACKLE GLAZE GREEN,2303.9199999999996,0.00011220166344743865,0.8917862819707423
22409,MONEY BOX BISCUITS DESIGN,2300.46,0.00011203316030690943,0.8918983151310492
23330,DECORATIVE WICKER HEART MEDIUM,2299.47,0.00011198494698057301,0.8920103000780297
23360,SET 8 CANDLES VINTAGE DOILY,2296.15,0.00011182326188619237,0.892122123339916
84536A,ENGLISH ROSE NOTEBOOK A7 SIZE,2293.09,0.00011167423887751621,0.8922337975787935
85176,SEWING SUSAN 21 NEEDLE SET,2293.0,0.00011166985584784926,0.8923454674346414
22831,WHITE BROCANTE SOAP DISH,2292.1800000000003,0.00011162992157755044,0.8924570973562189
21464,DISCO BALL ROTATOR BATTERY OPERATED,2291.0,0.0001115724551885838,0.8925686698114075
22246,MAGIC GARDEN FELT GARLAND,2289.9,0.0001115188848259878,0.8926801886962334
85172,HYACINTH BULB T-LIGHT CANDLES,2288.0,0.00011142635419968561,0.8927916150504331
21655,UNKNOWN,2287.64,0.00011140882208101783,0.8929030238725142
85199L,LARGE HANGING IVORY & RED WOOD BIRD,2285.02,0.00011128122721738008,0.8930143050997316
23128,FELTCRAFT BOY JEAN-PAUL KIT,2283.41,0.00011120281968667137,0.8931255079194182
21819,GLITTER CHRISTMAS STAR,2281.46,0.00011110785404388756,0.8932366157734621
85106,CUT GLASS HEXAGON T-LIGHT HOLDER,2281.44,0.00011110688003729491,0.8933477226534993
23252,VINTAGE RED ENAMEL TRIM JUG,2276.61,0.00011087165744516882,0.8934585943109447
85183A,CHARLIE & LOLA WASTEPAPER BIN BLUE,2275.75,0.00011082977516168467,0.8935694240861063
21804,dotcom,2270.99,0.00011059796159263287,0.8936800220476989
85014C,UNKNOWN,2270.73,0.00011058529950692837,0.8937906073472058
22539,MINI JIGSAW DOLLY GIRL,2269.39,0.00011052004106522051,0.8939011273882711
35001G,HAND OPEN SHAPE GOLD,2267.97,0.00011045088659714203,0.8940115782748681
22024,RAINY LADIES BIRTHDAY CARD,2267.08,0.0001104075433037689,0.894121985818172
20658,RED RETROSPOT LUGGAGE TAG,2263.86,0.00011025072824235152,0.8942322365464144
85114C,RED ENCHANTED FOREST PLACEMAT,2263.06,0.00011021176797864534,0.8943424483143929
22133,PINK LOVE HEART SHAPE CUP,2258.6099999999997,0.00010999505151177967,0.8944524433659047
21681,UNKNOWN,2254.71,0.00010980512022621204,0.894562248486131
21651,UNKNOWN,2251.5099999999998,0.0001096492791713873,0.8946718977653024
21187,WHITE BELL HONEYCOMB PAPER GARLAND,2250.3799999999997,0.00010959424779890231,0.8947814920131012
21476,STEEL SWEETHEART ROUND TABLE CREAM,2249.41,0.00010954700847915856,0.8948910390215804
84469,UNKNOWN,2249.41,0.00010954700847915856,0.8950005860300596
22286,DECORATION WOBBLY RABBIT METAL,2245.2999999999997,0.00010934685012436804,0.8951099328801839
23093,SMALL PARISIENNE HEART PHOTO FRAME,2244.2200000000003,0.00010929425376836472,0.8952192271339523
23079,TOADSTOOL BEDSIDE LIGHT,2243.35,0.00010925188448158423,0.8953284790184339
51014L,"FEATHER PEN,LIGHT PINK",2242.75,0.00010922266428380459,0.8954377016827177
21710,FOLDING UMBRELLA PINKWHITE POLKADOT,2239.96,0.00010908679036412928,0.8955467884730818
21638,ASSORTED TUTTI FRUTTI NOTEBOOK,2239.84,0.00010908094632457336,0.8956558694194063
85045,UNKNOWN,2239.34,0.000109056596159757,0.895764926015566
20931,BLUE POT PLANT CANDLE,2238.07,0.00010899474674112342,0.8958739207623072
22163,HEART STRING MEMO HOLDER HANGING,2238.07,0.00010899474674112342,0.8959829155090483
22803,IVORY EMBROIDERED QUILT,2237.84,0.0001089835456653079,0.8960918990547136
23326,HANGING MINI COLOURED BOTTLES,2237.71,0.00010897721462245564,0.8962008762693361
22336,damaged,2235.34,0.00010886179484122607,0.8963097380641774
16237,SLEEPING CAT ERASERS,2233.7799999999997,0.000108785822326999,0.8964185238865044
21620,SET OF 4 ROSE BOTANICAL CANDLES,2232.98,0.00010874686206329283,0.8965272707485678
21398,damages,2231.9,0.00010869426570728948,0.8966359650142749
84691,PACK 20 DOLLY PEGS,2231.45,0.00010867235055895474,0.8967446373648339
23438,RED SPOT GIFT BAG LARGE,2227.42,0.00010847608823053485,0.8968531134530645
22074,6 RIBBONS SHIMMERING PINKS,2222.94,0.00010825791075378022,0.8969613713638181
21125,SET 6 FOOTBALL CELEBRATION CANDLES,2221.38,0.00010818193823955316,0.8970695533020578
22711,WRAP CIRCUS PARADE,2220.84,0.00010815564006155149,0.8971777089421193
23501,KEY RING BASEBALL BOOT UNION JACK,2220.37,0.0001081327509066241,0.8972858416930258
22453,MEASURING TAPE BABUSHKA BLUE,2218.82,0.00010805726539569338,0.8973938989584216
22716,CARD CIRCUS PARADE,2216.45,0.00010794184561446379,0.8975018408040362
84913A,SOFT PINK ROSE TOWEL,2211.54,0.0001077027269959671,0.8976095435310321
23403,LETTER HOLDER HOME SWEET HOME,2207.86,0.00010752350978291866,0.897717067040815
22514,CHILDS GARDEN SPADE BLUE,2207.1200000000003,0.00010748747153899045,0.897824554512354
22785,SQUARECUSHION COVER PINK UNION JACK,2207.11,0.00010748698453569411,0.8979320414968897
85116,BLACK CANDELABRA T-LIGHT HOLDER,2206.24,0.00010744461524891362,0.8980394861121386
22853,CAT BOWL VINTAGE CREAM,2205.57,0.00010741198602805972,0.8981468980981666
17091J,VANILLA INCENSE IN TIN,2204.35,0.00010735257162590777,0.8982542506697926
22920,HERB MARKER BASIL,2201.79,0.00010722789878204798,0.8983614785685746
23302,KNEELING MAT HOUSEWORK DESIGN,2194.62,0.0001068787174185813,0.8984683572859932
21611,SET OF 12 LILY BOTANICAL T-LIGHTS,2193.9900000000002,0.0001068480362109127,0.898575205322204
20770,ABSTRACT CIRCLE JOURNAL,2193.14,0.00010680664093072487,0.8986820119631348
23020,GLASS SONGBIRD STORAGE JAR,2191.84,0.00010674333050220232,0.898788755293637
23031,DRAWER KNOB CRACKLE GLAZE PINK,2181.9999999999995,0.00010626411925861625,0.8988950194128956
85039B,S/4 IVORY MINI ROSE CANDLE IN BOWL,2178.52,0.00010609464211149436,0.899001114055007
23445,ICE CREAM BUBBLES,2177.8399999999997,0.00010606152588734409,0.8991071755808945
15056n,EDWARDIAN PARASOL NATURAL,2170.4,0.00010569919543487661,0.8992128747763294
22069,BROWN PIRATE TREASURE CHEST,2167.93,0.00010557890562068375,0.8993184536819501
85103,stock creditted wrongly,2166.93,0.00010553020529105102,0.8994239838872411
22948,METAL DECORATION NAUGHTY CHILDREN,2166.39,0.00010550390711304934,0.8995294877943542
22182,CAKE STAND VICTORIAN FILIGREE SMALL,2166.35,0.00010550195909986404,0.8996349897534539
85216,ASSORTED CAKES FRIDGE MAGNETS,2158.1200000000003,0.0001051011553869867,0.899740090908841
22714,CARD BIRTHDAY COWBOY,2157.91,0.00010509092831776379,0.8998451818371588
23370,SET 36 COLOURING PENCILS DOILY,2157.85,0.00010508800629798584,0.8999502698434566
22824,3 TIER SWEETHEART GARDEN SHELF,2153.9500000000003,0.0001048980750124182,0.9000551679184692
22338,STAR DECORATION PAINTED ZINC,2152.75,0.00010483963461685892,0.9001600075530861
21359,UNKNOWN,2148.38,0.0001046268141763639,0.9002646343672623
23005,TRAVEL CARD WALLET I LOVE LONDON,2147.55,0.00010458639290276873,0.9003692207601652
23161,REGENCY CAKE FORK,2145.3,0.00010447681716109509,0.9004736975773263
21421,damaged,2144.48,0.00010443688289079624,0.900578134460217
21905,MORE BUTTER METAL SIGN,2143.17,0.00010437308545897738,0.900682507545676
22677,FRENCH BLUE METAL DOOR SIGN 2,2143.03,0.0001043662674128288,0.9007868738130889
21617,4 LILY BOTANICAL DINNER CANDLES,2142.51,0.00010434094324141978,0.9008912147563303
20764,ABSTRACT CIRCLES SKETCHBOOK,2142.26,0.0001043287681590116,0.9009955435244893
22708,WRAP DOLLY GIRL,2140.5,0.00010424305557885797,0.9010997865800682
84670,UNKNOWN,2140.06,0.00010422162743381957,0.9012040082075019
23213,STAR WREATH DECORATION WITH BELL,2139.67,0.00010420263430526282,0.9013082108418072
23066,SMALL DECO JEWELLERY STAND,2137.81,0.00010411205169214593,0.9014123228934994
21774,DECORATIVE CATS BATHROOM BOTTLE,2134.81,0.00010396595070324775,0.9015162888442025
22515,CHILDS GARDEN SPADE PINK,2131.84,0.00010382131072423854,0.9016201101549267
21643,damaged,2127.94,0.0001036313794386709,0.9017237415343655
21195,UNKNOWN,2122.66,0.00010337424169821007,0.9018271157760637
22023,EMPIRE BIRTHDAY CARD,2112.05,0.00010285753120080683,0.9019299733072645
85099b,JUMBO BAG RED RETROSPOT,2111.64,0.00010283756406565739,0.9020328108713302
23046,PAPER LANTERN 9 POINT DELUXE STAR,2111.4900000000002,0.00010283025901621251,0.9021356411303464
85114A,BLACK ENCHANTED FOREST PLACEMAT,2110.9,0.00010280152582172918,0.902238442656168
22279,POCKET BAG BLUE PAISLEY RED SPOT,2110.87,0.0001028000648118402,0.9023412427209799
22913,RED COAT RACK PARIS FASHION,2107.85,0.00010265298981634935,0.9024438957107963
23251,VINTAGE RED ENAMEL TRIM MUG,2107.0,0.00010261159453616154,0.9025465073053325
23233,WRAP POPPIES DESIGN,2105.5,0.00010253854404171244,0.9026490458493742
84676,UNKNOWN,2102.46,0.00010239049503962895,0.9027514363444139
40018F,UNKNOWN,2102.2799999999997,0.00010238172898029504,0.902853818073394
21291,SMALL POLKADOT CHOCOLATE GIFT BAG,2101.73,0.00010235494379899705,0.9029561730171931
22996,TRAVEL CARD WALLET VINTAGE TICKET,2099.97,0.00010226923121884344,0.9030584422484119
21070,VINTAGE BILLBOARD MUG,2099.71,0.00010225656913313894,0.903160698817545
21865,PINK UNION JACK PASSPORT COVER,2098.2400000000002,0.00010218497964857883,0.9032628837971938
23152,IVORY SWEETHEART WIRE LETTER RACK,2095.65,0.00010205884579483005,0.9033649426429885
22859,EASTER TIN BUNNY BOUQUET,2095.6499999999996,0.00010205884579483004,0.9034670014887832
23315,IVORY REFECTORY CLOCK,2094.24,0.00010199017833004789,0.9035689916671134
72799F,IVORY PILLAR CANDLE GOLD FLOCK,2085.69,0.00010157379051168806,0.9036705654576251
21619,4 VANILLA BOTANICAL CANDLES,2085.27,0.00010155333637324231,0.9037721187939983
22308,TEA COSY BLUE STRIPE,2085.0499999999997,0.0001015426223007231,0.903873661416299
84854,UNKNOWN,2084.42,0.0001015119410930545,0.9039751733573921
79323S,"Unsaleable, destroyed.",2084.32,0.00010150707106009123,0.9040766804284522
21640,ASSORTED TUTTI FRUTTI FOB NOTEBOOK,2084.25,0.00010150366203701693,0.9041781840904892
84990,UNKNOWN,2077.59,0.00010117931784166296,0.9042793634083309
84796A,PINK HAWAIIAN PICNIC HAMPER FOR 2,2072.9500000000003,0.0001009533483121671,0.904380316756643
22695,WICKER WREATH SMALL,2071.6,0.0001008876028671629,0.9044812043595103
23227,FILIGREE HEART BUTTERFLY WHITE,2070.06,0.0001008126043595285,0.9045820169638698
85049H,URBAN BLACK RIBBONS,2068.43,0.00010073322282222714,0.9046827501866919
22935,BAKING MOULD ROSE MILK CHOCOLATE,2066.82,0.00010065481529151846,0.9047834050019834
21200,MULTICOLOUR HONEYCOMB PAPER GARLAND,2066.81,0.00010065432828822213,0.9048840593302716
21058,PARTY INVITES WOODLAND,2063.24,0.00010048046811143327,0.9049845397983831
21077,UNKNOWN,2060.65,0.00010035433425768451,0.9050848941326407
23291,DOLLY GIRL CHILDRENS CUP,2060.28,0.00010033631513572041,0.9051852304477765
22400,MAGNETS PACK OF 4 HOME SWEET HOME,2057.29,0.00010019070115011854,0.9052854211489266
23490,T-LIGHT HOLDER HANGING LOVE BIRD,2055.27,0.00010009232648426042,0.9053855134754109
22903,CALENDAR FAMILY FAVOURITES,2053.96,0.00010002852905244156,0.9054855420044633
84459A,PINK METAL CHICKEN HEART,2046.1599999999999,9.964866648130625e-05,0.9055851906709447
84509G,SET OF 4 FAIRY CAKE PLACEMATS,2045.45,9.961408924726702e-05,0.9056848047601919
23500,KEY RING BASEBALL BOOT ASSORTED,2044.58,9.957171996048655e-05,0.9057843764801524
22928,YELLOW GIANT GARDEN THERMOMETER,2041.3500000000001,9.941441789577283e-05,0.9058837908980482
21348,UNKNOWN,2039.69,9.93335753485825e-05,0.9059831244733968
22201,FRYING PAN BLUE POLKADOT,2038.65,9.928292700576446e-05,0.9060824074004025
85016,SET OF 6 VINTAGE NOTELETS KIT,2033.33,9.902384125211833e-05,0.9061814312416546
22832,BROCANTE SHELF WITH HOOKS,2033.15,9.901507519278445e-05,0.9062804463168473
22261,FELT EGG COSY WHITE RABBIT,2030.3,9.887627925333116e-05,0.9063793225961008
22799,SWEETHEART WIRE FRUIT BOWL,2029.34,9.882952693688373e-05,0.9064781521230376
21612,UNKNOWN,2025.7700000000002,9.865566676009491e-05,0.9065768077897977
22211,WOOD STAMP SET FLOWERS,2025.6499999999999,9.864982272053896e-05,0.9066754576125183
21504,SKULLS GREETING CARD,2025.18,9.862693356561159e-05,0.906774084546084
35953,FOLKART STAR CHRISTMAS DECORATIONS,2022.22,9.84827805898987e-05,0.9068725673266738
23268,UNKNOWN,2019.59,9.835469872296462e-05,0.9069709220253968
21397,damaged,2017.74,9.826460311314408e-05,0.9070691866285098
21356,TOAST ITS - FAIRY FLOWER,2015.4099999999999,9.815113134509981e-05,0.9071673377598549
23289,DOLLY GIRL CHILDRENS BOWL,2013.7,9.806785378142785e-05,0.9072654056136364
20686,DOLLY MIXTURE CHILDREN'S UMBRELLA,2012.59,9.801379641553551e-05,0.907363419410052
47591C,UNKNOWN,2012.43,9.800600436279429e-05,0.9074614254144148
23358,HOT STUFF HOT WATER BOTTLE,2012.13,9.799139426390447e-05,0.9075594168086787
22520,UNKNOWN,2012.1299999999999,9.799139426390446e-05,0.9076574082029425
23529,WALL ART DOLLY GIRL,2011.99,9.798457621775589e-05,0.9077553927791604
21389,IVORY HANGING DECORATION BIRD,2010.6399999999999,9.791883077275169e-05,0.9078533116099331
37476,CONDIMENT TRAY 4 BOWLS AND 4 SPOONS,2010.6,9.791688275956639e-05,0.9079512284926926
20703,BLUE PADDED SOFT MOBILE,2010.47,9.791055171671413e-05,0.9080491390444094
23274,STAR T-LIGHT HOLDER WILLIE WINKIE,2009.9499999999998,9.788522754530511e-05,0.9081470242719547
22496,SET OF 2 ROUND TINS DUTCH CHEESE,2007.89,9.77849048662617e-05,0.908244809176821
79323G,"Unsaleable, destroyed.",2007.88,9.778441786296536e-05,0.908342593594684
22068,BLACK PIRATE TREASURE CHEST,2003.31,9.756185735654379e-05,0.9084401554520404
22932,BAKING MOULD TOFFEE CUP CHOCOLATE,2000.88,9.744351555553626e-05,0.9085375989675959
22521,UNKNOWN,1998.1299999999999,9.730958964904624e-05,0.908634908557245
22405,MONEY BOX POCKET MONEY DESIGN,1995.88,9.720001390737261e-05,0.9087321085711524
23357,HOT WATER BOTTLE SEX BOMB,1993.6000000000001,9.708897715580999e-05,0.9088291975483083
22719,UNKNOWN,1987.8300000000002,9.680797625382914e-05,0.908926005524562
79160,HEART SHAPE WIRELESS DOORBELL,1987.77,9.680505423405116e-05,0.909022810578796
21695,SMALL SILVER FLOWER CANDLE POT,1987.5800000000002,9.679580117142095e-05,0.9091196063799676
22559,SEASIDE FLYING DISC,1986.8700000000001,9.676122393738172e-05,0.9092163676039048
22343,PARTY PIZZA DISH RED RETROSPOT,1986.31,9.673395175278738e-05,0.9093131015556577
85217,UNKNOWN,1985.7500000000002,9.670667956819306e-05,0.9094098082352259
20871,OPULENT VELVET SET/3 CANDLES,1984.3500000000001,9.663849910670724e-05,0.9095064467343325
17084R,ASSORTED INCENSE PACK,1983.57,9.66005128495937e-05,0.9096030472471821
84872A,TEATIME FUNKY FLOWER BACKPACK FOR 2,1983.54,9.659905183970472e-05,0.9096996462990219
21657,MILK BOTTLE WITH GLASS STOPPER,1981.28,9.648898909473475e-05,0.9097961352881165
23075,PARLOUR CERAMIC WALL HOOK,1981.0500000000002,9.647778801891923e-05,0.9098926130761356
23145,ZINC T-LIGHT HOLDER STAR LARGE,1979.4799999999998,9.640132850139583e-05,0.909989014404637
22204,MILK PAN BLUE POLKADOT,1978.04,9.633120002672471e-05,0.9100853456046636
21629,SQUARE FLOOR CUSHION VINTAGE RED,1977.27,9.629370077290751e-05,0.9101816393054365
23068,ALUMINIUM STAMPED HEART,1976.89,9.627519464764708e-05,0.9102779145000842
22599,CHRISTMAS MUSICAL ZINC STAR,1976.8799999999999,9.627470764435073e-05,0.9103741892077285
21630,FLOOR CUSHION ELEPHANT CARNIVAL,1973.3899999999999,9.61047434939325e-05,0.9104702939512225
21803,CHRISTMAS TREE STAR DECORATION,1969.62,9.592114325121711e-05,0.9105662150944737
22931,BAKING MOULD HEART WHITE CHOCOLATE,1968.4,9.58617288490652e-05,0.9106620768233227
21082,SET/20 FRUIT SALAD PAPER NAPKINS,1963.85,9.564014234923627e-05,0.910757716965672
23374,RED SPOT PAPER GIFT BAG,1962.83,9.559046801301088e-05,0.9108533074336849
21647,ASSORTED TUTTI FRUTTI LARGE PURSE,1960.18,9.546141213948416e-05,0.9109487688458245
23228,FILIGREE HEART BIRD WHITE,1960.0,9.545264608015027e-05,0.9110442214919047
22262,FELT EGG COSY CHICKEN,1958.87,9.539761470766527e-05,0.9111396191066122
22098,BOUDOIR SQUARE TISSUE BOX,1958.68,9.538836164503506e-05,0.9112350074682573
22438,BALLOON ART MAKE YOUR OWN FLOWERS,1958.46,9.537764757251587e-05,0.9113303851158299
20846,ZINC HEART LATTICE T-LIGHT HOLDER,1958.06,9.535816744066277e-05,0.9114257432832704
23235,STORAGE TIN VINTAGE LEAF,1957.69,9.534014831869866e-05,0.9115210834315892
22614,PACK OF 12 SPACEBOY TISSUES,1955.85,9.525053971217443e-05,0.9116163339713015
35971,ROSE FOLKART HEART DECORATIONS,1955.24,9.522083251109847e-05,0.9117115548038125
22802,FAUX FUR CHOCOLATE THROW,1953.54,9.513804195072283e-05,0.9118066928457631
20984,damaged,1953.04,9.511369178590647e-05,0.9119018065375492
21692,UNKNOWN,1940.37,9.449665860945977e-05,0.9119963031961585
46775D,SUNSET COLOUR CHUNKY KNITTED THROW,1938.1899999999998,9.439049189086042e-05,0.9120906936880494
22753,SMALL YELLOW BABUSHKA NOTEBOOK,1929.6599999999999,9.397507807909323e-05,0.9121846687661286
21538,UNKNOWN,1928.26,9.390689761760742e-05,0.912278575663746
21991,BOHEMIAN COLLAGE STATIONERY SET,1927.54,9.387183338027185e-05,0.9123724474971264
84581,UNKNOWN,1927.52,9.38708593736792e-05,0.9124663183565002
20716,UNKNOWN,1926.29,9.381095796823094e-05,0.9125601293144683
21043,APRON MODERN VINTAGE COTTON,1924.93,9.374472551993043e-05,0.9126538740399882
23094,LE GRAND TRAY CHIC SET,1924.92,9.374423851663411e-05,0.9127476182785049
21802,CHRISTMAS TREE HEART DECORATION,1918.8799999999999,9.34500885256524e-05,0.9128410683670305
23155,KNICKERBOCKERGLORY MAGNET ASSORTED,1914.7299999999998,9.324798215767658e-05,0.9129343163491882
20684,UNKNOWN,1913.31,9.317882768959812e-05,0.9130274951768778
22522,CHILDS GARDEN FORK BLUE,1911.76,9.310334217866738e-05,0.9131205985190565
40001,WHITE BAMBOO RIBS LAMPSHADE,1911.6499999999999,9.309798514240777e-05,0.9132136965041988
21659,UNKNOWN,1906.6499999999999,9.285448349424413e-05,0.9133065509876932
22513,DOORSTOP FOOTBALL DESIGN,1905.95,9.282039326350123e-05,0.9133993713809567
22565,FELTCRAFT HAIRBANDS PINK AND WHITE,1905.59,9.280286114483343e-05,0.9134921742421015
85162B,UNKNOWN,1905.15,9.278143299979504e-05,0.9135849556751012
84763,UNKNOWN,1903.0,9.267672729108468e-05,0.9136776324023923
21773,DECORATIVE ROSE BATHROOM BOTTLE,1901.9,9.262315692848867e-05,0.9137702555593209
22210,WOOD STAMP SET BEST WISHES,1901.7299999999998,9.261487787245109e-05,0.9138628704371932
84519B,CARROT CHARLIE+LOLA COASTER SET,1899.5700000000002,9.250968516044442e-05,0.9139553801223537
23491,VINTAGE JINGLE BELLS HEART,1897.76,9.242153756380917e-05,0.9140478016599175
22985,WRAP BILLBOARD FONTS DESIGN,1895.24,9.229881273313469e-05,0.9141401004726506
85232A,UNKNOWN,1894.8300000000002,9.227884559798527e-05,0.9142323793182486
16169E,WRAP 50'S CHRISTMAS,1892.46,9.21634258167557e-05,0.9143245427440655
21445,UNKNOWN,1892.23,9.215222474094017e-05,0.9144166949688064
23434,3 RAFFIA RIBBONS 50'S CHRISTMAS,1892.07,9.214443268819893e-05,0.9145088394014945
21581,SKULLS DESIGN COTTON TOTE BAG,1890.74,9.20796612497874e-05,0.9146009190627443
22523,CHILDS GARDEN FORK PINK,1889.09,9.199930570589339e-05,0.9146929183684502
23394,POSTE FRANCE CUSHION COVER,1888.8999999999999,9.199005264326317e-05,0.9147849084210934
85185B,PINK HORSE SOCK PUPPET KIT,1887.7100000000003,9.193209925100024e-05,0.9148768405203445
21687,UNKNOWN,1886.23,9.186002276314379e-05,0.9149687005431076
22858,EASTER TIN KEEPSAKE,1882.2899999999997,9.166814346439083e-05,0.915060368686572
85231B,CINAMMON SET OF 9 T-LIGHTS,1880.3899999999999,9.157561283808864e-05,0.9151519442994102
84856S,SMALL TAHITI BEACH BAG,1877.21,9.142074578985658e-05,0.9152433650452
22678,FRENCH BLUE METAL DOOR SIGN 3,1876.78,9.139980464811449e-05,0.915334764849848
21983,PACK OF 12 BLUE PAISLEY TISSUES,1875.8899999999999,9.135646135474135e-05,0.9154261213112028
21841,BABY MOUSE RED GINGHAM DRESS,1874.47,9.128730688666289e-05,0.9155174086180896
21085,UNKNOWN,1873.3300000000002,9.123178851088158e-05,0.9156086404066004
23359,SET OF 12 T-LIGHTS VINTAGE DOILY,1872.31,9.118211417465619e-05,0.915699822520775
21241,GREEN POLKADOT CUP,1871.62,9.11485109472096e-05,0.9157909710317222
23090,missing,1870.86,9.111149869668874e-05,0.9158820825304189
16016,LARGE CHINESE STYLE SCISSOR,1870.7,9.11037066439475e-05,0.9159731862370629
21091,UNKNOWN,1868.7,9.100630598468204e-05,0.9160641925430476
23525,WALL ART BUFFALO BILL,1867.5700000000002,9.095127461219707e-05,0.9161551438176598
22535,MAGIC DRAWING SLATE BUNNIES,1865.85,9.086751004522876e-05,0.9162460113277049
21394,UNKNOWN,1864.6299999999999,9.080809564307682e-05,0.9163368194233481
21613,S/12 VANILLA BOTANICAL T-LIGHTS,1861.4500000000003,9.065322859484477e-05,0.9164274726519429
21287,SCENTED VELVET LOUNGE CANDLE,1860.0,9.058261311687729e-05,0.9165180552650598
21677,HEARTS STICKERS,1859.3799999999999,9.0552418912505e-05,0.9166086076839722
22686,FRENCH BLUE METAL DOOR SIGN No,1857.39,9.045550525653587e-05,0.9166990631892289
20772,GARDEN PATH JOURNAL,1851.28,9.015794624247989e-05,0.9167892211354713
22587,FELTCRAFT HAIRBAND RED AND BLUE,1850.54,9.012190799855167e-05,0.9168793430434699
21547,UNKNOWN,1848.47,9.002109831621191e-05,0.9169693641417861
84797B,UNKNOWN,1845.2,8.98618482383129e-05,0.9170592259900243
21894,POTTING SHED SEED ENVELOPES,1844.8899999999999,8.984675113612673e-05,0.9171490727411605
23378,PACK OF 12 50'S CHRISTMAS TISSUES,1842.42,8.97264613219339e-05,0.9172387992024825
85162C,UNKNOWN,1841.6999999999998,8.969139708459832e-05,0.9173284905995671
21391,FRENCH LAVENDER SCENT HEART,1839.64,8.959107440555492e-05,0.9174180816739727
21357,UNKNOWN,1836.51,8.943864237380447e-05,0.9175075203163463
22317,FIVE CATS HANGING DECORATION,1836.4900000000002,8.943766836721183e-05,0.9175969579847136
21618,UNKNOWN,1826.24,8.893848998847634e-05,0.9176858964747021
85173,SET/6 FROG PRINCE T-LIGHT CANDLES,1826.07,8.893021093243877e-05,0.9177748266856345
85164B,UNKNOWN,1825.18,8.888686763906564e-05,0.9178637135532736
21529,UNKNOWN,1824.9400000000003,8.88751795599538e-05,0.9179525887328336
84327A,UNKNOWN,1824.47,8.885229040502641e-05,0.9180414410232386
22680,FRENCH BLUE METAL DOOR SIGN 5,1824.2,8.883914131602557e-05,0.9181302801645546
23148,MINIATURE ANTIQUE ROSE HOOK IVORY,1820.4599999999998,8.865700208319915e-05,0.9182189371666378
22586,FELTCRAFT HAIRBAND PINK AND BLUE,1818.54,8.856349745030431e-05,0.9183075006640881
21088,SET/6 FRUIT SALAD PAPER CUPS,1816.73,8.847534985366907e-05,0.9183959760139417
22307,GOLD MUG BONE CHINA TREE OF LIFE,1815.81,8.843054555040697e-05,0.9184844065594923
21384,UNKNOWN,1815.29,8.840522137899794e-05,0.9185728117808712
21761,WOOD AND GLASS MEDICINE CABINET,1814.75,8.837892320099627e-05,0.9186611907040723
23160,REGENCY TEA SPOON,1809.48,8.812227246383179e-05,0.9187493129765361
21161,UNKNOWN,1808.95,8.809646128912644e-05,0.9188374094378251
21548,CERAMIC BIRDHOUSE FINCH BLUE ROOF,1802.67,8.77906232190329e-05,0.9189252000610441
90167,UNKNOWN,1801.1699999999998,8.77175727245838e-05,0.9190129176337688
21280,VINTAGE KITCHEN PRINT VEGETABLES,1800.44,8.768202148395191e-05,0.9191005996552528
22770,MIRROR CORNICE,1799.62,8.764208721365306e-05,0.9191882417424663
21158,MOODY GIRL DOOR HANGER,1797.51,8.753932951812801e-05,0.9192757810719845
22324,BLUE POLKADOT KIDS BAG,1797.06,8.751741436979328e-05,0.9193632984863542
84748,FOLK FELT HANGING MULTICOL GARLAND,1796.12,8.747163605993851e-05,0.9194507701224143
22254,FELT TOADSTOOL LARGE,1793.46,8.734209318311546e-05,0.9195381122155973
22103,MIRROR MOSAIC T-LIGHT HOLDER ROUND,1790.34,8.719014815466133e-05,0.9196253023637521
22922,FRIDGE MAGNETS US DINER ASSORTED,1789.1999999999998,8.713462977888002e-05,0.9197124369935309
22533,MAGIC DRAWING SLATE BAKE A CAKE,1787.56,8.705476123828234e-05,0.919799491754769
23317,BLUE REFECTORY CLOCK,1787.4099999999999,8.704745618883743e-05,0.919886539210958
23057,rusty throw away,1783.52,8.685801190656612e-05,0.9199733972228645
20729,UNKNOWN,1778.12,8.659503012654937e-05,0.9200599922529911
79302M,"ART LIGHTS,FUNK MONKEY",1774.18,8.640315082779643e-05,0.9201463954038188
21163,DO NOT TOUCH MY STUFF DOOR HANGER,1769.24,8.616257119941075e-05,0.9202325579750184
37343,damaged,1768.9399999999998,8.614796110052092e-05,0.9203187059361188
84507B,STRIPES DESIGN MONKEY DOLL,1764.03,8.590884248202421e-05,0.9204046147786009
21205,MULTICOLOUR 3D BALLS GARLAND,1762.27,8.582312990187061e-05,0.9204904379085027
22422,TOOTHPASTE TUBE PEN,1762.24,8.582166889198163e-05,0.9205762595773946
22546,MINI JIGSAW PURDEY,1762.06,8.581290283264774e-05,0.9206620724802274
21652,UNKNOWN,1761.59,8.579001367772035e-05,0.9207478624939051
47566b,TEA TIME PARTY BUNTING,1761.2599999999998,8.577394256894155e-05,0.920833636436474
23096,PETIT TRAY CHIC,1759.7899999999997,8.570235308438144e-05,0.9209193387895585
22209,WOOD STAMP SET HAPPY BIRTHDAY,1759.7399999999998,8.56999180678998e-05,0.9210050387076263
22446,PIN CUSHION BABUSHKA PINK,1755.28,8.548271459773783e-05,0.921090521422224
20767,BLUE PAISLEY JOURNAL,1754.36,8.543791029447572e-05,0.9211759593325185
23372,SET 36 COLOUR PENCILS DOLLY GIRL,1752.79,8.536145077695233e-05,0.9212613207832955
23399,HOME SWEET HOME HANGING HEART,1752.35,8.534002263191393e-05,0.9213466608059274
21000,ROSE DU SUD COSMETICS BAG,1749.23,8.518807760345982e-05,0.9214318488835309
84535B,FAIRY CAKES NOTEBOOK A6 SIZE,1748.41,8.514814333316098e-05,0.9215169970268641
21780,UNKNOWN,1745.85,8.50234704893012e-05,0.9216020204973533
85060,UNKNOWN,1745.6200000000001,8.501226941348567e-05,0.9216870327667668
23101,SILVER STARS TABLE DECORATION,1744.61,8.49630820805566e-05,0.9217719958488473
21637,ASSORTED SANSKRIT MINI NOTEBOOK,1741.72,8.482233812791802e-05,0.9218568181869752
21662,UNKNOWN,1741.0,8.478727389058246e-05,0.9219416054608658
21760,used for show display,1740.0,8.473857356094973e-05,0.9220263440344267
84006,MAGIC TREE -PAPER FLOWERS,1739.77,8.47273724851342e-05,0.922111071406912
84843,WHITE SOAP RACK WITH 2 BOTTLES,1737.01,8.459295957534786e-05,0.9221956643664873
22035,VINTAGE CARAVAN GREETING CARD,1736.28,8.455740833471597e-05,0.922280221774822
23244,ROUND STORAGE TIN VINTAGE LEAF,1733.9799999999998,8.444539757656069e-05,0.9223646671723986
23181,BULL DOG BOTTLE TOP WALL CLOCK,1733.57,8.442543044141127e-05,0.92244909260284
21090,SET/6 COLLAGE PAPER PLATES,1733.1299999999999,8.440400229637286e-05,0.9225334966051364
21275,ZINC TOP 2 DOOR WOODEN SHELF,1731.43,8.432121173599723e-05,0.9226178178168724
37342,UNKNOWN,1731.4,8.431975072610825e-05,0.9227021375675983
21927,BLUE/CREAM STRIPE CUSHION COVER,1728.24,8.416585768446882e-05,0.9227863034252829
23122,PARTY CHARMS 50 PIECES,1727.75,8.414199452294878e-05,0.9228704454198059
22516,CHILDS GARDEN RAKE BLUE,1725.8000000000002,8.404702888016497e-05,0.9229544924486861
85127,SMALL SQUARE CUT GLASS CANDLESTICK,1725.52,8.40333927878678e-05,0.923038525841474
22026,BANQUET BIRTHDAY CARD,1722.51,8.388680479567328e-05,0.9231224126462695
22319,HAIRCLIPS FORTIES FABRIC ASSORTED,1721.44,8.383469544296626e-05,0.9232062473417125
23073,GEORGIAN TRINKET BOX,1719.0,8.37158666386624e-05,0.9232899632083512
21895,UNKNOWN,1718.63,8.36978475166983e-05,0.9233736610558678
10125,MINI FUNKY DESIGN TAPES,1718.33,8.368323741780847e-05,0.9234573442932857
21281,VINTAGE KITCHEN PRINT SEAFOOD,1716.8,8.36087259134704e-05,0.923540953019199
21283,UNKNOWN,1710.45,8.329947882030256e-05,0.9236242524980195
22934,BAKING MOULD EASTER EGG WHITE CHOC,1707.47,8.315435183799703e-05,0.9237074068498574
20990,UNKNOWN,1706.1399999999999,8.308958039958549e-05,0.9237904964302571
23214,JINGLE BELL HEART ANTIQUE GOLD,1705.44,8.305549016884259e-05,0.9238735519204259
22679,FRENCH BLUE METAL DOOR SIGN 4,1704.43,8.300630283591353e-05,0.9239565582232618
47591B,UNKNOWN,1704.3,8.299997179306127e-05,0.9240395581950548
84795A,UNKNOWN,1703.97,8.298390068428247e-05,0.9241225420957392
22123,PING MICROWAVE APRON,1700.93,8.283585168219897e-05,0.9242053779474214
21189,WHITE HONEYCOMB PAPER GARLAND,1700.53,8.281637155034588e-05,0.9242881943189716
22706,WRAP COWBOYS,1693.24,8.246134614732328e-05,0.924370655665119
21645,UNKNOWN,1692.1499999999999,8.24082627880236e-05,0.924453063927907
70007,HI TEC ALPINE HAND WARMER,1691.1799999999998,8.236102346827986e-05,0.9245354249513753
20996,JAZZ HEARTS ADDRESS BOOK,1688.6200000000001,8.223635062442007e-05,0.9246176613019997
21576,LETS GO SHOPPING COTTON TOTE BAG,1688.44,8.222758456508618e-05,0.9246998888865648
22323,UNKNOWN,1687.21,8.216768315963792e-05,0.9247820565697243
21251,DINOSAUR HEIGHT CHART STICKER SET,1686.88,8.215161205085913e-05,0.9248642081817754
85221,UNKNOWN,1685.46,8.208245758278064e-05,0.9249462906393582
21278,UNKNOWN,1685.05,8.206249044763123e-05,0.9250283531298057
17129F,BLUE GLASS GEMS IN BAG,1684.58,8.203960129270384e-05,0.9251103927310985
21446,12 RED ROSE PEG PLACE SETTINGS,1683.58,8.199090096307111e-05,0.9251923836320615
23368,SET 12 COLOUR PENCILS DOLLY GIRL,1681.5,8.188960427743503e-05,0.9252742732363389
21382,SET/4 SPRING FLOWER DECORATION,1681.16,8.187304616535991e-05,0.9253561462825043
22975,SPACEBOY CHILDRENS EGG CUP,1679.66,8.179999567091081e-05,0.9254379462781752
21633,SUNFLOWER DECORATIVE PARASOL,1675.86,8.161493441830644e-05,0.9255195612125935
46776F,WOVEN ROSE GARDEN CUSHION COVER,1675.73,8.160860337545418e-05,0.925601169815969
72816,UNKNOWN,1673.72,8.15107157128924e-05,0.9256826805316819
72817,UNKNOWN,1671.28,8.139188690858853e-05,0.9257640724185904
85036C,ROSE 1 WICK MORRIS BOXED CANDLE,1671.27,8.139139990529221e-05,0.9258454638184956
22673,FRENCH GARDEN SIGN BLUE METAL,1671.25,8.139042589869956e-05,0.9259268542443944
22410,MONEY BOX HOUSEKEEPING DESIGN,1671.21,8.138847788551424e-05,0.92600824272228
23366,SET 12 COLOURING PENCILS DOILY,1670.5500000000002,8.135633566795666e-05,0.926089599057948
21284,RETROSPOT CANDLE SMALL,1670.41,8.134951762180807e-05,0.9261709485755698
35809A,ENAMEL PINK TEA CONTAINER,1667.61,8.121315669883641e-05,0.9262521617322685
85039A,SET/4 RED MINI ROSE CANDLE IN BOWL,1664.6699999999998,8.106997772971619e-05,0.9263332317099984
23505,PLAYING CARDS I LOVE LONDON,1660.04,8.084449520351665e-05,0.9264140762052019
23270,SET OF 2 CERAMIC PAINTED HEARTS,1659.37,8.081186598266272e-05,0.9264948880711845
21294,ETCHED GLASS COASTER,1658.75,8.078167177829044e-05,0.9265756697429628
21162,TOXIC AREA DOOR HANGER,1657.05,8.069888121791479e-05,0.9266563686241807
37441,UNKNOWN,1652.4,8.047242468512261e-05,0.9267368410488659
22025,RING OF ROSES BIRTHDAY CARD,1651.72,8.043930846097235e-05,0.9268172803573268
23483,HANGING BUTTERFLY T-LIGHT HOLDER,1651.36,8.042177634230455e-05,0.9268977021336691
21448,12 DAISY PEGS IN WOOD BOX,1650.0699999999997,8.035895291707833e-05,0.9269780610865861
23273,HEART T-LIGHT HOLDER WILLIE WINKIE,1649.0499999999997,8.030927858085295e-05,0.927058370365167
21426,WOODLAND STORAGE BOX SMALL,1647.0700000000002,8.021285192818015e-05,0.9271385832170952
21332,MOROCCAN BEATEN METAL MIRROR,1644.17,8.007162097224524e-05,0.9272186548380673
21545,UNKNOWN,1643.0700000000002,8.001805060964924e-05,0.9272986728886771
48195,UNKNOWN,1642.97,8.001318057668596e-05,0.9273786860692539
23348,CHILDRENS TOY COOKING UTENSIL SET,1642.13,7.997227229979447e-05,0.9274586583415536
85180A,RED HEARTS LIGHT CHAIN,1636.42,7.969419341759158e-05,0.9275383525349711
21541,DINOSAURS WATER TRANSFER TATTOOS,1636.24,7.968542735825769e-05,0.9276180379623294
23391,I LOVE LONDON MINI BACKPACK,1632.3200000000002,7.949452206609739e-05,0.9276975324843956
35241,ENAMEL BLUE RIM BISCUIT BIN,1631.42,7.945069176942793e-05,0.9277769831761649
21593,UNKNOWN,1630.56,7.940880948594378e-05,0.927856391985651
21837,UNKNOWN,1628.5900000000001,7.93128698365673e-05,0.9279357048554875
21793,CLASSIC FRENCH STYLE BASKET BROWN,1627.3600000000001,7.925296843111905e-05,0.9280149578239186
21656,samples,1623.24,7.90523230730322e-05,0.9280940101469916
21286,RETROSPOT CANDLE LARGE,1623.01,7.904112199721667e-05,0.9281730512689889
84619,UNKNOWN,1622.96,7.903868698073503e-05,0.9282520899559696
21279,VINTAGE KITCHEN PRINT FRUITS,1621.83,7.898365560825005e-05,0.9283310736115777
85131A,BEADED PEARL HEART WHITE ON STICK,1620.48,7.891791016324587e-05,0.9284099915217411
84919,BLUE CUSHION COVER WITH FLOWER,1619.84,7.888674195228092e-05,0.9284888782636933
21157,RED RETROSPOT WASHBAG,1619.0500000000002,7.884826869187107e-05,0.9285677265323853
23280,FOLDING BUTTERFLY MIRROR HOT PINK,1614.99,7.865054535356218e-05,0.9286463770777387
23217,LAUREL HEART ANTIQUE SILVER,1613.82,7.859356596789188e-05,0.9287249706437066
23287,RED VINTAGE SPOT BEAKER,1613.59,7.858236489207635e-05,0.9288035530085987
35471D,SET OF 3 BIRD LIGHT PINK FEATHER,1613.57,7.85813908854837e-05,0.9288821343994842
23462,ROCOCO WALL MIRROR WHITE,1607.04,7.826337773298198e-05,0.9289603977772172
82615,PINK MARSHMALLOW SCARF KNITTING KIT,1606.92,7.825753369342606e-05,0.9290386553109107
35810A,ENAMEL PINK COFFEE CONTAINER,1605.57,7.819178824842187e-05,0.9291168470991591
21542,UNKNOWN,1605.0,7.816402906053121e-05,0.9291950111282196
22517,CHILDS GARDEN RAKE PINK,1604.1100000000001,7.812068576715808e-05,0.9292731318139867
21550,CERAMIC BIRDHOUSE CRESTED TIT LARGE,1601.21,7.797945481122317e-05,0.929351111268798
22260,FELT EGG COSY BLUE RABBIT,1599.02,7.787280108932749e-05,0.9294289840698873
21383,PACK OF 12 STICKY BUNNIES,1598.88,7.786598304317891e-05,0.9295068500529304
20802,SMALL GLASS SUNDAE DISH CLEAR,1596.81,7.776517336083915e-05,0.9295846152262912
23226,FILIGREE HEART DAISY WHITE,1596.67,7.775835531469058e-05,0.929662373581606
84913B,MINT GREEN ROSE TOWEL,1593.29,7.759374820053194e-05,0.9297399673298065
21694,SMALL REGAL SILVER CANDLEPOT,1593.16,7.75874171576797e-05,0.9298175547469641
22099,CARAVAN SQUARE TISSUE BOX,1592.02,7.753189878189838e-05,0.929895086645746
35160,UNKNOWN,1590.6399999999999,7.74646923270052e-05,0.9299725513380731
22106,MIRROR MOSAIC HURRICANE LAMP,1589.98,7.74325501094476e-05,0.9300499838881825
21675,BUTTERFLIES STICKERS,1587.04,7.728937114032739e-05,0.9301272732593229
85170A,UNKNOWN,1585.06,7.719294448765458e-05,0.9302044662038106
21867,PINK UNION JACK LUGGAGE TAG,1582.87,7.70862907657589e-05,0.9302815524945762
85222,UNKNOWN,1581.7800000000002,7.703320740645924e-05,0.9303585857019827
23369,SET 36 COLOUR PENCILS LOVE LONDON,1581.06,7.699814316912366e-05,0.9304355838451518
22608,PENS ASSORTED FUNKY JEWELED,1580.6499999999999,7.697817603397423e-05,0.9305125620211859
21099,UNKNOWN,1580.34,7.69630789317881e-05,0.9305895251001176
22705,WRAP GREEN PEARS,1578.36,7.686665227911529e-05,0.9306663917523967
21282,UNKNOWN,1577.53,7.682623100552012e-05,0.9307432179834023
79323B,"Unsaleable, destroyed.",1572.45,7.657883333098587e-05,0.9308197968167333
21631,HIPPY CHIC DECORATIVE PARASOL,1571.75,7.654474310024295e-05,0.9308963415598335
21092,phil said so,1571.5,7.653256801783476e-05,0.9309728741278513
21289,LARGE STRIPES CHOCOLATE GIFT BAG,1570.56,7.648678970798e-05,0.9310493609175593
72803A,ROSE SCENT CANDLE JEWELLED DRAWER,1570.5,7.648386768820203e-05,0.9311258447852475
21579,LOLITA DESIGN COTTON TOTE BAG,1569.85,7.645221247394075e-05,0.9312022969977215
21925,UNION STRIPE CUSHION COVER,1567.33,7.632948764326628e-05,0.9312786264853646
15059A,UNKNOWN,1567.0,7.631341653448748e-05,0.9313549399018991
84789,UNKNOWN,1565.89,7.625935916859515e-05,0.9314311992610678
21610,UNKNOWN,1564.3200000000002,7.618289965107178e-05,0.9315073821607188
85194L,HANGING SPRING FLOWER EGG LARGE,1562.33,7.608598599510264e-05,0.9315834681467141
21972,SET OF 36 DINOSAUR PAPER DOILIES,1562.27,7.608306397532467e-05,0.9316595512106893
22681,FRENCH BLUE METAL DOOR SIGN 6,1562.02,7.607088889291649e-05,0.9317356220995823
84536B,FAIRY CAKES NOTEBOOK A7 SIZE,1561.49,7.604507771821115e-05,0.9318116671773004
21711,FOLDING UMBRELLA WHITE/RED POLKADOT,1560.6100000000001,7.600222142813434e-05,0.9318876693987285
21276,UNKNOWN,1558.94,7.592089187764768e-05,0.9319635902906062
85036B,CHOCOLATE 1 WICK MORRIS BOX CANDLE,1558.16,7.588290562053416e-05,0.9320394731962267
23524,WALL ART HORSE & PONY,1557.63,7.58570944458288e-05,0.9321153302906725
20766,GARDEN PATH SKETCHBOOK,1555.97,7.577625189863848e-05,0.9321911065425713
21399,UNKNOWN,1555.1200000000001,7.573485661845066e-05,0.9322668413991896
22786,CUSHION COVER PINK UNION JACK,1555.05,7.573144759537636e-05,0.932342572846785
22982,PANTRY PASTRY BRUSH,1545.02,7.524298328916008e-05,0.9324178158300742
16033,UNKNOWN,1544.52,7.521863312434372e-05,0.9324930344631985
75131,UNKNOWN,1543.03,7.514606963319095e-05,0.9325681805328317
20735,BLACK MINI TAPE MEASURE,1540.29,7.501263072999726e-05,0.9326431931635617
84795D,UNKNOWN,1538.79,7.493958023554818e-05,0.9327181327437973
22322,BIRD DECORATION GREEN POLKADOT,1538.4099999999999,7.492107411028773e-05,0.9327930538179074
21146,UNKNOWN,1537.07,7.485581566857988e-05,0.9328679096335761
20768,GREEN FERN JOURNAL,1536.74,7.483974455980108e-05,0.9329427493781359
22340,NOEL GARLAND PAINTED ZINC,1535.9199999999998,7.479981028950223e-05,0.9330175491884254
20986,BLUE CALCULATOR RULER,1534.7,7.474039588735032e-05,0.9330922895843129
23267,SET OF 4 SANTA PLACE SETTINGS,1531.95,7.460646998086031e-05,0.9331668960542937
72008,UNKNOWN,1531.82,7.460013893800804e-05,0.9332414961932317
23250,VINTAGE RED TRIM ENAMEL BOWL,1531.03,7.456166567759819e-05,0.9333160578589093
22288,HANGING METAL RABBIT DECORATION,1528.49,7.443796684033105e-05,0.9333904958257496
20902,check,1525.22,7.427871676243204e-05,0.933464774542512
22337,ANGEL DECORATION PAINTED ZINC,1522.52,7.414722587242366e-05,0.9335389217683844
22682,FRENCH BLUE METAL DOOR SIGN 7,1521.86,7.411508365486605e-05,0.9336130368520392
21785,UNKNOWN,1520.58,7.405274723293616e-05,0.9336870895992723
21661,VINTAGE GLASS TEA CADDY,1517.26,7.38910621385555e-05,0.9337609806614108
85177,BASKET OF FLOWERS SEWING KIT,1515.6299999999999,7.381168060125415e-05,0.9338347923420122
21009,UNKNOWN,1509.99,7.353701074212556e-05,0.9339083293527541
22137,BATHROOM SET LOVE HEART DESIGN,1508.28,7.34537331784536e-05,0.9339817830859327
21634,ASSORTED MINI MADRAS NOTEBOOK,1507.74,7.342743500045192e-05,0.9340552105209331
21002,ROSE DU SUD DRAWSTRING BAG,1507.22,7.34021108290429e-05,0.9341286126317622
23528,WALL ART SPACEBOY,1504.49,7.326915892914555e-05,0.9342018817906913
84526,UNKNOWN,1503.64,7.322776364895773e-05,0.9342751095543402
85159B,"WHITE TEA,COFFEE,SUGAR JARS",1503.5,7.322094560280914e-05,0.934348330499943
21066,VINTAGE RED MUG,1503.42,7.321704957643852e-05,0.9344215475495194
22683,FRENCH BLUE METAL DOOR SIGN 8,1501.66,7.313133699628492e-05,0.9344946788865157
84510B,UNKNOWN,1501.05,7.310162979520895e-05,0.934567780516311
23271,CHRISTMAS TABLE SILVER CANDLE SPIKE,1499.3799999999999,7.302030024472229e-05,0.9346408008165557
85125,SMALL ROUND CUT GLASS CANDLESTICK,1499.31,7.3016891221648e-05,0.9347138177077774
22976,CIRCUS PARADE CHILDRENS EGG CUP,1496.51,7.288053029867636e-05,0.9347866982380759
21199,PINK HEART CONFETTI IN TUBE,1495.6999999999998,7.284108303167384e-05,0.9348595393211078
22157,ANGEL DECORATION WITH LACE PADDED,1493.8999999999999,7.275342243833494e-05,0.9349322927435461
85160A,UNKNOWN,1493.75,7.274611738889003e-05,0.9350050388609349
21849,SILVER DIAMANTE PEN IN GIFT BOX,1493.41,7.272955927681491e-05,0.9350777684202117
84856L,UNKNOWN,1492.28,7.267452790432991e-05,0.9351504429481161
23334,IVORY WICKER HEART SMALL,1491.75,7.264871672962457e-05,0.9352230916648457
21051,RIBBONS PURSE,1490.3600000000001,7.258102327143509e-05,0.9352956726881172
23559,WOODLAND BUNNIES LOLLY MAKERS,1488.65,7.249774570776311e-05,0.9353681704338249
23392,SPACEBOY ROCKET LOLLY MAKERS,1485.43,7.234093064634571e-05,0.9354405113644712
21801,CHRISTMAS TREE DECORATION WITH BELL,1482.78,7.221187477281898e-05,0.9355127232392441
21644,ASSORTED TUTTI FRUTTI HEART BOX,1482.72,7.220895275304102e-05,0.935584932191997
84997a,CHILDRENS CUTLERY POLKADOT GREEN,1481.78,7.216317444318625e-05,0.9356570953664403
85198,UNKNOWN,1479.6999999999998,7.206187775755017e-05,0.9357291572441978
18098c,PORCELAIN BUTTERFLY OIL BURNER,1479.61,7.205749472788323e-05,0.9358012147389256
22815,CARD PSYCHEDELIC APPLES,1478.61,7.20087943982505e-05,0.9358732235333239
21851,LILAC DIAMANTE PEN IN GIFT BOX,1478.51,7.200392436528723e-05,0.9359452274576893
21392,UNKNOWN,1478.13,7.19854182400268e-05,0.9360172128759292
79030G,TUMBLER NEW ENGLAND,1475.1899999999998,7.184223927090656e-05,0.9360890551152002
84659A,WHITE TRAVEL ALARM CLOCK,1474.61,7.181399307971957e-05,0.9361608691082799
22915,ASSORTED BOTTLE TOP MAGNETS,1474.52,7.180961005005263e-05,0.9362326787183299
21198,WHITE HEART CONFETTI IN TUBE,1473.9499999999998,7.178185086216197e-05,0.936304460569192
21869,UNKNOWN,1473.3300000000002,7.175165665778969e-05,0.93637621222585
21065,BOOM BOX SPEAKER GIRLS,1473.21,7.174581261823376e-05,0.9364479580384683
84616,SILVER ROCCOCO CHANDELIER,1472.62,7.171707942375045e-05,0.9365196751178918
22912,YELLOW COAT RACK PARIS FASHION,1471.0900000000001,7.164256791941237e-05,0.9365913176858113
20734,UNKNOWN,1470.62,7.161967876448499e-05,0.9366629373645757
21410,UNKNOWN,1466.78,7.143266949869531e-05,0.9367343700340746
23034,DRAWER KNOB CERAMIC BLACK,1466.07,7.139809226465606e-05,0.9368057681263392
22393,PAPERWEIGHT VINTAGE COLLAGE,1464.47,7.13201717372437e-05,0.9368770882980764
23365,SET 12 COLOUR PENCILS LOVE LONDON,1464.38,7.131578870757676e-05,0.9369484040867839
21317,GLASS SPHERE CANDLE STAND MEDIUM,1464.3,7.131189268120613e-05,0.9370197159794652
22052,VINTAGE CARAVAN GIFT WRAP,1460.5,7.112683142860177e-05,0.9370908428108937
23470,CARD HOLDER LOVE BIRD LARGE,1460.5,7.112683142860177e-05,0.9371619696423223
22929,SCHOOL DESK AND CHAIR,1459.75,7.109030618137722e-05,0.9372330599485037
85136C,RED SHARK HELICOPTER,1459.64,7.108494914511762e-05,0.9373041448976489
22228,BUNNY WOODEN PAINTED WITH BIRD,1458.3,7.101969070340976e-05,0.9373751645883523
21739,COSY SLIPPER SHOES SMALL GREEN,1457.7500000000002,7.099290552211178e-05,0.9374461574938745
85098B,UNKNOWN,1456.94,7.095345825510926e-05,0.9375171109521294
15056bl,EDWARDIAN PARASOL BLACK,1456.3200000000002,7.092326405073696e-05,0.9375880342161802
23086,ZINC STAR T-LIGHT HOLDER,1455.18,7.086774567495564e-05,0.9376589019618551
20733,GOLD MINI TAPE MEASURE,1454.75,7.084680453321357e-05,0.9377297487663884
84637,KITCHEN FLOWER POTS WALL PLAQUE,1454.49,7.083414244750906e-05,0.937800582908836
21822,GLITTER CHRISTMAS TREE WITH BELLS,1454.04,7.081222729917433e-05,0.937871395136135
22390,PAPERWEIGHT CHILDHOOD MEMORIES,1453.62,7.079177316072858e-05,0.9379421869092959
85049a,TRADITIONAL CHRISTMAS RIBBONS,1451.24,7.067586637620268e-05,0.938012862775672
85055,FRENCH ENAMEL UTENSIL HOLDER,1450.44,7.063690611249651e-05,0.9380834996817845
22249,DECORATION WHITE CHICK MAGIC GARDEN,1449.96,7.061352995427279e-05,0.9381541132117389
22287,DECORATION WOBBLY CHICKEN,1447.3,7.048398707744973e-05,0.9382245971988161
23249,VINTAGE RED ENAMEL TRIM PLATE,1445.8999999999999,7.04158066159639e-05,0.9382950130054323
21159,MOODY BOY DOOR HANGER,1445.76,7.040898856981533e-05,0.938365421994002
35637A,IVORY STRING CURTAIN WITH POLE,1445.05,7.037441133577608e-05,0.9384357964053378
84313C,damaged,1442.3899999999999,7.024486845895303e-05,0.9385060412737968
84596G,SMALL CHOCOLATES PINK BOWL,1441.6,7.020639519854317e-05,0.9385762476689954
22817,CARD SUKI BIRTHDAY,1439.94,7.012555265135285e-05,0.9386463732216466
21807,WHITE CHRISTMAS STAR DECORATION,1438.4099999999999,7.005104114701476e-05,0.9387164242627937
20761,BLUE PAISLEY SKETCHBOOK,1437.46,7.000477583386367e-05,0.9387864290386275
22093,MOTORING TISSUE BOX,1436.82,6.997360762289872e-05,0.9388564026462505
22316,200 BENDY SKULL STRAWS,1435.32,6.990055712844963e-05,0.9389263032033789
22396,MAGNETS PACK OF 4 RETRO PHOTO,1432.39,6.975786516262573e-05,0.9389960610685416
23527,WALL ART ANIMALS AND NATURE,1432.31,6.975396913625511e-05,0.9390658150376777
35965,FOLKART HEART NAPKIN RINGS,1429.53,6.961858221987612e-05,0.9391354336198977
15034,PAPER POCKET TRAVELING FAN,1428.0200000000002,6.954504472213072e-05,0.9392049786646198
21292,SMALL STRIPES CHOCOLATE GIFT BAG,1427.11,6.950072742216491e-05,0.9392744793920419
20801,UNKNOWN,1427.1,6.950024041886859e-05,0.9393439796324609
85167B,DAMAGED,1426.34,6.946322816834771e-05,0.9394134428606292
21532,UNKNOWN,1423.91,6.93448863673402e-05,0.9394827877469966
22545,MINI JIGSAW BUNNIES,1422.74,6.928790698166989e-05,0.9395520756539781
35004G,SET OF 3 GOLD FLYING DUCKS,1419.51,6.913060491695618e-05,0.9396212062588952
20840,FRENCH FLORAL CUSHION COVER,1419.09,6.911015077851043e-05,0.9396903164096737
85071A,BLUE CHARLIE+LOLA PERSONAL DOORSIGN,1418.64,6.90882356301757e-05,0.9397594046453037
22819,"BIRTHDAY CARD, RETRO SPOT",1418.12,6.906291145876668e-05,0.9398284675567625
47503A,UNKNOWN,1416.84,6.900057503683679e-05,0.9398974681317994
21395,BLUE POLKADOT BEAKER,1415.6399999999999,6.89421346412775e-05,0.9399664102664407
23104,IVORY CAFE HANGING LAMP,1405.42,6.844441727243102e-05,0.9400348546837132
21828,EIGHT PIECE SNAKE SET,1402.87,6.832023143186755e-05,0.940103174915145
23119,PACK OF 6 LARGE FRUIT STRAWS,1402.32,6.829344625056954e-05,0.9401714683613955
23055,rusty thrown away,1401.43,6.825010295719642e-05,0.9402397184643527
21358,TOAST ITS - HAPPY BIRTHDAY,1399.96,6.817851347263631e-05,0.9403078969778254
21910,UNKNOWN,1398.1799999999998,6.809182688589004e-05,0.9403759888047113
22756,LARGE YELLOW BABUSHKA NOTEBOOK,1395.95,6.798322515080906e-05,0.9404439720298621
22685,FRENCH BLUE METAL DOOR SIGN 0,1395.84,6.797786811454946e-05,0.9405119498979766
23040,PAPER LANTERN 9 POINT SNOW STAR,1394.03,6.788972051791423e-05,0.9405798396184946
47503K,UNKNOWN,1393.34,6.785611729046763e-05,0.940647695735785
85087,CANDY SPOT CUSHION COVER,1392.64,6.782202705972473e-05,0.9407155177628448
22917,HERB MARKER ROSEMARY,1391.2,6.77518985850536e-05,0.9407832696614298
85017B,ENVELOPE 50 BLOSSOM IMAGES,1390.3899999999999,6.771245131805108e-05,0.9408509821127479
21011,GLITTER SNOW PEAR TREE DECORATION,1389.75,6.768128310708613e-05,0.940918663395855
23376,PACK OF 12 VINTAGE CHRISTMAS TISSUE,1389.59,6.767349105434489e-05,0.9409863368869092
85169A,IVORY LOVE BIRD CANDLE,1389.57,6.767251704775224e-05,0.941054009403957
22250,DECORATION BUTTERFLY MAGIC GARDEN,1387.21,6.7557584269819e-05,0.9411215669882269
84562A,PINK/WHITE RIBBED MELAMINE JUG,1386.21,6.750888394018627e-05,0.9411890758721669
22339,CHRISTMAS TREE PAINTED ZINC,1386.1100000000001,6.750401390722301e-05,0.9412565798860744
22984,CARD GINGHAM ROSE,1385.85,6.749135182151849e-05,0.9413240712378957
90200D,PINK SWEETHEART BRACELET,1385.01,6.7450443544627e-05,0.9413915216814405
84396,UNKNOWN,1380.52,6.723177906457604e-05,0.941458753460505
23414,ZINC BOX SIGN HOME,1378.75,6.714557948112611e-05,0.9415258990399861
35962,UNKNOWN,1376.98,6.705937989767618e-05,0.9415929584198838
23546,WRAP PAISLEY PARK,1375.5,6.698730340981974e-05,0.9416599457232936
21277,FRENCH STYLE EMBOSSED HEART CABINET,1375.24,6.697464132411523e-05,0.9417269203646177
20866,BLUE ROSE FABRIC MIRROR,1372.66,6.68489944736628e-05,0.9417937693590913
84819,DANISH ROSE ROUND SEWING BOX,1372.51,6.684168942421788e-05,0.9418606110485156
20704,MR ROBOT SOFT TOY,1371.42,6.678860606491821e-05,0.9419273996545805
21530,DAIRY MAID TOASTRACK,1370.41,6.673941873198915e-05,0.9419941390733124
84685,BEACH HUT KEY CABINET,1369.92,6.67155555704691e-05,0.942060854628883
46776B,WOVEN BERRIES CUSHION COVER,1369.23,6.668195234302252e-05,0.942127536581226
23000,TRAVEL CARD WALLET TRANSPORT,1369.12,6.667659530676292e-05,0.9421942131765327
21209,MULTICOLOUR HONEYCOMB FAN,1368.04,6.662399895075957e-05,0.9422608371754836
21684,SMALL MEDINA STAMPED METAL BOWL,1367.81,6.661279787494404e-05,0.9423274499733585
35599D,PINK AND WHITE CHRISTMAS TREE 120CM,1366.48,6.654802643653252e-05,0.9423939979997951
22916,HERB MARKER THYME,1365.3300000000002,6.649202105745488e-05,0.9424604900208524
84665,SQUARE CHERRY BLOSSOM CABINET,1364.7,6.646133984978627e-05,0.9425269513607023
23221,REINDEER HEART DECORATION SILVER,1363.87,6.642091857619108e-05,0.9425933722792784
35649,VINTAGE BEAD COSMETIC BAG,1362.8999999999999,6.637367925644734e-05,0.942659745958535
21285,RETROSPOT CANDLE MEDIUM,1362.6200000000001,6.636004316415019e-05,0.9427261060016989
22269,EGG CUP NATURAL CHICKEN,1360.2,6.624218836643898e-05,0.9427923481900655
84965B,UNKNOWN,1359.95,6.62300132840308e-05,0.9428585782033495
85141,UNKNOWN,1355.99,6.603715997868518e-05,0.9429246153633282
23469,CARD HOLDER LOVE BIRD SMALL,1355.24,6.600063473146063e-05,0.9429906159980597
23061,VINTAGE EMBOSSED HEART,1355.18,6.599771271168268e-05,0.9430566137107713
22050,PINK PAISLEY ROSE GIFT WRAP,1354.0,6.594024632271604e-05,0.9431225539570941
84466,UNKNOWN,1352.11,6.584820269971019e-05,0.9431884021597937
17129D,UNKNOWN,1351.1799999999998,6.580291139315175e-05,0.943254205071187
21059,PARTY INVITES DINOSAURS,1349.4099999999999,6.571671180970182e-05,0.9433199217829966
21738,COSY SLIPPER SHOES SMALL RED,1346.23,6.556184476146974e-05,0.9433854836277581
20780,BLACK EAR MUFF HEADPHONES,1344.94,6.549902133624353e-05,0.9434509826490942
22684,FRENCH BLUE METAL DOOR SIGN 9,1344.94,6.549902133624353e-05,0.9435164816704306
20762,GREEN FERN SKETCHBOOK,1343.79,6.544301595716588e-05,0.9435819246863877
16235,RECYCLED PENCIL WITH RABBIT ERASER,1341.72,6.534220627482613e-05,0.9436472668926627
22924,FRIDGE MAGNETS LA VIE EN ROSE,1338.7199999999998,6.519610528592793e-05,0.9437124629979485
21190,PINK HEARTS PAPER GARLAND,1337.59,6.514107391344294e-05,0.943777604071862
23538,WALL ART VINTAGE HEART,1334.49,6.49901028915815e-05,0.9438425941747535
20993,UNKNOWN,1334.1100000000001,6.497159676632106e-05,0.9439075657715199
85032D,damaged,1333.98,6.496526572346881e-05,0.9439725310372432
21580,RABBIT DESIGN COTTON TOTE BAG,1331.8799999999999,6.486299503124006e-05,0.9440373940322746
20933,YELLOW POT PLANT CANDLE,1329.49,6.474660124341784e-05,0.9441021406335179
20893,damages,1328.99,6.472225107860148e-05,0.9441668628845966
22051,BLUE SCANDINAVIAN PAISLEY WRAP,1328.0,6.467403775226507e-05,0.9442315369223488
21926,RED/CREAM STRIPE CUSHION COVER,1327.77,6.466283667644954e-05,0.9442961997590253
21775,DECORATIVE FLORE BATHROOM BOTTLE,1327.54,6.465163560063402e-05,0.9443608513946259
22918,HERB MARKER PARSLEY,1326.76,6.46136493435205e-05,0.9444254650439695
22923,FRIDGE MAGNETS LES ENFANTS ASSORTED,1325.09,6.453231979303384e-05,0.9444899973637625
85032A,ROMANTIC IMAGES GIFT WRAP SET,1324.16,6.44870284864754e-05,0.944554484392249
85071B,RED CHARLIE+LOLA PERSONAL DOORSIGN,1323.72,6.446560034143699e-05,0.9446189499925904
47593B,SCOTTIE DOGS BABY BIB,1322.24,6.439352385358055e-05,0.9446833435164439
85200,UNKNOWN,1321.59,6.436186863931928e-05,0.9447477053850832
23405,HOME SWEET HOME 2 DRAWER CABINET,1321.38,6.435164157009641e-05,0.9448120570266534
22701,PINK DOG BOWL,1320.5700000000002,6.431219430309391e-05,0.9448763692209565
22232,JIGSAW TOADSTOOLS 3 PIECE,1318.99,6.423524778227419e-05,0.9449406044687387
85135C,RED DRAGONFLY HELICOPTER,1317.92,6.418313842956716e-05,0.9450047876071684
21945,STRAWBERRIES DESIGN FLANNEL,1317.3,6.415294422519486e-05,0.9450689405513935
20798,UNKNOWN,1316.55,6.411641897797031e-05,0.9451330569703714
21219,SET/4 BADGES BALLOON GIRL,1315.77,6.407843272085679e-05,0.9451971354030922
22977,DOLLY GIRL CHILDRENS EGG CUP,1315.11,6.404629050329918e-05,0.9452611816935955
20760,GARDEN PATH POCKET BOOK,1314.51,6.401707030551955e-05,0.9453251987639012
84688,BEACH HUT DESIGN BLACKBOARD,1313.52,6.396885697918315e-05,0.9453891676208803
23373,VINTAGE CHRISTMAS PAPER GIFT BAG,1313.3899999999999,6.396252593633089e-05,0.9454531301468166
22481,BLACK TEA TOWEL CLASSIC DESIGN,1313.09,6.394791583744107e-05,0.9455170780626541
35598D,PINK/WHITE CHRISTMAS TREE 60CM,1312.2,6.390457254406795e-05,0.9455809826351982
21248,DOOR HANGER MUM + DADS ROOM,1309.7,6.378282171998613e-05,0.9456447654569181
21842,PINK HEART CANDY BUTTON CALCULATOR,1308.74,6.37360694035387e-05,0.9457085015263217
84569D,PACK 6 HEART/ICE-CREAM PATCHES,1306.29,6.361675359593851e-05,0.9457721182799176
22893,MINI CAKE STAND T-LIGHT HOLDER,1306.09,6.360701353001197e-05,0.9458357252934476
72818,UNKNOWN,1305.23,6.356513124652783e-05,0.9458992904246942
20738,UNKNOWN,1301.72,6.339419308951695e-05,0.9459626846177837
85170D,SET/6 PINK BIRD T-LIGHT CANDLES,1296.36,6.31331593226855e-05,0.9460258177771063
79191C,RETRO PLASTIC ELEPHANT TRAY,1296.31,6.313072430620387e-05,0.9460889485014126
22258,FELT FARM ANIMAL RABBIT,1294.8,6.305718680845845e-05,0.9461520056882211
22105,MIRROR MOSAIC GOBLET CANDLE HOLDER,1294.7,6.305231677549518e-05,0.9462150580049966
22097,SWALLOW SQUARE TISSUE BOX,1293.93,6.301481752167798e-05,0.9462780728225182
22267,EASTER DECORATION EGG BUNNY,1292.72,6.295589012282237e-05,0.946341028712641
22181,SNOWSTORM PHOTO FRAME FRIDGE MAGNET,1291.3799999999999,6.289063168111451e-05,0.9464039193443221
17091A,LAVENDER INCENSE IN TIN,1290.02,6.2824399232814e-05,0.946466743743555
21880,RED RETROSPOT TAPE,1289.8300000000002,6.281514617018379e-05,0.9465295588897251
85006,SET 4 NURSERY DES ROUND BOXES,1289.31,6.278982199877476e-05,0.9465923487117238
84609,TALL ROCOCO CANDLE HOLDER,1289.24,6.278641297570048e-05,0.9466551351246997
85025C,PINK HEART SHAPE PHOTO FRAME,1287.56,6.270459642191748e-05,0.9467178397211214
72800B,4 PURPLE FLOCK DINNER CANDLES,1284.43,6.255216439016704e-05,0.9467803918855117
82613D,METAL SIGN CUPCAKE SINGLE HOOK,1284.36,6.254875536709275e-05,0.9468429406408787
46776A,WOVEN BUBBLE GUM CUSHION COVER,1283.23,6.249372399460777e-05,0.9469054343648733
46775E,CANDY POP CHUNKY KNITTED THROW,1282.8999999999999,6.247765288582896e-05,0.9469679120177593
22543,MINI JIGSAW BAKE A CAKE,1282.33,6.244989369793831e-05,0.9470303619114572
85231G,amazon,1281.31,6.240021936171293e-05,0.9470927621308189
22999,TRAVEL CARD WALLET VINTAGE LEAF,1280.31,6.23515190320802e-05,0.9471551136498509
20765,CHRYSANTHEMUM SKETCHBOOK,1280.06,6.233934394967201e-05,0.9472174529938006
22214,CANDLE PLATE LACE WHITE,1279.79,6.232619486067118e-05,0.9472797791886614
84816,damages,1278.3500000000001,6.225606638600006e-05,0.9473420352550472
22268,check,1278.09,6.224340430029553e-05,0.9474042786593475
16225,RATTLE SNAKE EGGS,1275.41,6.211288741687983e-05,0.9474663915467645
21425,SKULLS STORAGE BOX LARGE,1274.93,6.208951125865612e-05,0.9475284810580231
21759,UNKNOWN,1274.47,6.206710910702505e-05,0.9475905481671303
47591d,PINK FAIRY CAKE CHILDRENS APRON,1274.3799999999999,6.20627260773581e-05,0.9476526108932075
23072,damages,1273.76,6.203253187298582e-05,0.9477146434250804
35648,VINTAGE BEAD PINK PURSE,1272.59,6.197555248731552e-05,0.9477766189775677
21689,SILVER VANILLA FLOWER CANDLE POT,1271.87,6.194048824997995e-05,0.9478385594658177
21549,UNKNOWN,1270.39,6.186841176212353e-05,0.9479004278775799
85163B,BLACK BAROQUE WALL CLOCK,1268.6599999999999,6.178416019185889e-05,0.9479622120377718
20777,CHRYSANTHEMUM NOTEBOOK,1262.7,6.149390622724783e-05,0.948023705943999
22062,UNKNOWN,1261.15,6.14184207163171e-05,0.9480851243647154
22290,UNKNOWN,1260.8200000000002,6.14023496075383e-05,0.9481465267143228
35957,SMALLFOLKART BAUBLE CHRISTMAS DEC,1259.94,6.13594933174615e-05,0.9482078862076403
21752,GLASS CAKE STAND MIRRORED BASE,1259.76,6.13507272581276e-05,0.9482692369348985
77101A,UNKNOWN,1258.47,6.128790383290138e-05,0.9483305248387314
22919,HERB MARKER MINT,1258.04,6.12669626911593e-05,0.9483917918014225
40003,WHITE BAMBOO RIBS LAMPSHADE,1257.02,6.121728835493392e-05,0.9484530090897774
21063,PARTY INVITES JAZZ HEARTS,1256.27,6.118076310770937e-05,0.948514189852885
21145,UNKNOWN,1256.21,6.117784108793141e-05,0.9485753676939731
23511,EMBROIDERED RIBBON REEL EMILY,1256.17,6.117589307474611e-05,0.9486365435870479
23071,damages,1255.1,6.112378372203908e-05,0.9486976673707699
20825,UNKNOWN,1255.0800000000002,6.112280971544643e-05,0.9487587901804854
22280,POCKET BAG PINK PAISELY BROWN SPOT,1254.59,6.109894655392639e-05,0.9488198891270393
20731,UNKNOWN,1252.92,6.101761700343973e-05,0.9488809067440427
84967B,UNKNOWN,1249.45,6.084862685961416e-05,0.9489417553709024
23067,HANGING ENGRAVED METAL HEART,1249.1100000000001,6.083206874753904e-05,0.9490025874396499
85159A,"BLACK TEA,COFFEE,SUGAR JARS",1248.98,6.0825737704686774e-05,0.9490634131773547
21438,UNKNOWN,1248.57,6.080577056953735e-05,0.9491242189479242
22389,PAPERWEIGHT SAVE THE PLANET,1245.52,6.0657234564157525e-05,0.9491848761824883
20707,CRAZY DAISY HEART DECORATION,1244.93,6.062850136967422e-05,0.9492455046838579
22808,SET OF 6 T-LIGHTS EASTER CHICKS,1243.88,6.0577366023559856e-05,0.9493060820498814
79163,damaged,1240.83,6.0428830018180026e-05,0.9493665108798998
23138,SINGLE WIRE HOOK IVORY HEART,1238.76,6.032802033584027e-05,0.9494268389002355
85162A,?,1234.27,6.010935585578932e-05,0.9494869482560913
21253,SET OF PICTURE FRAME STICKERS,1231.0700000000002,5.995351480096459e-05,0.9495469017708922
84910A,PINK PAISLEY CUSHION COVER,1230.39,5.992039857681433e-05,0.9496068221694691
22921,HERB MARKER CHIVES,1229.97,5.9899944438368586e-05,0.9496667221139073
23539,WALL ART LOVES' SECRET,1227.95,5.980156977251047e-05,0.9497265236836798
84658,WHITE STITCHED CUSHION COVER,1227.46,5.977770661099043e-05,0.9497863013902909
16046,TEATIME PEN CASE & PENS,1226.8999999999999,5.97504344263961e-05,0.9498460518247174
85135B,UNKNOWN,1226.51,5.9731441297839337e-05,0.9499057832660152
20771,CHRYSANTHEMUM JOURNAL,1222.08,5.951569883756634e-05,0.9499652989648528
23142,IVORY WIRE KITCHEN ORGANISER,1220.8200000000002,5.9454336422229115e-05,0.950024753301275
23598,PAPER BUNTING VINTAGE PARTY,1218.48,5.934037765088852e-05,0.9500840936789258
85130A,UNKNOWN,1217.54,5.929459934103375e-05,0.9501433882782669
22216,T-LIGHT HOLDER WHITE LACE,1215.83,5.921132177736178e-05,0.9502025996000442
21490,UNKNOWN,1214.5,5.914655033895025e-05,0.9502617461503832
84687,BEACH HUT SHELF W 3 DRAWERS,1214.01,5.9122687177430214e-05,0.9503208688375606
22265,EASTER DECORATION NATURAL CHICK,1211.7,5.9010189415978615e-05,0.9503798790269766
22233,JIGSAW RABBIT AND BIRDHOUSE,1210.6999999999998,5.896148908634587e-05,0.950438840516063
79066K,RETRO MOD TRAY,1210.45,5.89493140039377e-05,0.9504977898300668
84823,DANISH ROSE FOLDING CHAIR,1210.0,5.892739885560297e-05,0.9505567172289224
22256,FELT FARM ANIMAL CHICKEN,1207.57,5.8809057054595436e-05,0.950615526285977
22102,MIRROR MOSAIC T-LIGHT HOLDER,1206.54,5.875889571507372e-05,0.9506742851816923
21904,UNKNOWN,1205.72,5.8718961444774884e-05,0.950733004143137
21396,RED SPOTTY EGG CUP,1205.25,5.8696072289847504e-05,0.9507917002154268
21130,damaged,1204.38,5.865370300306703e-05,0.9508503539184299
22403,MAGNETS PACK OF 4 VINTAGE LABELS,1202.53,5.856360739324648e-05,0.9509089175258232
23026,DRAWER KNOB VINTAGE GLASS STAR,1201.04,5.849104390209371e-05,0.9509674085697252
84815,SET OF 3 DANISH ROSE PLANTERS,1200.82,5.848032982957451e-05,0.9510258888995547
21883,STARS GIFT TAPE,1200.13,5.8446726602127935e-05,0.9510843356261568
23444,Next Day Carriage,1200.0,5.844039555927567e-05,0.9511427760217162
85129D,BEADED CRYSTAL HEART PINK SMALL,1197.31,5.8309391672563625e-05,0.9512010854133888
21650,ASSORTED TUTTI FRUTTI BRACELET,1196.3,5.826020433963457e-05,0.9512593456177283
20934,SET/3 POT PLANT CANDLES,1195.97,5.824413323085577e-05,0.9513175897509593
72232,FENG SHUI PILLAR CANDLE,1195.48,5.822027006933573e-05,0.9513758100210287
84830,UNKNOWN,1195.15,5.820419896055694e-05,0.9514340142199891
84625A,PINK NEW BAROQUECANDLESTICK CANDLE,1193.0,5.809949325184656e-05,0.9514921137132409
84559A,3D SHEET OF DOG STICKERS,1192.72,5.80858571595494e-05,0.9515501995704004
22252,BIRDCAGE DECORATION TEALIGHT HOLDER,1191.81,5.8041539859583614e-05,0.9516082411102601
84750A,UNKNOWN,1189.23,5.791589300913117e-05,0.9516661570032693
47503E,UNKNOWN,1186.9,5.780242124108691e-05,0.9517239594245103
21312,UNKNOWN,1185.92,5.775469491804684e-05,0.9517817141194282
21806,UNKNOWN,1183.6299999999999,5.764317116318788e-05,0.9518393572905915
22761,CHEST 7 DRAWER MA CAMPAGNE,1182.78,5.7601775883000066e-05,0.9518969590664744
84674,FLYING PIG WATERING CAN,1178.88,5.741184459743243e-05,0.951954370911072
23041,PAPER LANTERN 9 POINT SNOW STAR,1178.48,5.739236446557933e-05,0.9520117632755376
23225,CHERUB HEART DECORATION SILVER,1177.0,5.7320287977722886e-05,0.9520690835635154
72819,CUPID DESIGN SCENTED CANDLES,1176.56,5.729885983268448e-05,0.952126382423348
23431,NATURAL HANGING QUILTED HEARTS,1175.3799999999999,5.724139344371786e-05,0.9521836238167917
23523,WALL ART TREASURE AHOY,1173.8100000000002,5.716493392619449e-05,0.9522407887507179
21393,UNKNOWN,1172.8100000000002,5.711623359656176e-05,0.9522979049843144
37475,SET/4 COLOURFUL MIXING BOWLS,1170.51,5.700422283840647e-05,0.9523549092071529
23418,LAVENDER TOILETTE BOTTLE,1168.08,5.6885881037398936e-05,0.9524117950881903
22048,BIRTHDAY BANQUET GIFT WRAP,1166.3,5.679919445065268e-05,0.952468594282641
23508,MINI PLAYING CARDS DOLLY GIRL,1165.13,5.674221506498239e-05,0.9525253364977059
23515,EMBROIDERED RIBBON REEL DAISY,1164.98,5.6734910015537476e-05,0.9525820714077214
22253,UNKNOWN,1164.53,5.671299486720275e-05,0.9526387844025886
84313B,Damaged,1164.04,5.668913170568271e-05,0.9526954735342943
23269,SET OF 2 CERAMIC CHRISTMAS TREES,1163.1299999999999,5.664481440571692e-05,0.9527521183487
21649,ASSORTED TUTTI FRUTTI PHOTO FRAME,1162.89,5.663312632660508e-05,0.9528087514750266
22264,FELT FARM ANIMAL WHITE BUNNY,1159.87,5.6486051331114226e-05,0.9528652375263578
23566,EGG CUP MILKMAID HEIDI,1159.43,5.646462318607583e-05,0.9529217021495439
21763,UNKNOWN,1157.8999999999999,5.6390111681737745e-05,0.9529780922612255
84847,UNKNOWN,1157.23,5.635748246088382e-05,0.9530344497436865
23507,MINI PLAYING CARDS BUFFALO BILL,1156.51,5.6322418223548255e-05,0.9530907721619101
22814,CARD PARTY GAMES,1152.81,5.614222700390715e-05,0.9531469143889139
22718,CARD CAT AND TREE,1151.44,5.607550755231032e-05,0.9532029898964662
23402,HOME SWEET HOME 3 PEG HANGER,1151.03,5.6055540417160896e-05,0.9532590454368833
21316,UNKNOWN,1149.06,5.5959600767784415e-05,0.9533150050376512
22806,SET OF 6 T-LIGHTS WEDDING CAKE,1149.02,5.595765275459911e-05,0.9533709626904058
20932,PINK POT PLANT CANDLE,1147.72,5.589434232607656e-05,0.9534268570327318
22615,PACK OF 12 CIRCUS PARADE TISSUES,1146.75,5.5847103006332816e-05,0.9534827041357381
21261,GREEN GOOSE FEATHER CHRISTMAS TREE,1146.1200000000001,5.58164217986642e-05,0.9535385205575369
72598,SET/12 TAPER CANDLES,1145.76,5.579888967999641e-05,0.9535943194472167
22040,BOTANICAL ROSE GIFT WRAP,1144.3,5.572778719873262e-05,0.9536500472344155
85118,UNKNOWN,1143.68,5.5697592994360334e-05,0.9537057448274099
84750B,UNKNOWN,1142.02,5.561675044717e-05,0.953761361577857
84596E,UNKNOWN,1142.01,5.5616263443873674e-05,0.9538169778413009
21366,MIRRORED WALL ART PHOTO FRAMES,1140.0,5.551837578131189e-05,0.9538724962170823
23506,MINI PLAYING CARDS SPACEBOY,1139.2,5.5479415517605704e-05,0.9539279756325999
22715,CARD WEDDING DAY,1138.97,5.5468214441790176e-05,0.9539834438470416
85110,UNKNOWN,1138.04,5.5422923135231734e-05,0.9540388667701769
37424,UNKNOWN,1136.3799999999999,5.53420805880414e-05,0.9540942088507649
21942,SKULLS DESIGN FLANNEL,1136.28,5.533721055507813e-05,0.9541495460613201
20622,VIP PASSPORT COVER,1135.99,5.532308745948464e-05,0.9542048691487794
22230,JIGSAW TREE WITH WATERING CAN,1135.78,5.5312860390261764e-05,0.9542601820091698
21413,PERIWINKLE T-LIGHT HOLDER,1134.89,5.5269517096888646e-05,0.9543154515262667
22598,CHRISTMAS MUSICAL ZINC TREE,1133.01,5.5177960477179104e-05,0.9543706294867438
20832,RED FLOCK LOVE HEART PHOTO FRAME,1132.01,5.5129260147546375e-05,0.9544257587468914
21555,CERAMIC STRAWBERRY TRINKET TRAY,1131.37,5.509809193658143e-05,0.9544808568388279
85224,UNKNOWN,1129.3600000000001,5.500020427401965e-05,0.9545358570431021
85136A,YELLOW SHARK HELICOPTER,1129.23,5.499387323116739e-05,0.9545908509163332
22255,FELT TOADSTOOL SMALL,1128.81,5.497341909272164e-05,0.9546458243354259
85212,MINI PAINTED GARDEN DECORATION,1128.01,5.493445882901546e-05,0.9547007587942548
37482B,CUBIC MUG BLUE POLKA DOT,1127.91,5.492958879605219e-05,0.9547556883830509
21040,UNKNOWN,1125.85,5.482926611700876e-05,0.9548105176491679
20700,GREEN CAT FLORAL CUSHION COVER,1125.05,5.479030585330257e-05,0.9548653079550213
85124C,GREEN JUICY FRUIT PHOTO FRAME,1123.8899999999999,5.4733813470928604e-05,0.9549200417684922
48173c,DOORMAT BLACK FLOCK,1123.55,5.471725535885348e-05,0.954974759023851
21010,UNKNOWN,1122.26,5.465443193362726e-05,0.9550294134557846
20669,RED HEART LUGGAGE TAG,1119.39,5.4514661987581336e-05,0.9550839281177723
23510,MINI PLAYING CARDS GYMKHANA,1119.22,5.4506382931543763e-05,0.9551384345007038
23411,TRELLIS COAT RACK,1118.6100000000001,5.447667573046781e-05,0.9551929111764342
17096,UNKNOWN,1117.5100000000002,5.442310536787181e-05,0.9552473342818022
22997,TRAVEL CARD WALLET UNION JACK,1115.93,5.434615884705209e-05,0.9553016804406492
84678,UNKNOWN,1115.93,5.434615884705209e-05,0.9553560265994963
23513,EMBROIDERED RIBBON REEL SUSIE,1114.26,5.426482929656543e-05,0.9554102914287929
84631,FRUIT TREE AND BIRDS WALL PLAQUE,1114.11,5.425752424712051e-05,0.95546454895304
47504H,ENGLISH ROSE SPIRIT LEVEL,1113.07,5.4206875904302474e-05,0.9555187558289443
21666,RIDGED GLASS T-LIGHT HOLDER,1109.0500000000002,5.401110057917891e-05,0.9555727669295233
23375,50'S CHRISTMAS PAPER GIFT BAG,1108.8899999999999,5.400330852643766e-05,0.9556267702380498
23433,HANGING QUILTED PATCHWORK APPLES,1108.58,5.398821142425152e-05,0.9556807584494741
20892,UNKNOWN,1108.1,5.3964835266027805e-05,0.9557347232847401
21944,KITTENS DESIGN FLANNEL,1106.86,5.390444685728322e-05,0.9557886277315975
21202,DOLLY HONEYCOMB GARLAND,1105.1299999999999,5.3820195287018595e-05,0.9558424479268844
22116,METAL SIGN HIS DINNER IS SERVED,1103.88,5.375931987497769e-05,0.9558962072467594
21839,UNKNOWN,1101.94,5.3664841235490196e-05,0.9559498720879949
84638,SMALL KITCHEN FLOWER POTS PLAQUE,1101.55,5.364584810693343e-05,0.9560035179361019
22532,MAGIC DRAWING SLATE LEAP FROG,1101.1,5.36239329585987e-05,0.9560571418690604
47587A,UNKNOWN,1099.88,5.3564518556446776e-05,0.9561107063876167
22709,WRAP WEDDING DAY,1099.58,5.354990845755695e-05,0.9561642562960744
21131,GOLD STANDING GNOME,1098.86,5.351484422022138e-05,0.9562177711402946
21779,UNKNOWN,1097.8,5.346322187081069e-05,0.9562712343621654
84358,FLOOR LAMP SHADE WOOD BASE,1097.48,5.344763776532822e-05,0.9563246819999308
37479B,UNKNOWN,1095.85,5.336825622802687e-05,0.9563780502561587
84989A,75 GREEN FAIRY CAKE CASES,1095.07,5.333026997091334e-05,0.9564313805261296
84791,UNKNOWN,1094.98,5.3325886941246395e-05,0.9564847064130709
20867,PINK ROSE FABRIC MIRROR,1094.39,5.329715374676309e-05,0.9565380035668177
85131D,BEADED CRYSTAL HEART PINK ON STICK,1093.96,5.3276212605021014e-05,0.9565912797794228
85093,CANDY SPOT EGG WARMER HARE,1092.46,5.320316211057192e-05,0.9566444829415334
23087,ZINC HEART T-LIGHT HOLDER,1090.66,5.3115501517233005e-05,0.9566975984430505
20755,BLUE PAISLEY POCKET BOOK,1090.58,5.3111605490862385e-05,0.9567507100485414
23432,PRETTY HANGING QUILTED HEARTS,1090.02,5.308433330626806e-05,0.9568037943818477
84509C,SET OF 4 POLKADOT PLACEMATS,1089.71,5.306923620408191e-05,0.9568568636180518
21632,UNKNOWN,1088.97,5.3033197960153693e-05,0.9569098968160119
23102,SILVER HEARTS TABLE DECORATION,1086.6499999999999,5.292021319540575e-05,0.9569628170292074
21817,check,1086.01,5.288904498444081e-05,0.9570157060741917
72815,UNKNOWN,1083.36,5.275998911091407e-05,0.9570684660633026
84247E,PACK OF 12 CHRISTMAS FUN CARDS,1081.75,5.268158158020538e-05,0.9571211476448829
21815,STAR T-LIGHT HOLDER,1080.54,5.2622654181349775e-05,0.9571737702990644
21850,BLUE DIAMANTE PEN IN GIFT BOX,1077.93,5.2495546321008355e-05,0.9572262658453853
20615,BLUE POLKADOT PASSPORT COVER,1077.81,5.2489702281452425e-05,0.9572787555476667
23347,I LOVE LONDON BEAKER,1077.3,5.2464865113339734e-05,0.9573312204127801
85126,UNKNOWN,1075.91,5.2397171655150245e-05,0.9573836175844352
22860,EASTER TIN CHICKS PINK DAISY,1075.6999999999998,5.2386944585927355e-05,0.9574360045290211
21827,UNKNOWN,1072.64,5.223792157725122e-05,0.9574882424505984
85163A,WHITE BAROQUE WALL CLOCK,1070.92,5.2154157010282924e-05,0.9575403966076086
21758,UNKNOWN,1069.76,5.2097664627908955e-05,0.9575924942722366
72800F,UNKNOWN,1067.84,5.200415999501411e-05,0.9576444984322315
23033,DRAWER KNOB CERAMIC RED,1067.6,5.199247191590225e-05,0.9576964909041474
22856,ASSORTED EASTER DECORATIONS BELLS,1067.3500000000001,5.198029683349408e-05,0.9577484712009809
84559B,3D SHEET OF CAT STICKERS,1065.55,5.1892636240155156e-05,0.9578003638372211
85008,UNKNOWN,1063.67,5.1801079620445634e-05,0.9578521649168414
23516,EMBROIDERED RIBBON REEL SOPHIE,1062.35,5.173679518533042e-05,0.9579039017120269
23331,DECORATIVE WICKER HEART SMALL,1062.28,5.173338616225613e-05,0.9579556350981893
22995,TRAVEL CARD WALLET SUKI,1062.0,5.171975006995897e-05,0.9580073548482592
85179B,UNKNOWN,1061.25,5.1683224822734424e-05,0.9580590380730819
22857,ASSORTED EASTER GIFT TAGS,1060.1799999999998,5.1631115470027394e-05,0.9581106691885519
21825,UNKNOWN,1058.99,5.1573162077764454e-05,0.9581622423506296
85144,UNKNOWN,1058.0,5.152494875142805e-05,0.958213767299381
35651,VINTAGE BEAD PINK SCARF,1057.62,5.150644262616761e-05,0.9582652737420072
20783,HEART EAR MUFF HEADPHONES,1056.89,5.1470891385535724e-05,0.9583167446333928
16047,UNKNOWN,1056.4,5.1447028224015685e-05,0.9583681916616168
84707A,SILVER JEWELLED MIRROR TRINKET TRAY,1055.83,5.1419269036125026e-05,0.958419610930653
22821,GIFT BAG PSYCHEDELIC APPLES,1055.25,5.139102284493804e-05,0.9584710019534979
22511,RETROSPOT BABUSHKA DOORSTOP,1054.16,5.133793948563837e-05,0.9585223398929835
21269,ANTIQUE CREAM CUTLERY SHELF,1053.84,5.1322355380155893e-05,0.9585736622483637
84908B,UNKNOWN,1052.29,5.1246869869225164e-05,0.9586249091182328
84908A,UNKNOWN,1052.11,5.1238103809891266e-05,0.9586761472220428
37327,adjustment,1052.08,5.123664280000229e-05,0.9587273838648428
85078,SCANDINAVIAN 3 HEARTS NAPKIN RING,1052.02,5.1233720780224327e-05,0.958778617585623
23327,HANGING CLEAR MINI BOTTLE,1051.14,5.119086449014753e-05,0.958829808450113
84965A,PINK KASHMIRI COFFEE TABLE,1050.0,5.113534611436621e-05,0.9588809437962275
21061,PARTY INVITES FOOTBALL,1047.4099999999999,5.1009212260617434e-05,0.958931953008488
72750B,UNKNOWN,1047.2,5.099898519139457e-05,0.9589829519936796
23419,HOME SWEET HOME BOTTLE,1045.8,5.093080472990874e-05,0.9590338827984093
46775A,BUBBLE GUM CHUNKY KNITTED THROW,1044.23,5.085434521238536e-05,0.9590847371436217
22134,MINI LADLE LOVE HEART RED,1044.0,5.0843144136569834e-05,0.9591355802877584
35646,VINTAGE BEAD PINK EVENING BAG,1043.44,5.081587195197551e-05,0.9591863961597104
18007,ESSENTIAL BALM 3.5g TIN IN ENVELOPE,1043.4,5.08139239387902e-05,0.959237210083649
22266,EASTER DECORATION HANGING BUNNY,1042.71,5.0780320711343616e-05,0.9592879904043604
84405A,S/3 PINK COL METAL BASKET W HANDLE,1042.16,5.0753535530045616e-05,0.9593387439398905
72800D,4 BLUE DINNER CANDLES SILVER FLOCK,1040.61,5.067805001911488e-05,0.9593894219899096
20671,UNKNOWN,1039.97,5.064688180814993e-05,0.9594400688717178
21725,SWEETIES STICKERS,1038.1299999999999,5.055727320162571e-05,0.9594906261449194
85124A,UNKNOWN,1037.1299999999999,5.050857287199298e-05,0.9595411347177913
21664,RIDGED GLASS STORAGE JAR CREAM LID,1034.82,5.039607511054137e-05,0.9595915307929019
20652,BLUE POLKADOT LUGGAGE TAG,1033.54,5.033373868861148e-05,0.9596418645315905
23088,ZINC HEART FLOWER T-LIGHT HOLDER,1033.28,5.032107660290697e-05,0.9596921856081935
85160B,BLACK BIRD GARDEN DESIGN MUG,1032.7,5.029283041171999e-05,0.9597424784386052
82616C,MIDNIGHT GLAMOUR SCARF KNITTING KIT,1030.0,5.016133952171162e-05,0.9597926397781269
22247,BUNNY DECORATION MAGIC GARDEN,1027.8899999999999,5.0058581826186555e-05,0.9598426983599531
84686,UNKNOWN,1027.79,5.0053711793223284e-05,0.9598927520717463
84923,PINK BUTTERFLY HANDBAG W BOBBLES,1026.1399999999999,4.9973356249329276e-05,0.9599427254279956
21417,COCKLE SHELL DISH,1026.0,4.99665382031807e-05,0.9599926919661989
23545,WRAP RED VINTAGE DOILY,1025.6,4.99470580713276e-05,0.9600426390242702
22049,damaged,1025.25,4.993001295595615e-05,0.9600925690372262
21814,HEART T-LIGHT HOLDER,1025.23,4.99290389493635e-05,0.9601424980761756
35923,CANDY HEART HANGING DECORATION,1025.02,4.991881188014062e-05,0.9601924168880557
21690,UNKNOWN,1024.59,4.9897870738398546e-05,0.9602423147587941
85104,????damages????,1024.49,4.989300070543528e-05,0.9602922077594994
84625C,UNKNOWN,1024.15,4.9876442593360156e-05,0.9603420842020929
22717,CARD DOG AND BALL,1023.46,4.984283936591357e-05,0.9603919270414587
85180B,PINK HEARTS LIGHT CHAIN,1022.16,4.977952893739102e-05,0.9604417065703961
23452,HEART MINI PORTRAIT FRAME,1021.76,4.9760048805537924e-05,0.9604914666192017
84985A,SET OF 72 GREEN PAPER DOILIES,1021.03,4.972449756490603e-05,0.9605411911167666
21636,MADRAS NOTEBOOK MEDIUM,1020.84,4.9715244502275815e-05,0.9605909063612689
84929,ASSTD FRUIT+FLOWERS FRIDGE MAGNETS,1020.72,4.9709400462719885e-05,0.9606406157617315
23153,ZINC SWEETHEART WIRE LETTER RACK,1020.69,4.970793945283091e-05,0.9606903237011845
84709B,UNKNOWN,1020.4300000000001,4.9695277367126396e-05,0.9607400189785515
22643,SET OF 4 NAPKIN CHARMS LEAVES,1019.78,4.966362215286512e-05,0.9607896826007043
47589,UNKNOWN,1019.6300000000001,4.9656317103420216e-05,0.9608393389178078
17021,NAMASTE SWAGAT INCENSE,1018.4399999999999,4.959836371115726e-05,0.9608889372815189
20839,FRENCH PAISLEY CUSHION COVER,1018.11,4.9582292602378464e-05,0.9609385195741212
85031C,UNKNOWN,1017.48,4.9551611394709844e-05,0.960988071185516
84596L,BISCUITS SMALL BOWL LIGHT BLUE,1016.88,4.95223911969302e-05,0.961037593576713
20619,TROPICAL PASSPORT COVER,1016.52,4.950485907826242e-05,0.9610870984357913
85099f,JUMBO BAG STRAWBERRY,1016.3599999999999,4.949706702552118e-05,0.9611365955028168
23544,WALL ART MID CENTURY MODERN,1015.78,4.94688208343342e-05,0.961186064323651
22420,LIPSTICK PEN BABY PINK,1015.17,4.943911363325823e-05,0.9612355034372844
20730,UNKNOWN,1011.6999999999999,4.927012348943266e-05,0.9612847735607737
72586,SET OF 6 HALLOWEEN GHOST T-LIGHTS,1010.9399999999999,4.923311123891179e-05,0.9613340066720127
23107,WHITE HEARTS WIRE PLANT POT HOLDER,1009.51,4.916346976753699e-05,0.9613831701417801
21084,SET/6 COLLAGE PAPER CUPS,1008.8100000000001,4.912937953679408e-05,0.961432299521317
84905,UNKNOWN,1007.91,4.9085549240124615e-05,0.9614813850705572
21836,UNKNOWN,1007.64,4.907240015112378e-05,0.9615304574707083
23460,SWEETHEART WALL TIDY,1007.0799999999999,4.904512796652945e-05,0.9615795025986748
20782,CAMOUFLAGE EAR MUFF HEADPHONES,1006.46,4.9014933762157164e-05,0.9616285175324369
47310M,SMALL POP BOX FUNKY MONKEY,1004.94,4.894090926111541e-05,0.9616774584416979
21127,UNKNOWN,1003.98,4.889415694466799e-05,0.9617263525986427
23121,PACK OF 6 COCKTAIL PARASOL STRAWS,1002.54,4.882402846999686e-05,0.9617751766271128
23281,FOLDING BUTTERFLY MIRROR RED,1000.8199999999999,4.8740263903028564e-05,0.9618239168910157
84907,PINK YELLOW PATCH CUSHION COVER,999.17,4.8659908359134556e-05,0.9618725767993749
21427,SKULLS STORAGE BOX SMALL,999.0600000000001,4.8654551322874966e-05,0.9619212313506977
23533,WALL ART GARDEN HAVEN,998.64,4.8634097184429214e-05,0.9619698654478822
21250,SET OF SKULL WALL STICKERS,997.5500000000001,4.858101382512954e-05,0.9620184464617073
23517,EMBROIDERED RIBBON REEL REBECCA,996.38,4.8524034439459244e-05,0.9620669704961468
20705,MRS ROBOT SOFT TOY,996.19,4.851478137682903e-05,0.9621154852775237
84918,CREAM CUSHION COVER WITH FLOWERS,995.12,4.8462672024122004e-05,0.9621639479495478
85170C,SET/6 EAU DE NIL BIRD T-LIGHTS,993.03,4.83608883351896e-05,0.9622123088378829
20617,FIRST CLASS PASSPORT COVER,992.99,4.835894032200429e-05,0.962260667778205
85025B,EAU DE NILE HEART SHAPE PHOTO FRAME,991.9999999999999,4.8310726995667886e-05,0.9623089785052007
72484,UNKNOWN,991.3800000000001,4.8280532791295605e-05,0.9623572590379919
21721,CANDY SHOP STICKER SHEET,991.3499999999999,4.827907178140661e-05,0.9624055381097734
84964B,UNKNOWN,990.0,4.821332633640243e-05,0.9624537514361098
21335,UNKNOWN,989.62,4.819482021114199e-05,0.9625019462563208
84660C,UNKNOWN,987.98,4.811495167054432e-05,0.9625500612079914
82613B,"METAL SIGN,CUPCAKE SINGLE HOOK",986.8199999999999,4.805845928817035e-05,0.9625981196672795
35958,UNKNOWN,986.3299999999999,4.803459612665031e-05,0.9626461542634063
21303,UNKNOWN,985.54,4.7996122866240456e-05,0.9626941503862725
22529,MAGIC DRAWING SLATE GO TO THE FAIR,984.87,4.7963493645386525e-05,0.9627421138799179
71279,damages,983.9100000000001,4.7916741328939106e-05,0.9627900306212469
23380,PACK OF 12 VINTAGE DOILY TISSUES,983.5,4.789677419378969e-05,0.9628379273954406
82616B,FRAPPUCINO SCARF KNITTING KIT,983.45,4.789433917730805e-05,0.9628858217346179
23518,EMBROIDERED RIBBON REEL RACHEL,983.3000000000001,4.7887034127863144e-05,0.9629337087687458
20661,BLUE POLKADOT PURSE,983.0100000000001,4.7872911032269655e-05,0.962981581679778
35653,VINTAGE BEAD NOTEBOOK,982.5300000000001,4.784953487404594e-05,0.9630294312146521
85019B,BLOSSOM IMAGES NOTEBOOK SET,982.47,4.7846612854267974e-05,0.9630772778275063
21691,SILVER VANILLA FLOWER CANDLE POT,979.74,4.771366095437062e-05,0.9631249914884608
84030e,ENGLISH ROSE HOT WATER BOTTLE,979.4000000000001,4.76971028422955e-05,0.963172688591303
72814,UNKNOWN,979.1700000000001,4.768590176647997e-05,0.9632203744930694
22108,PING! MICROWAVE PLATE,978.74,4.7664960624737894e-05,0.9632680394536942
85018D,YULETIDE IMAGES S/6 PAPER BOXES,977.55,4.760700723247494e-05,0.9633156464609267
23514,EMBROIDERED RIBBON REEL SALLY,977.39,4.759921517973371e-05,0.9633632456761065
23512,EMBROIDERED RIBBON REEL ROSIE,977.32,4.759580615665942e-05,0.963410841482263
20830,SILVER PHOTO FRAME,977.21,4.7590449120399816e-05,0.9634584319313835
21208,PASTEL COLOUR HONEYCOMB FAN,976.91,4.7575839021509995e-05,0.963506007770405
35599B,BLACK CHRISTMAS TREE 120CM,974.8100000000001,4.7473568329281264e-05,0.9635534813387343
84873a,FUNKY FLOWER PICNIC BAG FOR 4,973.36,4.7402952851313806e-05,0.9636008842915856
85189,UNKNOWN,971.3499999999999,4.7305065188752015e-05,0.9636481893567743
22512,DOORSTOP RACING CAR DESIGN,971.17,4.7296299129418124e-05,0.9636954856559038
78124,MAGAZINE RACK GEBRA ASSORTED,970.86,4.728120202723198e-05,0.963742766857931
84800L,UNKNOWN,970.7900000000001,4.7277793004157696e-05,0.9637900446509351
21129,SILVER FISHING GNOME,970.2900000000001,4.725344283934133e-05,0.9638372980937744
21562,HAWAIIAN GRASS SKIRT,970.2800000000001,4.7252955836045005e-05,0.9638845510496105
22104,MIRROR MOSAIC CANDLE PLATE,968.0799999999999,4.714581511085299e-05,0.9639316968647215
85197,UNKNOWN,967.86,4.7135101038333795e-05,0.9639788319657597
23183,MOTHER'S KITCHEN SPOON REST,967.17,4.710149781088721e-05,0.9640259334635706
21299,UNKNOWN,966.35,4.706156354058837e-05,0.9640729950271112
20773,UNKNOWN,965.63,4.70264993032528e-05,0.9641200215264144
90175A,WHITE GLASS CHUNKY CHARM BRACELET,964.4499999999999,4.696903291428618e-05,0.9641669905593286
20774,UNKNOWN,964.13,4.695344880880371e-05,0.9642139440081375
85130D,BEADED CRYSTAL HEART PINK LARGE,962.15,4.68570221561309e-05,0.9642608010302937
85032B,BLOSSOM IMAGES GIFT WRAP SET,961.1400000000001,4.6807834823201854e-05,0.9643076088651169
22994,TRAVEL CARD WALLET RETROSPOT,958.2,4.666465585408163e-05,0.9643542735209709
72753B,UNKNOWN,957.73,4.664176669915424e-05,0.9644009152876701
21805,UNKNOWN,957.63,4.663689666619097e-05,0.9644475521843362
85111,SILVER GLITTER FLOWER VOTIVE HOLDER,957.6299999999999,4.663689666619096e-05,0.9644941890810026
90147,CHUNKY SILVER NECKLACE PASTEL FLOWE,957.3499999999999,4.66232605738938e-05,0.9645408123415764
84360,TABLE LAMP WHITE SHADE WOOD BASE,956.8900000000001,4.660085842226275e-05,0.9645874131999986
20758,ABSTRACT CIRCLES POCKET BOOK,955.97,4.6556054119000635e-05,0.9646339692541176
84664,UNKNOWN,955.35,4.652585991462835e-05,0.9646804951140323
20878,UNKNOWN,955.01,4.6509301802553216e-05,0.9647270044158347
17012C,ORIGAMI LAVENDER INCENSE/CANDL SET,952.9499999999999,4.640897912350979e-05,0.9647734133949584
21060,PARTY INVITES BALLOON GIRL,952.55,4.6389498991656696e-05,0.9648198028939499
22953,BIRTHDAY PARTY CORDON BARRIER TAPE,949.8,4.6255573085166694e-05,0.9648660584670351
85032C,CURIOUS IMAGES GIFT WRAP SET,947.8900000000001,4.616255545556819e-05,0.9649122210224907
22143,UNKNOWN,947.08,4.612310818856567e-05,0.9649583441306794
23540,WALL ART THE MAGIC FOREST,947.0600000000001,4.612213418197302e-05,0.9650044662648612
37492B,BLUE YELLOW FLOWER PIGGY BANK,946.7199999999999,4.610557606989788e-05,0.9650505718409311
21331,MOROCCAN BEATEN METAL DISH LARGE,946.6800000000001,4.610362805671258e-05,0.9650966754689878
21641,UNKNOWN,946.31,4.608560893474847e-05,0.9651427610779226
20778,UNKNOWN,946.01,4.6070998835858646e-05,0.9651888320767584
22096,PINK PAISLEY SQUARE TISSUE BOX,944.09,4.597749420296381e-05,0.9652348095709614
23178,JAM CLOCK MAGNET,943.9200000000001,4.596921514692625e-05,0.9652807787861084
85031A,ROMANTIC IMAGES SCRAP BOOK SET,943.44,4.5945838988702535e-05,0.9653267246250969
20998,ROSE DU SUD OVEN GLOVE,942.2600000000001,4.5888372599735914e-05,0.9653726129976968
20831,GOLD PHOTO FRAME,940.5600000000001,4.580558203936028e-05,0.9654184185797361
21726,MULTI HEARTS STICKERS,938.64,4.571207740646543e-05,0.9654641306571425
85124B,BLUE JUICY FRUIT PHOTO FRAME,938.4699999999999,4.570379835042786e-05,0.9655098344554931
84817,DANISH ROSE DECORATIVE PLATE,937.44,4.565363701090616e-05,0.9655554880925039
85121B,UNKNOWN,936.74,4.5619546780163245e-05,0.9656011076392842
20775,DAISY NOTEBOOK,934.79,4.552458113737942e-05,0.9656466322204216
85226A,UNKNOWN,934.72,4.552117211430513e-05,0.9656921533925358
82001s,SILVER RECORD COVER FRAME,932.98,4.543643354074418e-05,0.9657375898260765
82607A,UNKNOWN,932.47,4.541159637263149e-05,0.9657830014224491
47504E,UNKNOWN,931.86,4.538188917155552e-05,0.9658283833116208
22647,CERAMIC LOVE HEART MONEY BANK,931.23,4.53512079638869e-05,0.9658737345195846
21720,CAKE SHOP STICKER SHEET,930.66,4.532344877599624e-05,0.9659190579683605
23179,CLOCK MAGNET MUM'S KITCHEN,930.48,4.531468271666236e-05,0.9659643726510773
72800C,4 PINK DINNER CANDLE SILVER FLOCK,929.9399999999999,4.528838453866068e-05,0.9660096610356159
21014,SWISS CHALET TREE DECORATION,929.79,4.528107948921577e-05,0.9660549421151051
23413,DECORATIVE VINTAGE COFFEE BOX,929.11,4.524796326506552e-05,0.9661001900783702
37330,BIG POLKADOT MUG,927.4599999999999,4.5167607721171505e-05,0.9661453576860914
84341B,UNKNOWN,926.43,4.51174463816498e-05,0.966190475132473
23099,FRENCH CARRIAGE LANTERN,925.35,4.5064850025646456e-05,0.9662355399824988
23002,TRAVEL CARD WALLET SKULLS,925.29,4.506192800586849e-05,0.9662806019105046
22703,PINK CAT BOWL,923.91,4.499472155097532e-05,0.9663255966320555
21264,WHITE GOOSE FEATHER TREE 60CM,921.75,4.4889528838968625e-05,0.9663704861608945
20903,VINTAGE KEEPSAKE BOX TRAVELOGUE,919.8,4.47945631961848e-05,0.9664152807240908
85121C,RETRO LAUNDRY TUB PISTACHIO,918.91,4.475121990281167e-05,0.9664600319439935
72529W,UNKNOWN,918.75,4.474342785007044e-05,0.9665047753718436
21702,No Stock,918.68,4.4740018826996143e-05,0.9665495153906706
72045D,UNKNOWN,918.65,4.473855781710716e-05,0.9665942539484876
85130B,BEADED CRYSTAL HEART GREEN LARGE,918.33,4.472297371162469e-05,0.9666389769221994
84600,NEW BAROQUE JEWELLERY BOX,918.27,4.4720051691846725e-05,0.9666836969738912
23338,EGG FRYING PAN RED,915.4000000000001,4.45802817458008e-05,0.9667282772556369
85019A,ROMANTIC IMAGES NOTEBOOK SET,915.04,4.456274962713301e-05,0.966772840005264
21220,SET/4 BADGES DOGS,914.93,4.4557392590873405e-05,0.9668173973978551
21007,UNKNOWN,914.6700000000001,4.45447305051689e-05,0.9668619421283601
21320,UNKNOWN,913.34,4.447995906675737e-05,0.9669064220874268
37482P,Damaged,910.99,4.436551329212046e-05,0.9669507876007191
84974,S/2 ZINC HEART DESIGN PLANTERS,909.4,4.428807976800441e-05,0.966995075680487
23472,NINE DRAWER OFFICE TIDY,909.37,4.428661875811543e-05,0.9670393622992451
23004,TRAVEL CARD WALLET PANTRY,906.94,4.4168276957107904e-05,0.9670835305762022
22707,WRAP MONSTER FUN,905.94,4.411957662747517e-05,0.9671276501528298
46000P,POLYESTER FILLER PAD 65CMx65CM,905.25,4.4085973400028586e-05,0.9671717361262298
46776C,WOVEN FROST CUSHION COVER,905.1,4.407866835058368e-05,0.9672158147945804
21318,UNKNOWN,903.7199999999999,4.40114618956905e-05,0.967259826256476
22248,DECORATION PINK CHICK MAGIC GARDEN,903.1999999999999,4.3986137724281485e-05,0.9673038123942003
21480,UNKNOWN,902.47,4.39505864836496e-05,0.9673477629806839
21444,UNKNOWN,902.03,4.39291583386112e-05,0.9673916921390225
23532,WALL ART WORK REST AND PLAY,901.58,4.390724319027647e-05,0.9674355993822129
84660B,BLACK STITCHED WALL CLOCK,901.0600000000001,4.388191901886745e-05,0.9674794813012317
85031B,BLOSSOM IMAGES SCRAP BOOK SET,901.04,4.388094501227479e-05,0.9675233622462439
84820,DANISH ROSE TRINKET TRAYS,900.95,4.387656198260785e-05,0.9675672388082265
21270,ANTIQUE CREAM CUTLERY CUPBOARD,899.93,4.382688764638246e-05,0.9676110656958729
20913,UNKNOWN,898.72,4.376796024752686e-05,0.9676548336561206
20757,RED DAISY POCKET BOOK,898.35,4.374994112556275e-05,0.967698583597246
84086C,PINK/PURPLE RETRO RADIO,896.5500000000001,4.366228053222384e-05,0.9677422458777782
23502,PLAYING CARDS VINTAGE DOILY,896.41,4.3655462486075256e-05,0.9677859013402643
17109B,FLOWER FAIRY INCENSE LAVENDER,896.3399999999999,4.365205346300096e-05,0.9678295533937273
20941,FROG CANDLE,896.28,4.3649131443223e-05,0.9678732025251706
84760L,LARGE HANGING GLASS+ZINC LANTERN,896.0,4.363549535092584e-05,0.9679168380205215
22936,BAKING MOULD ROSE WHITE CHOCOLATE,895.97,4.363403434103685e-05,0.9679604720548626
21676,FLOWERS STICKERS,893.7199999999999,4.352445859936321e-05,0.9680039965134618
85049e,SCANDINAVIAN REDS RIBBONS,893.25,4.350156944443583e-05,0.9680474980829062
84666,UNKNOWN,892.7,4.347478426313783e-05,0.9680909728671695
20759,CHRYSANTHEMUM POCKET BOOK,891.13,4.339832474561444e-05,0.9681343711919151
85214,UNKNOWN,889.5299999999999,4.332040421820207e-05,0.9681776915961333
85194S,HANGING SPRING FLOWER EGG SMALL,889.46,4.331699519512779e-05,0.9682210085913283
21724,PANDA AND BUNNIES STICKER SHEET,888.3399999999999,4.326245082593912e-05,0.9682642710421543
20803,damages,886.6999999999999,4.3182582285341445e-05,0.9683074536244398
20991,UNKNOWN,884.5600000000001,4.307836357992741e-05,0.9683505319880197
35598B,BLACK CHRISTMAS TREE 60CM,883.5,4.3026741230516715e-05,0.9683935587292501
22164,STRING OF STARS CARD HOLDER,883.2200000000001,4.301310513821956e-05,0.9684365718343884
21147,JINGLE BELLS TREE DECORATION,883.08,4.300628709207097e-05,0.9684795781214804
23479,WIRE EGG BASKET,880.23,4.286749115261769e-05,0.9685224456126331
84826,ASSTD DESIGN 3D PAPER STICKERS,878.43,4.2779830559278774e-05,0.9685652254431923
90200E,GREEN SWEETHEART BRACELET,878.22,4.27696034900559e-05,0.9686079950466824
72799A,BLACK PILLAR CANDLE SILVER FLOCK,877.8000000000001,4.274914935161016e-05,0.968650744196034
23423,PANTRY 3 HOOK ROLLING PIN HANGER,876.9,4.2705319054940696e-05,0.9686934495150888
21062,PARTY INVITES SPACEMAN,876.7199999999999,4.2696552995606805e-05,0.9687361460680847
21185,UNKNOWN,876.29,4.267561185386473e-05,0.9687788216799385
84925F,PSYCHEDELIC WALL THERMOMETER,875.66,4.2644930646196114e-05,0.9688214666105847
90200C,BLUE SWEETHEART BRACELET,874.63,4.25947693066744e-05,0.9688640613798912
21338,UNKNOWN,873.25,4.2527562851781236e-05,0.9689065889427431
85165,damages,872.76,4.25036996902612e-05,0.9689490926424335
21293,MIRRORED DOVE WALL DECORATION,872.34,4.248324555181545e-05,0.9689915758879852
21414,UNKNOWN,870.89,4.241263007384799e-05,0.9690339885180589
23220,REINDEER HEART DECORATION GOLD,869.9799999999999,4.2368312773882205e-05,0.9690763568308328
17033,UNKNOWN,867.8399999999999,4.2264094068468164e-05,0.9691186209249013
17012B,ORIGAMI JASMINE INCENSE/CANDLE SET,867.4499999999999,4.22451009399114e-05,0.9691608660258413
35954,check,865.49,4.214964829383125e-05,0.969203015674135
21478,UNKNOWN,865.48,4.214916129053492e-05,0.9692451648354257
85166B,BLACK METAL BAROQUE PHOTO FRAME,864.1,4.208195483564176e-05,0.9692872467902613
85161,ACRYLIC GEOMETRIC LAMP,863.85,4.206977975323357e-05,0.9693293165700144
21255,UNKNOWN,860.0799999999999,4.188617951051818e-05,0.969371202749525
20894,HANGING BAUBLE T-LIGHT HOLDER LARGE,859.7500000000001,4.1870108401739385e-05,0.9694130728579268
84632,DECORATIVE HANGING SHELVING UNIT,859.25,4.184575823692302e-05,0.9694549186161637
84578,damages,858.66,4.18170250424397e-05,0.9694967356412062
20756,GREEN FERN POCKET BOOK,856.66,4.1719624383174244e-05,0.9695384552655893
22486,PLASMATRONIC LAMP,856.4,4.170696229746974e-05,0.9695801622278868
84660A,WHITE STITCHED WALL CLOCK,855.26,4.165144392168842e-05,0.9696218136718083
21635,UNKNOWN,855.24,4.165046991509577e-05,0.9696634641417236
21376,LARGE TALL CAMPHOR WOOD TOADSTOOL,854.91,4.163439880631697e-05,0.9697050985405299
84951A,SET OF 4 PISTACHIO LOVEBIRD COASTER,852.1,4.1497550880049e-05,0.9697465960914098
22547,MINI JIGSAW DINOSAUR,850.6,4.142450038559991e-05,0.9697880205917955
20936,FORKED CACTUS CANDLE,849.2900000000001,4.136070295378103e-05,0.9698293812947493
21458,2 PICTURE BOOK EGGS EASTER BUNNY,849.24,4.1358267937299395e-05,0.9698707395626867
20897,VINTAGE NOTEBOOK PARIS DAYS,848.7,4.133196975929772e-05,0.9699120715324459
72349b,SET/6 PURPLE BUTTERFLY T-LIGHTS,848.41,4.1317846663704225e-05,0.9699533893791096
85208,SET/12 FUNKY FELT FLOWER PEG IN BAG,845.34,4.116833665173175e-05,0.9699945577157614
22229,BUNNY WOODEN PAINTED WITH FLOWER,845.3,4.116638863854643e-05,0.9700357241043999
22820,GIFT BAG BIRTHDAY,845.1300000000001,4.115810958250888e-05,0.9700768822139824
84509a,SET OF 4 ENGLISH ROSE PLACEMATS,844.74,4.1139116453952107e-05,0.9701180213304362
90161C,ANT COPPER LIME BOUDICCA BRACELET,843.9100000000001,4.109869518035695e-05,0.9701591200256167
37423,UNKNOWN,843.88,4.109723417046796e-05,0.9702002172597872
21552,UNKNOWN,843.5500000000001,4.108116306168917e-05,0.9702412984228489
85231L,UNKNOWN,841.75,4.0993502468350245e-05,0.9702822919253172
21300,UNKNOWN,841.7,4.0991067451868616e-05,0.9703232829927692
21128,GOLD FISHING GNOME,841.63,4.098765842879432e-05,0.9703642706511979
23564,EGG CUP MILKMAID INGRID,841.31,4.097207432331184e-05,0.9704052427255211
23551,PACK OF 12 PAISLEY PARK TISSUES,841.01,4.095746422442203e-05,0.9704462001897456
40018E,UNKNOWN,840.92,4.095308119475508e-05,0.9704871532709403
84782A,UNKNOWN,840.45,4.09301920398277e-05,0.9705280834629803
17039,UNKNOWN,837.88,4.080503219267158e-05,0.9705688884951729
47563A,RETRO LONGBOARD IRONING BOARD COVER,837.87,4.080454518937526e-05,0.9706096930403623
84762B,UNKNOWN,837.77,4.079967515641198e-05,0.9706504927155186
85071C,"CHARLIE+LOLA""EXTREMELY BUSY"" SIGN",837.23,4.077337697841031e-05,0.9706912660924971
84849A,HELLO SAILOR BLUE SOAP HOLDER,835.26,4.067743732903383e-05,0.9707319435298261
47367B,PAIR PADDED HANGERS PINK CHECK,834.95,4.066234022684769e-05,0.9707726058700529
20776,UNKNOWN,834.31,4.063117201588274e-05,0.9708132370420689
85213,UNKNOWN,832.4799999999999,4.054205041265484e-05,0.9708537790924815
85196,UNKNOWN,831.0400000000001,4.047192193798372e-05,0.9708942510144195
23017,APOTHECARY MEASURING JAR,826.28,4.024010836893192e-05,0.9709344911227885
85188A,GREEN METAL SWINGING BUNNY,825.8199999999999,4.021770621730086e-05,0.9709747088290056
22510,GINGHAM BABUSHKA DOORSTOP,825.32,4.01933560524845e-05,0.971014902185058
21551,UNKNOWN,824.95,4.017533693052039e-05,0.9710550775219887
79342B,"Unsaleable, destroyed.",824.95,4.017533693052039e-05,0.9710952528589193
21654,Damaged,824.89,4.017241491074242e-05,0.97113542527383
22289,HANGING METAL CHICKEN DECORATION,822.48,4.0055047116327545e-05,0.9711754803209464
82613C,"METAL SIGN,CUPCAKE SINGLE HOOK",821.26,3.9995632714175614e-05,0.9712154759536604
21375,LARGE CAMPHOR WOOD FIELD MUSHROOM,820.1,3.993914033180165e-05,0.9712554150939923
23186,FRENCH STYLE STORAGE JAR CAFE,819.4599999999999,3.99079721208367e-05,0.971295323066113
17107D,FLOWER FAIRY 5 DRAWER LINERS,818.55,3.9863654820870915e-05,0.9713351867209339
85187,S/12 MINI RABBIT EASTER,818.1299999999999,3.9843200682425164e-05,0.9713750299216165
21719,LOVELY BONBON STICKER SHEET,816.54,3.976576715830913e-05,0.9714147956887748
23324,RUSTIC STRAWBERRY JAM POT LARGE,816.0400000000001,3.974141699349277e-05,0.9714545371057682
23106,ZINC HEARTS PLANT POT HOLDER,815.59,3.971950184515804e-05,0.9714942566076133
85145,JARDIN ETCHED GLASS LARGE BELL JAR,813.0,3.959336799140927e-05,0.9715338499756048
20901,VINTAGE KEEPSAKE BOX PINK FLOWER,812.93,3.9589958968334974e-05,0.971573439934573
84920,PINK FLOWER FABRIC PONY,812.88,3.958752395185334e-05,0.9716130274585248
47594B,SCOTTIES DESIGN WASHBAG,812.29,3.955879075737003e-05,0.9716525862492824
21222,SET/4 BADGES BEETLES,812.15,3.9551972711221447e-05,0.9716921382219935
20833,SHAKER THROW QUILTED,811.8,3.953492759584999e-05,0.9717316731495894
72801G,4 BURGUNDY WINE DINNER CANDLES,811.12,3.950181137169973e-05,0.9717711749609612
37333,"RETRO ""TEA FOR ONE""",810.05,3.944970201899271e-05,0.97181062466298
21374,MIRRORED WALL ART SKULLS,809.67,3.9431195893732275e-05,0.9718500558588739
16011,ANIMAL STICKERS,809.4,3.941804680473144e-05,0.9718894739056785
21454,PAINTED PINK RABBIT,809.3,3.9413176771768166e-05,0.9719288870824503
20769,DAISY JOURNAL,808.81,3.938931361024813e-05,0.9719682763960604
84922,PINK BUTTERFLY WASHBAG,808.22,3.9360580415764824e-05,0.9720076369764764
23022,SMALL BONNE JAM JAR T-LIGHT HOLDER,808.16,3.9357658395986855e-05,0.9720469946348723
22344,PARTY PIZZA DISH PINK POLKADOT,807.89,3.934450930698602e-05,0.9720863391441794
22058,CERAMIC LOVE HEARTS DESIGN MUG,807.64,3.933233422457783e-05,0.9721256714784038
22135,MINI LADLE LOVE HEART PINK,806.5699999999999,3.9280224871870816e-05,0.9721649517032757
85044,UNKNOWN,806.35,3.9269510799351614e-05,0.9722042212140751
84767,UNKNOWN,806.22,3.926317975649936e-05,0.9722434843938316
17012A,ORIGAMI VANILLA INCENSE/CANDLE SET,806.16,3.92602577367214e-05,0.9722827446515683
84951B,SET OF 4 BLACK LOVEBIRD COASTERS,802.73,3.909321560608113e-05,0.9723218378671744
23409,PHOTO FRAME LINEN AND LACE LARGE,801.68,3.904208025996677e-05,0.9723608799474344
22408,MONEY BOX CONFECTIONERY DESIGN,801.17,3.9017243091854076e-05,0.9723998971905262
20699,MOUSEY LONG LEGS SOFT TOY,800.51,3.898510087429647e-05,0.9724388822914005
22825,DECORATIVE PLANT POT WITH FRIEZE,799.02,3.8912537383143704e-05,0.9724777948287836
47574A,check,797.73,3.8849713957917486e-05,0.9725166445427416
21455,PAINTED YELLOW WOODEN DAISY,797.27,3.882731180628643e-05,0.9725554718545478
20997,ROSE DU SUD CUSHION COVER,796.74,3.880150063158108e-05,0.9725942733551795
37494A,FAIRY CAKE CERAMIC BUTTER DISH,796.39,3.8784455516209625e-05,0.9726330578106958
22447,PIN CUSHION BABUSHKA BLUE,796.34,3.878202049972799e-05,0.9726718398311954
84625D,UNKNOWN,796.29,3.877958548324635e-05,0.9727106194166787
23487,SWEET HEART CAKE CARRIER,795.5799999999999,3.874500824920711e-05,0.9727493644249278
23521,WALL ART CAT AND BIRD,793.37,3.8637380520718785e-05,0.9727880018054486
35915C,UNKNOWN,793.3199999999999,3.863494550423714e-05,0.9728266367509528
85017A,UNKNOWN,793.0,3.861936139875467e-05,0.9728652561123515
23335,EGG FRYING PAN IVORY,792.86,3.861254335260609e-05,0.9729038686557041
23519,EMBROIDERED RIBBON REEL CLAIRE,792.31,3.858575817130809e-05,0.9729424544138755
45008C,"dirty, torn, thrown away.",792.0699999999999,3.8574070092196235e-05,0.9729810284839676
23568,EGG CUP HENRIETTA HEN CREAM,787.52,3.835248359236731e-05,0.9730193809675601
23115,RED APPLES CHOPPING BOARD,785.1700000000001,3.82380378177304e-05,0.9730576190053777
84970s,HANGING HEART ZINC T-LIGHT HOLDER,784.04,3.818300644524541e-05,0.9730958020118229
72799C,PINK PILLAR CANDLE SILVER FLOCK,783.1,3.813722813539065e-05,0.9731339392399584
20989,UNKNOWN,782.18,3.809242383212853e-05,0.9731720316637905
20910,UNKNOWN,781.8199999999999,3.807489171346075e-05,0.973210106555504
90200B,BLACK SWEETHEART BRACELET,779.7,3.797164701463937e-05,0.9732480782025186
85130C,BEADED CRYSTAL HEART BLUE LARGE,779.14,3.7944374830045035e-05,0.9732860225773486
37461,UNKNOWN,778.64,3.792002466522867e-05,0.9733239426020139
84761,UNKNOWN,776.5,3.781580595981463e-05,0.9733617584079738
21456,2 PICTURE BOOK EGGS EASTER CHICKS,776.05,3.77938908114799e-05,0.9733995522987853
84534B,UNKNOWN,775.56,3.777002764995986e-05,0.9734373223264351
21554,UNKNOWN,773.7,3.767944503684299e-05,0.973475001771472
21723,ALPHABET HEARTS STICKER SHEET,772.53,3.76224656511727e-05,0.9735126242371231
21015,DARK BIRD HOUSE TREE DECORATION,772.31,3.761175157865349e-05,0.9735502359887017
85135A,YELLOW DRAGONFLY HELICOPTER,770.49,3.752311697872193e-05,0.9735877591056806
35095B,RED VICTORIAN FABRIC OVAL BOX,769.5799999999999,3.747879967875614e-05,0.9736252379053593
22640,SET OF 4 NAPKIN CHARMS 3 KEYS,767.9399999999999,3.739893113815846e-05,0.9736626368364975
84712B,PINK JEWELLED PHOTO FRAME,767.16,3.7360944881044936e-05,0.9736999977813785
72755C,UNKNOWN,767.0,3.73531528283037e-05,0.9737373509342069
72750A,FLOWER FAIRY SET OF 3 LILY CANDLES,766.85,3.7345847778858795e-05,0.9737746967819856
47581B,UNKNOWN,766.52,3.732977667007999e-05,0.9738120265586556
84029C,UNKNOWN,766.19,3.731370556130119e-05,0.973849340264217
23140,TRIPLE WIRE HOOK IVORY HEART,766.1,3.7309322531634245e-05,0.9738866495867488
16259,PIECE OF CAMO STATIONERY SET,766.09,3.730883552833792e-05,0.9739239584222771
23006,TRAVEL CARD WALLET FLOWER MEADOW,765.27,3.7268901258039074e-05,0.9739612273235351
16244B,UNKNOWN,765.02,3.7256726175630896e-05,0.9739984840497107
84963A,PINK PAINTED KASHMIRI CHAIR,763.35,3.7175396625144236e-05,0.9740356594463359
23550,WRAP ALPHABET POSTER,763.1,3.716322154273606e-05,0.9740728226678785
35811A,ENAMEL PINK SUGAR CONTAINER,762.97,3.71568904998838e-05,0.9741099795583785
23458,DOLLY CABINET 3 DRAWERS,762.4499999999999,3.713156632847478e-05,0.974147111124707
90200A,PURPLE SWEETHEART BRACELET,762.44,3.713107932517845e-05,0.974184242204032
84762C,GREEN PICNIC BARBECUE BUCKET,761.25,3.7073125932915506e-05,0.9742213153299649
23025,DRAWER KNOB VINTAGE GLASS BALL,760.8000000000001,3.705121078458078e-05,0.9742583665407496
23123,COCKTAIL SWORDS 50 PIECES,760.4,3.7031730652727684e-05,0.9742953982714024
84620,BLUE GINGHAM ROSE CUSHION COVER,758.51,3.693968702972182e-05,0.974332337958432
84663A,UNKNOWN,758.2900000000001,3.692897295720263e-05,0.9743692669313891
23282,FOLDING BUTTERFLY MIRROR IVORY,757.86,3.690803181546055e-05,0.9744061749632048
21194,PINK HONEYCOMB PAPER FAN,757.8000000000001,3.690510979568259e-05,0.9744430800730003
21298,UNKNOWN,755.8,3.6807709136417124e-05,0.9744798877821368
22124,SET OF 2 TEA TOWELS PING MICROWAVE,754.88,3.6762904833155015e-05,0.9745166506869699
17165B,UNKNOWN,754.83,3.676046981667338e-05,0.9745534111567866
90209C,PINK ENAMEL+GLASS HAIR COMB,754.46,3.674245069470927e-05,0.9745901536074814
23454,THREE MINI HANGING FRAMES,753.95,3.671761352659658e-05,0.974626871221008
84821,DANISH ROSE DELUXE COASTER,752.6999999999999,3.6656738114555665e-05,0.9746635279591225
23223,CHRISTMAS TREE HANGING SILVER,751.8499999999999,3.661534283436784e-05,0.974700143301957
23124,18PC WOODEN CUTLERY SET DISPOSABLE,751.38,3.659245367944046e-05,0.9747367357556364
72800A,UNKNOWN,750.91,3.6569564524513075e-05,0.9747733053201608
84653,UNKNOWN,750.48,3.6548623382771005e-05,0.9748098539435436
21344,MOROCCAN BEATEN METAL DISH,749.82,3.651648116521341e-05,0.9748463704247089
84615,UNKNOWN,748.48,3.6451222723505546e-05,0.9748828216474323
35647,VINTAGE BEAD PINK SHADE,748.24,3.643953464439369e-05,0.9749192611820767
84842,HELLO SAILOR BATHROOM SET,747.9000000000001,3.642297653231857e-05,0.9749556841586089
90161B,ANT COPPER TURQ BOUDICCA BRACELET,744.0600000000001,3.6235967266528884e-05,0.9749919201258755
21319,adjustment,743.6099999999999,3.621405211819415e-05,0.9750281341779937
84689,S/2 BEACH HUT TREASURE CHESTS,742.9,3.6179474884154915e-05,0.9750643136528778
21377,SMALL CAMPHOR WOOD FIELD MUSHROOM,742.56,3.6162916772079784e-05,0.97510047656965
23325,RUSTIC STRAWBERRY JAM POT SMALL,740.9399999999999,3.608402223807476e-05,0.975136560591888
21503,TOYBOX WRAP,740.42,3.6058698066665744e-05,0.9751726192899548
21415,CLAM SHELL SMALL,738.7600000000001,3.597785551947542e-05,0.9752085971454741
23114,VINTAGE LEAF CHOPPING BOARD,737.95,3.5938408252472905e-05,0.9752445355537267
22638,SET OF 4 NAPKIN CHARMS CROWNS,737.78,3.593012919643534e-05,0.975280465682923
84033,FLAG OF ST GEORGE,737.03,3.589360394921079e-05,0.9753163592868723
21133,UNKNOWN,736.57,3.5871201797579734e-05,0.9753522304886699
47503F,UNKNOWN,736.55,3.5870227790987076e-05,0.975388100716461
84715,UNKNOWN,734.8900000000001,3.5789385243796755e-05,0.9754238901017047
23435,3 RAFFIA RIBBONS VINTAGE CHRISTMAS,734.79,3.578451521083348e-05,0.9754596746169155
84708B,PINK JEWELLED PHOTO FRAME,732.7900000000001,3.568711455156802e-05,0.9754953617314671
90209B,UNKNOWN,732.76,3.5685653541679034e-05,0.9755310473850088
85131B,BEADED CRYSTAL HEART GREEN ON STICK,731.99,3.564815428786183e-05,0.9755666955392966
21443,UNKNOWN,731.68,3.5633057185675685e-05,0.9756023285964823
ADJUST2,Adjustment by Peter on Jun 25 2010,731.0500000000001,3.560237597800707e-05,0.9756379309724603
21378,SMALL TALL CAMPHOR WOOD TOADSTOOL,730.62,3.5581434836264994e-05,0.9756735124072966
23562,SET OF 6 RIBBONS PERFECTLY PRETTY,730.37,3.556925975385681e-05,0.9757090816670504
20657,TROPICAL LUGGAGE TAG,727.72,3.544020388033008e-05,0.9757445218709309
23522,WALL ART DOG AND BALL,727.4399999999999,3.542656778803291e-05,0.9757799484387187
84971L,UNKNOWN,727.26,3.5417801728699024e-05,0.9758153662404475
85230F,JASMINE VOTIVE CANDLE,725.6999999999999,3.534182921447196e-05,0.9758507080696619
35095A,BLUE VICTORIAN FABRIC OVAL BOX,725.56,3.533501116832338e-05,0.9758860430808302
85017C,adjustment,723.92,3.5255142627725704e-05,0.975921298223458
85088,CANDY SPOT HAND BAG,723.85,3.525173360465142e-05,0.9759565499570627
21001,ROSE DU SUD WASHBAG,723.75,3.524686357168814e-05,0.9759917968206344
10134,UNKNOWN,723.63,3.524101953213221e-05,0.9760270378401665
84595E,LARGE TORTILLA DESIGN RED BOWL,723.5699999999999,3.523809751235425e-05,0.9760622759376789
84976,RECTANGULAR SHAPED MIRROR,722.76,3.5198650245351735e-05,0.9760974745879242
21221,SET/4 BADGES CUTE CREATURES,722.16,3.51694300475721e-05,0.9761326440179717
21026,SPACE OWL,721.73,3.514848890583003e-05,0.9761677925068776
20701,UNKNOWN,721.49,3.513680082671817e-05,0.9762029293077044
84684,UNKNOWN,720.6999999999999,3.509832756630831e-05,0.9762380276352707
82613A,Amazon,718.72,3.500190091363551e-05,0.9762730295361842
23222,CHRISTMAS TREE HANGING GOLD,718.53,3.499264785100529e-05,0.9763080221840353
35951,UNKNOWN,717.99,3.4966349673003616e-05,0.9763429885337083
21457,2 PICTURE BOOK EGGS EASTER DUCKS,717.25,3.49303114290754e-05,0.9763779188451372
35915B,BLUE KNITTED HEN,717.03,3.49195973565562e-05,0.9764128384424939
20854,UNKNOWN,716.3199999999999,3.4885020122516957e-05,0.9764477234626164
85186A,EASTER BUNNY GARLAND OF FLOWERS,716.11,3.487479305329409e-05,0.9764825982556697
21076,UNKNOWN,715.4,3.484021581925485e-05,0.9765174384714889
79030D,TUMBLER BAROQUE,713.98,3.477106135117637e-05,0.97655220953284
20850,UNKNOWN,713.8000000000001,3.476229529184248e-05,0.9765869718281319
22100,SKULLS SQUARE TISSUE BOX,713.64,3.475450323910124e-05,0.9766217263313711
21379,CAMPHOR WOOD PORTOBELLO MUSHROOM,712.96,3.4721387014950986e-05,0.9766564477183861
23042,PAPER LANTERN 7 POINT SNOW STAR,711.51,3.465077153698353e-05,0.976691098489923
16015,MEDIUM CHINESE STYLE SCISSOR,711.38,3.464444049413127e-05,0.976725742930417
22345,PARTY PIZZA DISH BLUE POLKADOT,711.17,3.4634213424908396e-05,0.976760377143842
23070,EDWARDIAN HEART PHOTO FRAME,709.5400000000001,3.455483188760705e-05,0.9767949319757296
21442,GREEN BIRDHOUSE DECORATION,708.37,3.449785250193676e-05,0.9768294298282316
21365,MIRRORED WALL ART STARS,707.9200000000001,3.447593735360203e-05,0.9768639057655851
21740,UNKNOWN,706.86,3.442431500419133e-05,0.9768983300805895
21308,UNKNOWN,705.9,3.437756268774391e-05,0.9769327076432771
21386,IVORY HANGING DECORATION EGG,705.74,3.436977063500268e-05,0.9769670774139121
21265,PINK GOOSE FEATHER TREE 60CM,705.59,3.436246558555777e-05,0.9770014398794977
22981,PANTRY APPLE CORER,705.5799999999999,3.436197858226144e-05,0.9770358018580799
22036,UNKNOWN,705.19,3.434298545370468e-05,0.9770701448435337
84952C,MIRROR LOVE BIRD T-LIGHT HOLDER,705.01,3.433421939437078e-05,0.977104479062928
22641,SET OF 4 NAPKIN CHARMS INSTRUMENT,704.9,3.432886235811118e-05,0.9771388079252862
84869,damages,703.54,3.426262990981067e-05,0.977173070555196
20763,DAISY SKETCHBOOK,702.86,3.4229513685660415e-05,0.9772073000688816
84569A,PACK 3 IRON ON DOG PATCHES,702.42,3.420808554062201e-05,0.9772415081544223
84931B,BLUE SCOTTIE DOG W FLOWER PATTERN,701.48,3.416230723076725e-05,0.977275670461653
21674,UNKNOWN,697.8,3.39830900177188e-05,0.9773096535516707
84584,UNKNOWN,696.75,3.3931954671604435e-05,0.9773435855063423
72131,COLUMBIAN CANDLE RECTANGLE,696.18,3.3904195483713776e-05,0.977377489701826
85231E,STRAWBERRY SCENTED SET/9 T-LIGHTS,696.0799999999999,3.3899325450750505e-05,0.9774113890272769
23120,PACK OF 6 SMALL FRUIT STRAWS,695.41,3.3866696229896574e-05,0.9774452557235067
23187,check,695.06,3.3849651114525124e-05,0.9774791053746212
20898,check,693.9200000000001,3.379413273874381e-05,0.97751289950736
72755D,UNKNOWN,693.25,3.376150351788988e-05,0.977546661010878
20862,PINK PATCH PENCIL CASE BLUE HEART,691.14,3.365874582236482e-05,0.9775803197567001
35964,FOLKART CLIP ON STARS,690.93,3.3648518753141944e-05,0.9776139682754534
72753A,S/3 FLWR FAIRY LILLY CANDLES,690.24,3.361491552569537e-05,0.977647583190979
17165D,UNKNOWN,689.6700000000001,3.358715633780472e-05,0.9776811703473167
22034,ROBIN CHRISTMAS CARD,688.61,3.353553398839402e-05,0.9777147058813053
90161D,ANT COPPER PINK BOUDICCA BRACELET,687.52,3.348245062909434e-05,0.9777481883319343
22033,BOTANICAL ROSE GREETING CARD,686.97,3.3455665447796344e-05,0.9777816439973821
84917,UNKNOWN,686.03,3.340988713794157e-05,0.9778150538845202
84986B,SET OF 36 SILVER PAPER DOILIES,685.4599999999999,3.338212795005092e-05,0.9778484360124702
84563A,damaged,685.15,3.336703084786477e-05,0.977881803043318
23597,PAPER BUNTING PAISLEY PARK,684.97,3.335826478853088e-05,0.9779151613081065
85084,UNKNOWN,683.1,3.3267195172117676e-05,0.9779484285032787
37492D,UNKNOWN,682.99,3.326183813585808e-05,0.9779816903414145
85023B,EAU DE NILE JEWELLED PHOTOFRAME,682.35,3.323066992489313e-05,0.9780149210113395
85096,HILDA CANDY SPOT RABBIT,680.67,3.314885337111014e-05,0.9780480698647104
17012F,ORIGAMI SANDLEWOOD INCENSE/CAND SET,680.65,3.314787936451749e-05,0.9780812177440751
47594A,CAROUSEL DESIGN WASHBAG,678.3,3.303343358988057e-05,0.9781142511776649
62094B,UNKNOWN,677.99,3.3018336487694426e-05,0.9781472695141525
84925D,UNKNOWN,677.4499999999999,3.299203830969275e-05,0.9781802615524623
90082D,DIAMANTE BOW BROOCH BLACK COLOUR,677.05,3.297255817783966e-05,0.9782132341106401
90160C,TURQ+RED BOUDICCA LARGE BRACELET,677.0,3.297012316135802e-05,0.9782462042338015
84824,DANISH ROSE UMBRELLA STAND,676.4499999999999,3.294333798006002e-05,0.9782791475717815
23428,IVORY RETRO KITCHEN WALL CLOCK,675.91,3.291703980205835e-05,0.9783120646115836
21847,GREEN DIAMANTE PEN IN GIFT BOX,675.37,3.289074162405667e-05,0.9783449553532076
37444C,UNKNOWN,674.5,3.28483723372762e-05,0.978377803725545
20856,??,674.0899999999999,3.282840520212678e-05,0.9784106321307471
90184C,BLACK CHUNKY BEAD BRACELET W STRAP,669.79,3.261899378470604e-05,0.9784432511245317
72023F,UNKNOWN,669.62,3.261071472866848e-05,0.9784758618392605
75013B,UNKNOWN,669.62,3.261071472866848e-05,0.9785084725539892
85205B,PINK FELT EASTER RABBIT GARLAND,669.38,3.259902664955662e-05,0.9785410715806386
23024,LARGE BONNE JAM JAR T-LIGHT HOLDER,667.85,3.252451514521855e-05,0.978573596095784
21879,HEARTS GIFT TAPE,666.7900000000001,3.247289279580786e-05,0.9786060689885797
85203,HANGING WOOD AND FELT BUTTERFLY,666.75,3.2470944782622544e-05,0.9786385399333624
21247,UNKNOWN,666.2199999999999,3.2445133607917195e-05,0.9786709850669703
21263,GREEN GOOSE FEATHER TREE 60CM,666.09,3.2438802565064946e-05,0.9787034238695352
21750,LARGE SKULL WINDMILL,665.95,3.2431984518916365e-05,0.9787358558540542
21884,CAKES AND BOWS GIFT TAPE,664.26,3.234968096183705e-05,0.9787682055350161
22056,UNKNOWN,662.83,3.228003949046225e-05,0.9788004855745065
17012D,ORIGAMI ROSE INCENSE/CANDLE SET,662.12,3.224546225642301e-05,0.9788327310367629
85168B,BLACK BAROQUE CARRIAGE CLOCK,662.12,3.224546225642301e-05,0.9788649764990194
46776E,WOVEN CANDY CUSHION COVER,662.1,3.2244488249830355e-05,0.9788972209872691
21197,MULTICOLOUR CONFETTI IN TUBE,661.81,3.223036515423686e-05,0.9789294513524235
85188B,PINK METAL SWINGING BUNNY,661.7299999999999,3.222646912786624e-05,0.9789616778215513
23547,WRAP FLOWER SHOP,661.5,3.221526805205071e-05,0.9789938930896034
17109C,UNKNOWN,661.23,3.2202118963049875e-05,0.9790260952085664
23482,PEARLISED IVORY HEART LARGE,661.02,3.2191891893827006e-05,0.9790582871004603
37474,UNKNOWN,661.0,3.219091788723435e-05,0.9790904780183475
21764,display stands,659.1500000000001,3.21008222774138e-05,0.9791225788406248
71403,"PINK/WHITE ""KEEP CLEAN"" BULLET BIN",659.0000000000001,3.2093517227968896e-05,0.9791546723578528
16169K,WRAP FOLK ART,658.75,3.208134214556071e-05,0.9791867536999984
22054,MINI CAKE STAND HANGING HEARTS,658.31,3.20599140005223e-05,0.9792188136139989
85186C,BUNNY EGG GARLAND,658.19,3.2054069960966384e-05,0.9792508676839599
46776D,WOVEN SUNSET CUSHION COVER,658.07,3.2048225921410454e-05,0.9792829159098813
85028S,FRENCH CHATEAU SMALL FRUITBOWL,656.82,3.198735050936954e-05,0.9793149032603907
21441,BLUE BIRDHOUSE DECORATION,655.4599999999999,3.192111806106902e-05,0.9793468243784518
21307,SET/4 BUTTERFLY MIRROR MAGNETS,654.2700000000001,3.186316466880608e-05,0.9793786875431206
85028L,FRENCH CHATEAU LARGE FRUIT BOWL,654.01,3.185050258310157e-05,0.9794105380457035
21350,UNKNOWN,653.6500000000001,3.183297046443379e-05,0.9794423710161682
85215,Damaged,651.69,3.173751781835364e-05,0.9794741085339863
85019C,Damaged,651.19,3.171316765353727e-05,0.9795058217016399
17164B,ASS COL SMALL SAND GECKO P'WEIGHT,650.76,3.1692226511795195e-05,0.9795375139281518
20618,QUEEN OF THE SKIES PASSPORT COVER,650.64,3.168638247223927e-05,0.9795692003106239
20714,UNKNOWN,649.82,3.1646448201940434e-05,0.9796008467588259
21134,UNKNOWN,649.74,3.1642552175569814e-05,0.9796324893110016
23224,CHERUB HEART DECORATION GOLD,649.02,3.160748793823425e-05,0.9796640967989397
84993A,75 GREEN PETIT FOUR CASES,648.61,3.158752080308483e-05,0.9796956843197429
21003,ROSE DU SUD CUSHION COVER,647.75,3.154563851960068e-05,0.9797272299582624
84916,UNKNOWN,646.43,3.148135408448547e-05,0.9797587113123469
22391,PAPERWEIGHT HOME SWEET HOME,645.39,3.143070574166744e-05,0.9797901420180886
84865,damaged,645.32,3.142729671859315e-05,0.9798215693148072
17181,UNKNOWN,645.2099999999999,3.142193968233354e-05,0.9798529912544895
47597,UNKNOWN,644.88,3.140586857355474e-05,0.9798843971230631
23408,PHOTO FRAME LINEN AND LACE SMALL,644.8000000000001,3.140197254718413e-05,0.9799157990956103
84766,SILVER ROCOCO CANDLE STICK,643.95,3.136057726699631e-05,0.9799471596728773
22042,CHRISTMAS CARD SINGING ANGEL,642.3100000000001,3.128070872639863e-05,0.9799784403816036
85185D,UNKNOWN,642.0100000000001,3.126609862750882e-05,0.9800097064802312
84520D,UNKNOWN,641.17,3.1225190350617315e-05,0.9800409316705817
16169M,WRAP DAISY CARPET,640.95,3.121447627809812e-05,0.9800721461468599
17084N,FAIRY DREAMS INCENSE,640.26,3.118087305065153e-05,0.9801033270199105
21816,CHRISTMAS TREE T-LIGHT HOLDER,640.24,3.117989904405888e-05,0.9801345069189547
35004P,UNKNOWN,638.97,3.111804962542531e-05,0.9801656249685801
21665,TRIANGULAR RIDGED GLASS POSY HOLDER,638.8000000000001,3.1109770569387754e-05,0.9801967347391495
84601A,UNKNOWN,638.34,3.108736841775669e-05,0.9802278221075672
47592A,UNKNOWN,637.37,3.104012909801295e-05,0.980258862236665
84872a,TEATIME FUNKY FLOWER BACKPACK FOR 2,636.47,3.099629880134349e-05,0.9802898585354666
23492,VINTAGE JINGLE BELLS WREATH,635.38,3.0943215442043815e-05,0.9803208017509085
84507C,adjustment,634.64,3.090717719811559e-05,0.9803517089281066
23456,MEDIUM PARLOUR PICTURE FRAME,634.1,3.088087902011392e-05,0.9803825898071267
22263,FELT EGG COSY LADYBIRD,632.48,3.08019844861089e-05,0.9804133917916128
23453,OVAL MINI PORTRAIT FRAME,631.5799999999999,3.0758154189439434e-05,0.9804441499458023
20819,SILVER TEDDY BEAR,631.49,3.0753771159772495e-05,0.980474903716962
23216,LAUREL HEART ANTIQUE GOLD,630.73,3.071675890925162e-05,0.9805056204758713
84964A,UNKNOWN,630.0,3.068120766861973e-05,0.9805363016835399
23019,SMALL APOTHECARY MEASURING JAR,629.0500000000001,3.063494235546864e-05,0.9805669366258954
85230E,Damaged,628.41,3.060377414450369e-05,0.98059754040004
23027,DRAWER KNOB VINTAGE GLASS HEXAGON,627.95,3.058137199287263e-05,0.9806281217720327
71101E,STANDING FAIRY POLE SUPPORT,627.8299999999999,3.05755279533167e-05,0.9806586972999862
23471,SIX DRAWER OFFICE TIDY,626.74,3.052244459401703e-05,0.9806892197445801
16169N,WRAP BLUE RUSSIAN FOLKART,626.25,3.0498581432496992e-05,0.9807197183260127
20694,FLORAL PINK MONSTER,626.08,3.049030237645943e-05,0.9807502086283892
90184B,AMETHYST CHUNKY BEAD BRACELET W STR,625.48,3.046108217867979e-05,0.9807806697105677
85218,No Stock,625.1999999999999,3.044744608638262e-05,0.9808111171566543
21004,ROSE DU SUD CHILDRENS APRON,625.07,3.044111504353037e-05,0.9808415582716978
22043,dotcom,624.29,3.040312878641684e-05,0.9808719614004842
82616A,BUBBLE GUM SCARF KNITTING KIT,624.21,3.0399232760046224e-05,0.9809023606332442
84596J,UNKNOWN,622.99,3.0339818357894293e-05,0.9809327004516021
85092,UNKNOWN,622.57,3.031936421944855e-05,0.9809630198158216
23425,STORAGE TIN HOME SWEET HOME,621.44,3.0264332846963564e-05,0.9809932841486686
23180,MUM'S KITCHEN CLOCK,621.09,3.0247287731592106e-05,0.9810235314364001
20689,UNKNOWN,620.0500000000001,3.019663938877407e-05,0.9810537280757887
16156N,"WRAP, FRIENDSHIP ON GREEN",619.5,3.0169854207476067e-05,0.9810838979299963
84707B,PINK JEWELLED MIRROR TRINKET TRAY,618.52,3.012212788443599e-05,0.9811140200578806
16012,FOOD/DRINK SPONGE STICKERS,618.09,3.010118674269392e-05,0.9811441212446235
20696,FLORAL SOFT CAR TOY,617.94,3.009388169324901e-05,0.9811742151263166
84051,ASS COLOUR GLOWING TIARAS,617.3299999999999,3.006417449217304e-05,0.9812042793008089
82095,HEART BUTTONS JEWELLERY BOX,616.21,3.0009630122984387e-05,0.9812342889309318
72772,UNKNOWN,615.84,2.9991611001020278e-05,0.9812642805419328
84952B,BLACK LOVE BIRD T-LIGHT HOLDER,615.49,2.997456588564882e-05,0.9812942551078185
84932C,SMALL ORIENTAL BLUE FOLDING STOOL,615.4,2.997018285598187e-05,0.9813242252906744
90143,SILVER BRACELET W PASTEL FLOWER,614.13,2.9908333437348308e-05,0.981354133624112
22346,PARTY PIZZA DISH GREEN POLKADOT,614.03,2.9903463404385033e-05,0.9813840370875162
90198A,VINTAGE ROSE BEAD BRACELET RASPBERR,613.6800000000001,2.9886418289013583e-05,0.9814139235058051
84859A,SILVER DISCO HANDBAG,613.53,2.987911323956867e-05,0.9814438026190448
47583A,UNKNOWN,612.82,2.9844536005529435e-05,0.9814736471550504
84247G,"DECOUPAGE,GREETING CARD,",612.75,2.984112698245514e-05,0.9815034882820328
85114c,RED ENCHANTED FOREST PLACEMAT,612.64,2.983576994619554e-05,0.981533324051979
37351,ORANGE FLOWER MUG,612.51,2.9829438903343284e-05,0.9815631534908823
23018,LARGE APOTHECARY MEASURING JAR,612.16,2.9812393787971827e-05,0.9815929658846703
79315W,UNKNOWN,611.5100000000001,2.9780738573710562e-05,0.981622746623244
35972,check,611.38,2.97744075308583e-05,0.9816525210307748
21173,UNKNOWN,611.26,2.9768563491302373e-05,0.9816822895942662
84858C,PINK RIVIERA HANDBAG,611.07,2.9759310428672155e-05,0.9817120489046949
22538,MINI JIGSAW GO TO THE FAIR,610.85,2.9748596356152954e-05,0.981741797501051
gift_0001_30,Dotcomgiftshop Gift Voucher £30.00,610.09,2.971158410563208e-05,0.9817715090851565
20655,QUEEN OF SKIES LUGGAGE TAG,609.73,2.9694051986964298e-05,0.9818012031371436
21440,UNKNOWN,608.81,2.9649247683702182e-05,0.9818308523848273
21416,UNKNOWN,606.8100000000001,2.9551847024436727e-05,0.9818604042318517
20863,UNKNOWN,605.73,2.9499250668433378e-05,0.9818899034825203
20695,FLORAL BLUE MONSTER,604.58,2.944324528935574e-05,0.9819193467278095
23520,EMBROIDERED RIBBON REEL RUBY,604.3,2.942960919705857e-05,0.9819487763370066
84876D,damaged,604.27,2.942814818716959e-05,0.9819782044851937
85169D,PINK LOVE BIRD CANDLE,603.98,2.94140250915761e-05,0.9820076185102853
79190B,RETRO PLASTIC POLKA TRAY,603.08,2.9370194794906644e-05,0.9820369887050802
84932A,UNKNOWN,602.6,2.9346818636682934e-05,0.9820663355237169
84563B,damaged,601.84,2.930980638616206e-05,0.9820956453301031
85117,UNKNOWN,600.92,2.9265002082899945e-05,0.9821249103321861
18094C,WHITE AND BLUE CERAMIC OIL BURNER,600.66,2.9252339997195437e-05,0.9821541626721833
17109D,Adjustment,600.0,2.9220197779637836e-05,0.9821833828699629
85146,UNKNOWN,599.38,2.9190003575265545e-05,0.9822125728735381
82605,UNKNOWN,599.27,2.918464653900594e-05,0.982241757520077
47469,ASSORTED SHAPES PHOTO CLIP SILVER,597.53,2.9099907965444994e-05,0.9822708574280425
22092,BLUE PAISLEY TISSUE BOX,597.44,2.909552493577805e-05,0.9822999529529782
84682,UNKNOWN,596.94,2.9071174770961687e-05,0.9823290241277493
82011C,BATHROOM SCALES FOOTPRINTS IN SAND,595.1800000000001,2.898546219080808e-05,0.98235800958994
20781,GOLD EAR MUFF HEADPHONES,594.81,2.8967443068843966e-05,0.9823869770330088
72122,COFFEE SCENT PILLAR CANDLE,594.28,2.894163189413862e-05,0.9824159186649031
23377,PACK OF 12 DOLLY GIRL TISSUES,593.62,2.890948967658102e-05,0.9824448281545797
16236,KITTY PENCIL ERASERS,593.29,2.8893418567802217e-05,0.9824737215731474
21553,UNKNOWN,593.17,2.888757452824629e-05,0.9825026091476757
20849,UNKNOWN,593.03,2.888075648209771e-05,0.9825314899041577
62096A,PINK/YELLOW FLOWERS HANDBAG,592.79,2.8869068402985852e-05,0.9825603589725607
20804,GLASS CHICKEN BUTTER DISH,592.51,2.885543231068869e-05,0.9825892144048715
21223,SET/4 BADGES WOODLAND ANIMAL,592.08,2.883449116894662e-05,0.9826180488960405
85113,UNKNOWN,591.6600000000001,2.8814037030500874e-05,0.9826468629330708
90199C,5 STRAND GLASS NECKLACE CRYSTAL,591.64,2.8813063023908216e-05,0.9826756759960947
21304,UNKNOWN,591.58,2.8810141004130254e-05,0.9827044861370989
84963B,BLUE PAINTED KASHMIRI CHAIR,591.5,2.8806244977759634e-05,0.9827332923820767
20794,BLUE TILE HOOK,591.02,2.878286881953592e-05,0.9827620752508962
21322,UNKNOWN,590.45,2.875510963164527e-05,0.9827908303605278
21256,UNKNOWN,588.64,2.8666962035010024e-05,0.9828194973225629
21893,POTTING SHED SEED TIN,587.8,2.862605375811853e-05,0.9828481233763211
21167,WHITE SAGE INCENSE,587.52,2.861241766582137e-05,0.9828767357939868
23499,SET 12 VINTAGE DOILY CHALK,587.49,2.8610956655932388e-05,0.9829053467506427
84934,UNKNOWN,586.5,2.8562743329595984e-05,0.9829339094939723
23565,EGG CUP MILKMAID HELGA,586.31,2.8553490266965764e-05,0.9829624629842394
90195A,PURPLE GEMSTONE BRACELET,585.1999999999999,2.8499432901073434e-05,0.9829909624171405
84569C,UNKNOWN,584.93,2.8486283812072596e-05,0.9830194487009525
21016,UNKNOWN,584.55,2.8467777686812158e-05,0.9830479164786393
23537,WALL ART I LOVE LONDON,581.13,2.8301222559468226e-05,0.9830762177011988
20935,ROUND CACTUS CANDLE,580.38,2.826469731224368e-05,0.9831044823985109
90010B,BLACK/WHITE GLASS/SILVER BRACELET,578.02,2.8149764534310437e-05,0.9831326321630453
15056p,EDWARDIAN PARASOL PINK,577.84,2.8140998474976546e-05,0.9831607731615202
21419,UNKNOWN,577.69,2.813369342553164e-05,0.9831889068549458
47421,ASSORTED COLOUR LIZARD SUCTION HOOK,576.9,2.8095220165121778e-05,0.983217002075111
35922,EASTER BUNNY WREATH,575.99,2.8050902865155995e-05,0.9832450529779762
23016,GLASS TWIST BON BON JAR,575.25,2.8014864621227773e-05,0.9832730678425974
23125,6PC WOOD PLATE SET DISPOSABLE,574.88,2.7996845499263665e-05,0.9833010646880965
84932D,UNKNOWN,574.71,2.7988566443226102e-05,0.9833290532545398
85202,HANGING WOOD AND FELT HEART,573.45,2.7927204027888865e-05,0.9833569804585677
17013D,ORIGAMI ROSE INCENSE IN TUBE,572.4,2.7876068681774493e-05,0.9833848565272496
84846A,SCENTED CANDLE IN DIGITALIS TIN,571.75,2.784441346751322e-05,0.9834127009407171
84675,FROG KING WATERING CAN,571.71,2.7842465454327914e-05,0.9834405434061713
84924A,WAKE UP COCKEREL CALENDAR SIGN,571.0,2.7807888220288674e-05,0.9834683512943916
16162L,THE KING GIFT BAG,570.4300000000001,2.7780129032398022e-05,0.983496131423424
85129A,UNKNOWN,570.41,2.777915502580536e-05,0.9835239105784498
23455,SMALL PARLOUR PICTURE FRAME,569.4300000000001,2.7731428702765293e-05,0.9835516420071525
85086A,UNKNOWN,568.73,2.769733847202238e-05,0.9835793393456246
23069,EDWARDIAN PHOTO FRAME,568.71,2.7696364465429723e-05,0.98360703571009
23219,LAUREL STAR ANTIQUE SILVER,568.6,2.7691007429170123e-05,0.9836347267175193
84806B,WHITE CANDYSTUFT ARTIFICIAL FLOWER,568.02,2.7662761237983138e-05,0.9836623894787572
85230B,CINNAMON SCENTED VOTIVE CANDLE,568.0,2.7661787231390483e-05,0.9836900512659886
23381,PACK OF 12 VINTAGE LEAF TISSUES,567.9499999999999,2.7659352214908844e-05,0.9837177106182035
85119,UNKNOWN,567.48,2.7636463059981467e-05,0.9837453470812635
16169C,damages,567.0,2.7613086901757754e-05,0.9837729601681653
85169C,EAU DE NIL LOVE BIRD CANDLE,566.82,2.7604320842423866e-05,0.9838005644890077
20838,FRENCH LATTICE CUSHION COVER,565.8,2.7554646506198478e-05,0.9838281191355139
37444A,UNKNOWN,564.21,2.7477212982082442e-05,0.9838555963484958
23272,TREE T-LIGHT HOLDER WILLIE WINKIE,562.2199999999999,2.7380299326113302e-05,0.9838829766478221
84569B,UNKNOWN,562.18,2.7378351312927996e-05,0.983910354999135
37345,UNKNOWN,561.05,2.732331994044301e-05,0.9839376783190755
84773,UNKNOWN,560.5,2.729653475914501e-05,0.9839649748538346
16049,UNKNOWN,560.48,2.729556075255236e-05,0.983992270414587
16238,PARTY TIME PENCIL ERASERS,559.96,2.727023658114334e-05,0.9840195406511683
85090,CANDY SPOT APRON,559.2800000000001,2.7237120356993086e-05,0.9840467777715253
21160,UNKNOWN,558.9399999999999,2.722056224491795e-05,0.9840739983337703
23451,SQUARE MINI PORTRAIT FRAME,558.12,2.7180627974619114e-05,0.9841011789617448
84306,UNKNOWN,557.4799999999999,2.7149459763654164e-05,0.9841283284215084
21371,MIRRORED WALL ART POPPIES,556.01,2.7077870279094054e-05,0.9841554062917875
23074,EMBOSSED HEART TRINKET BOX,555.59,2.705741614064831e-05,0.9841824637079282
20823,UNKNOWN,555.47,2.7051572101092383e-05,0.9842095152800293
21881,CUTE CATS TAPE,554.95,2.7026247929683364e-05,0.9842365415279589
23457,LARGE PARLOUR PICTURE FRAME,554.83,2.7020403890127437e-05,0.9842635619318492
90120D,UNKNOWN,554.13,2.6986313659384522e-05,0.9842905482455084
23473,WOODLAND SMALL RED FELT HEART,552.85,2.692397723745463e-05,0.984317472222746
84859C,PINK DISCO HANDBAG,552.72,2.6917646194602374e-05,0.9843443898689406
84805B,BLUE CLIMBING HYDRANGA ART FLOWER,551.4000000000001,2.6853361759487175e-05,0.9843712432306999
22044,CHRISTMAS CARD STACK OF PRESENTS,550.28,2.6798817390298513e-05,0.9843980420480903
22394,PAPERWEIGHT KINGS CHOICE,549.39,2.6755474096925384e-05,0.9844247975221873
90203,UNKNOWN,549.27,2.6749630057369454e-05,0.9844515471522446
21373,MIRRORED WALL ART SNOWFLAKES,548.89,2.673112393210902e-05,0.9844782782761767
85071D,CHARLIE+LOLA MY ROOM DOOR SIGN,548.86,2.672966292222004e-05,0.9845050079390989
85091,CANDY SPOT BREAD BASKETS,548.8100000000001,2.6727227905738403e-05,0.9845317351670047
23549,WRAP BIRD GARDEN,548.1,2.6692650671699163e-05,0.9845584278176763
20888,UNKNOWN,547.74,2.667511855303138e-05,0.9845851029362294
23484,HEART TRELLIS TRIPLE T-LIGHT HOLDER,547.35,2.6656125424474616e-05,0.9846117590616539
85030,UNKNOWN,547.35,2.6656125424474616e-05,0.9846384151870784
90058B,CRYSTAL STUD EARRINGS ASSORTED COL,547.24,2.6650768388215015e-05,0.9846650659554665
21311,SET/4 BIRD MIRROR MAGNETS,547.21,2.6649307378326034e-05,0.9846917152628449
72267,PREMIUM CHURCH CANDLE,546.96,2.6637132295917852e-05,0.9847183523951409
35969,UNKNOWN,545.77,2.6579178903654902e-05,0.9847449315740445
21339,UNKNOWN,544.5,2.6517329485021335e-05,0.9847714489035295
20943,SET/6 GINGERBREAD STAR T-LIGHTS,543.96,2.6491031307019664e-05,0.9847979399348364
23043,PAPER LANTERN 9 POINT HOLLY STAR L,543.51,2.6469116158684932e-05,0.9848244090509952
84596K,JELLY BABIES YELLOW SMALL BOWL,543.41,2.646424612572166e-05,0.984850873297121
84592,CROCHET ROSE PURSE WITH SUEDE BACK,542.3000000000001,2.6410188759829334e-05,0.9848772834858808
47021G,SET/6 BEAD COASTERS GAUZE BAG GOLD,541.9599999999999,2.63936306477542e-05,0.9849036771165286
84984B,RED PEONY CUSHION COVER,541.3,2.6361488430196598e-05,0.9849300386049586
23398,HANGING HEART BONHEUR,538.75,2.623730258963314e-05,0.9849562759075483
20659,ECONOMY LUGGAGE TAG,538.51,2.6225614510521286e-05,0.9849825015220589
85027L,UNKNOWN,538.5,2.6225127507224956e-05,0.9850087266495661
21017,UNKNOWN,538.4399999999999,2.622220548744699e-05,0.9850349488550536
84804B,BLUE DELPHINIUM ARTIFICIAL FLOWER,537.3700000000001,2.6170096134739978e-05,0.9850611189511882
16048,TEATIME ROUND PENCIL SHARPENER,537.18,2.616084307210975e-05,0.9850872797942604
21418,STARFISH SOAP DISH,536.39,2.6122369811699897e-05,0.9851134021640721
84414B,damaged,536.24,2.611506476225499e-05,0.9851395172288344
23660,HENRIETTA HEN MUG,534.66,2.6038118241435273e-05,0.9851655553470758
85142,JARDIN ETCHED GLASS GINGER JAR,534.38,2.602448214913811e-05,0.9851915798292249
16169P,UNKNOWN,533.75,2.5993800941469493e-05,0.9852175736301664
85020,ROUND PINK HEART MIRROR,533.48,2.5980651852468655e-05,0.9852435542820189
21734,SMALL MARAKESH LANTERN ON STICK,533.24,2.59689637733568e-05,0.9852695232457922
90195B,BLACK GEMSTONE BRACELET,532.29,2.5922698460205705e-05,0.9852954459442523
72801C,4 ROSE PINK DINNER CANDLES,531.36,2.5877407153647267e-05,0.9853213233514061
84661B,BLACK SQUARE TABLE CLOCK,530.22,2.5821888777865956e-05,0.985347145240184
23139,SINGLE WIRE HOOK PINK HEART,530.15,2.5818479754791662e-05,0.9853729637199387
84799,UNKNOWN,530.03,2.5812635715235735e-05,0.985398776355654
90160D,PINK BOUDICCA LARGE BRACELET,529.22,2.5773188448233227e-05,0.9854245495441021
21943,CAKES AND RABBITS DESIGN FLANNEL,529.16,2.5770266428455262e-05,0.9854503198105306
71270,PHOTO CLIP LINE,529.15,2.5769779425158933e-05,0.9854760895899558
20653,CHERRY BLOSSOM LUGGAGE TAG,528.77,2.5751273299898498e-05,0.9855018408632558
16202B,UNKNOWN,528.56,2.5741046230675622e-05,0.9855275819094863
23060,HEART BEADED TRELLIS DECORATION,528.1700000000001,2.572205310211886e-05,0.9855533039625886
90175D,TIGRIS EYE CHUNKY CHARM BRACELET,527.8199999999999,2.57050079867474e-05,0.9855790089705753
21336,GOLD WASHBAG,527.5600000000001,2.5692345901042896e-05,0.9856047013164763
84931A,PINK SCOTTIE DOG W FLOWER PATTERN,526.4399999999999,2.5637801531854234e-05,0.9856303391180082
84657,GREEN ROSE CUSHION COVER,523.43,2.5491213539659717e-05,0.9856558303315478
85226C,UNKNOWN,523.41,2.5490239533067065e-05,0.9856813205710809
72728,UNKNOWN,523.15,2.5477577447362554e-05,0.9857067981485282
21403,BLUE EGG SPOON,523.0699999999999,2.5473681420991934e-05,0.9857322718299493
22861,EASTER TIN CHICKS IN GARDEN,522.93,2.5466863374843352e-05,0.9857577386933241
22407,MONEY BOX FIRST AID DESIGN,522.37,2.5439591190249026e-05,0.9857831782845143
23336,EGG FRYING PAN PINK,521.33,2.538894284743099e-05,0.9858085672273617
21459,YELLOW EASTER EGG HUNT START POST,520.55,2.5350956590317456e-05,0.985833918183952
84683,UNKNOWN,519.35,2.5292516194758183e-05,0.9858592107001469
BANK CHARGES,Bank Charges,519.241,2.5287207858828216e-05,0.9858844979080057
20793,UNKNOWN,518.5,2.5251120914570365e-05,0.9859097490289203
20868,SILVER FABRIC MIRROR,518.07,2.523017977282829e-05,0.985934979208693
85039C,S/4 BLACK MINI ROSE CANDLE IN BOWL,517.9599999999999,2.5224822736568687e-05,0.9859602040314296
35810B,ENAMEL BLUE RIM COFFEE CONTAINER,517.71,2.5212647654160508e-05,0.9859854166790838
84762A,UNKNOWN,517.4300000000001,2.5199011561863345e-05,0.9860106156906456
85179A,GREEN BITTY LIGHT CHAIN,515.72,2.5115733998191375e-05,0.9860357314246437
71143,ANTIQUE SILVER BOOK MARK WITH BEADS,514.4499999999999,2.5053884579557805e-05,0.9860607853092235
90114,SUMMER DAISIES BAG CHARM,514.18,2.5040735490556968e-05,0.986085826044714
85129C,BEADED CRYSTAL HEART BLUE SMALL,513.98,2.5030995424630425e-05,0.9861108570401387
46118,FUNKY MONKEY CUSHION COVER,513.58,2.5011515292777335e-05,0.9861358685554313
16168M,FUNKY MONKEY GIFT BAG MEDIUM,512.38,2.4953074897218056e-05,0.9861608216303285
72807c,SET/3 VANILLA SCENTED CANDLE IN BOX,511.98,2.4933594765364966e-05,0.9861857552250939
23136,IVORY WIRE SWEETHEART LETTER TRAY,511.89,2.492921173569802e-05,0.9862106844368296
47559b,TEA TIME OVEN GLOVE,511.46,2.4908270593955947e-05,0.9862355927074237
84875B,GREEN SQUARE COMPACT MIRROR,511.01,2.4886355445621218e-05,0.9862604790628692
84989B,UNKNOWN,510.7,2.487125834343507e-05,0.9862853503212127
84782C,UNKNOWN,509.9,2.4832298079728888e-05,0.9863101826192924
21117,BLOND DOLL DOORSTOP,509.58,2.4816713974246415e-05,0.9863349993332665
20753,UNKNOWN,509.00000000000006,2.4788467783059433e-05,0.9863597878010496
84247L,FAWN AND MUSHROOM GREETING CARD,508.29,2.4753890549020193e-05,0.9863845416915987
20654,FIRST CLASS LUGGAGE TAG,507.91,2.4735384423759755e-05,0.9864092770760226
84218,UNKNOWN,507.40999999999997,2.471103425894339e-05,0.9864339881102815
85169B,BLACK LOVE BIRD CANDLE,505.40999999999997,2.461363359967793e-05,0.9864586017438811
35004S,SET OF 3 SILVER FLYING DUCKS,505.4,2.4613146596381603e-05,0.9864832148904775
84509c,SET OF 4 POLKADOT PLACEMATS,505.26,2.460632855023302e-05,0.9865078212190276
23021,GLASS BONNE JAM JAR,504.97,2.4592205454639532e-05,0.9865324134244824
37352,UNKNOWN,504.55,2.4571751316193784e-05,0.9865569851757986
84877B,GREEN ROUND COMPACT MIRROR,504.43,2.4565907276637858e-05,0.9865815510830752
22541,MINI JIGSAW LEAP FROG,504.34,2.456152424697091e-05,0.9866061126073222
20845,ZINC HEART LATTICE 2 WALL PLANTER,502.27,2.446071456463116e-05,0.9866305733218868
23560,SET OF 6 RIBBONS COUNTRY STYLE,502.07,2.4450974498704613e-05,0.9866550242963855
79337,UNKNOWN,502.03000000000003,2.4449026485519306e-05,0.9866794733228709
90014A,SILVER M.O.P. ORBIT NECKLACE,502.01,2.444805247892665e-05,0.9867039213753499
90010E,AMBER GLASS/SILVER BRACELET,501.65,2.4430520360258865e-05,0.9867283518957101
23117,POPPY FIELDS CHOPPING BOARD,501.23,2.4410066221813123e-05,0.986752761961932
21882,SKULLS TAPE,500.74,2.4386203060293084e-05,0.9867771481649923
20865,UNKNOWN,500.49,2.4374027977884902e-05,0.9868015221929701
84706D,UNKNOWN,500.19,2.435941787899508e-05,0.9868258816108492
16219,HOUSE SHAPE PENCIL SHARPENER,499.54999999999995,2.432824966803013e-05,0.9868502098605173
35471A,UNKNOWN,499.31,2.431656158891828e-05,0.9868745264221062
20864,UNKNOWN,498.14,2.4259582203247986e-05,0.9868987860043094
23466,TUSCAN VILLA DOVECOTE BIRD FEEDER,498.03,2.4254225166988386e-05,0.9869230402294763
23045,PAPER LANTERN 5 POINT STAR MOON,497.98,2.425179015050675e-05,0.9869472920196268
35600D,PINK AND WHITE CHRISTMAS TREE 180CM,497.70000000000005,2.4238154058209587e-05,0.9869715301736851
85230A,OPIUM SCENTED VOTIVE CANDLE,497.03999999999996,2.4206011840651982e-05,0.9869957361855257
22031,BOTANICAL LAVENDER BIRTHDAY CARD,493.99,2.405747583527216e-05,0.987019793661361
84798B,UNKNOWN,492.90000000000003,2.4004392475972484e-05,0.987043798053837
16239,UNKNOWN,492.17,2.396884123534059e-05,0.9870677668950723
85014b,RED RETROSPOT UMBRELLA,491.42,2.393231598811604e-05,0.9870916992110604
84827,ASS DES PHONE SPONGE CRAFT STICKER,491.09,2.391624487933724e-05,0.9871156154559398
90160B,RED BOUDICCA LARGE BRACELET,490.92,2.3907965823299677e-05,0.987139523421763
84876B,found,490.81,2.3902608787040076e-05,0.9871634260305502
35967,FOLK ART METAL STAR T-LIGHT HOLDER,488.51,2.37905980288848e-05,0.9871872166285789
21663,UNKNOWN,488.16,2.3773552913513345e-05,0.9872109901814925
51020B,adjust,488.11999999999995,2.3771604900328032e-05,0.9872347617863928
84970l,SINGLE HEART ZINC T-LIGHT HOLDER,487.14,2.3723878577287958e-05,0.9872584856649702
22259,FELT FARM ANIMAL HEN,485.45,2.3641575020208647e-05,0.9872821272399903
84875D,BLUE SQUARE COMPACT MIRROR,483.75,2.3558784459833006e-05,0.9873056860244501
23218,LAUREL STAR ANTIQUE GOLD,483.03,2.352372022249744e-05,0.9873292097446728
84901,BLACK FACE LAMB WITH PANTS,482.38,2.3492065008236165e-05,0.9873527018096809
84926E,FLOWERS TILE COASTER,482.28,2.348719497527289e-05,0.9873761890046563
23691,WRAP KEEP CALM BIRTHDAY,481.5,2.3449208718159362e-05,0.9873996382133744
22038,BOTANICAL LAVENDER GIFT WRAP,481.0,2.3424858553342997e-05,0.9874230630719277
21132,SILVER STANDING GNOME,480.86,2.3418040507194416e-05,0.9874464811124349
16244A,UNKNOWN,479.40999999999997,2.3347425029226958e-05,0.9874698285374641
21536,DAIRY MAID SMALL MILK JUG,478.94000000000005,2.3324535874299577e-05,0.9874931530733383
23422,PANTRY HOOK BALLOON WHISK,477.89,2.327340052818521e-05,0.9875164264738665
37492C,UNKNOWN,477.29999999999995,2.3244667333701895e-05,0.9875396711412002
72750C,UNKNOWN,476.4,2.320083703703244e-05,0.9875628719782372
23561,SET OF 6 RIBBONS PARTY,476.0,2.318135690517935e-05,0.9875860533351424
85170B,SET/6 BLACK BIRD T-LIGHT CANDLES,475.91,2.3176973875512405e-05,0.9876092303090179
85109,PINK BOUDOIR T-LIGHT HOLDER,475.43,2.3153597717288696e-05,0.9876323839067352
47422,ASSORTED MONKEY SUCTION CUP HOOK,475.14,2.31394746216952e-05,0.987655523381357
84809A,WHITE CHRYSANTHEMUMS ART FLOWER,474.84000000000003,2.3124864522805385e-05,0.9876786482458797
21518,BANK ACCOUNT GREETING CARD,474.32,2.3099540351396362e-05,0.9877017477862311
85136B,UNKNOWN,473.77000000000004,2.3072755170098365e-05,0.9877248205414012
40046A,RED DAISY PAPER LAMPSHADE,472.07,2.298996460972272e-05,0.9877478105060109
20662,FIRST CLASS HOLIDAY PURSE,471.33000000000004,2.2953926365794504e-05,0.9877707644323769
gift_0001_20,Dotcomgiftshop Gift Voucher £20.00,471.06,2.2940777276793666e-05,0.9877937052096536
90192,JADE DROP EARRINGS W FILIGREE,469.18,2.2849220657084135e-05,0.9878165544303107
84948,UNKNOWN,469.10999999999996,2.284581163400984e-05,0.9878394002419446
79071B,UNKNOWN,469.1,2.2845324630713515e-05,0.9878622455665754
85211,UNKNOWN,469.04999999999995,2.2842889614231875e-05,0.9878850884561897
35911A,MULTICOLOUR RABBIT EGG WARMER,468.79,2.283022752852737e-05,0.9879079186837182
72799B,UNKNOWN,467.71,2.2777631172524018e-05,0.9879306963148907
72225C,UNKNOWN,466.37999999999994,2.2712859734112486e-05,0.9879534091746248
23379,PACK OF 12 RED APPLE TISSUES,465.36,2.2663185397887106e-05,0.9879760723600226
51020A,adjustment,464.55999999999995,2.262422513418092e-05,0.9879986965851567
72132,COLUMBIAN CUBE CANDLE,464.09999999999997,2.2601822982549865e-05,0.9880212984081393
90120C,GREEN MURANO TWIST BRACELET,462.32,2.2515136395803608e-05,0.9880438135445352
84972L,UNKNOWN,462.15000000000003,2.2506857339766046e-05,0.9880663204018749
84984A,GREEN PEONY CUSHION COVER,462.12,2.250539632987706e-05,0.9880888257982048
85204,HANGING WOOD AND FELT FLOWER,461.92,2.2495656263950515e-05,0.9881113214544689
72789,UNKNOWN,461.53,2.247666313539375e-05,0.9881337981176042
84915,HAND TOWEL PINK FLOWER AND DAISY,459.56,2.2380723486017273e-05,0.9881561788410903
16207B,UNKNOWN,457.65,2.2287705856418757e-05,0.9881784665469466
23023,RIDGED BONNE JAM JAR T-LIGHT HOLDER,457.61999999999995,2.2286244846529776e-05,0.9882007527917932
84508B,STRIPES DESIGN TEDDY,456.30999999999995,2.22224474147109e-05,0.9882229752392079
90145,SILVER HOOP EARRINGS WITH FLOWER,455.86,2.2200532266376174e-05,0.9882451757714742
90201B,BLACK ENAMEL FLOWER RING,454.31000000000006,2.2125046755445445e-05,0.9882673008182298
21757,LIGHTHOUSE PRINTED METAL SIGN,454.3,2.2124559752149116e-05,0.9882894253779817
20621,UNKNOWN,453.77,2.2098748577443767e-05,0.9883115241265593
23509,MINI PLAYING CARDS FUN FAIR,452.72,2.20476132313294e-05,0.9883335717397906
23548,WRAP MAGIC FOREST,451.5,2.198819882917747e-05,0.9883555599386198
90120B,BLUE MURANO TWIST BRACELET,451.44,2.1985276809399506e-05,0.9883775452154293
82081,UNKNOWN,451.34999999999997,2.198089377973256e-05,0.9883995261092089
84597C,UNKNOWN,450.98,2.196287465776845e-05,0.9884214889838667
17164D,UNKNOWN,450.78,2.1953134591841905e-05,0.9884434421184586
72127,COLUMBIAN CANDLE ROUND,449.69,2.190005123254223e-05,0.988465342169691
20616,CHERRY BLOSSOM PASSPORT COVER,449.26,2.1879110090800156e-05,0.9884872212797818
16218,CARTOON PENCIL SHARPENERS,448.13,2.182407871831517e-05,0.9885090453585001
72801D,4 SKY BLUE DINNER CANDLES,447.42,2.1789501484275934e-05,0.9885308348599845
72128,COLUMBIAN CANDLE ROUND,447.34,2.1785605457905314e-05,0.9885526204654425
90198B,VINTAGE ROSE BEAD BRACELET BLACK,446.15,2.1727652065642367e-05,0.988574348117508
84857C,PINK MONTE CARLO HANDBAG,445.03,2.1673107696453708e-05,0.9885960212252045
90010A,MIDNIGHT BLUE GLASS/SILVER BRACELET,443.84999999999997,2.1615641307487087e-05,0.9886176368665118
62096B,UNKNOWN,441.99,2.1525058694370214e-05,0.9886391619252063
16243B,BROWN COZY SQUARE PHOTO ALBUM,441.77,2.151434462185101e-05,0.9886606762698281
21027,NINJA RABBIT PINK,441.11,2.148220240429341e-05,0.9886821584722324
90154,LAZER CUT NECKLACE W PASTEL BEADS,439.65,2.1411099923029624e-05,0.9887035695721555
16161M,WRAP PINK FLOCK,439.0,2.137944470876835e-05,0.9887249490168644
79030A,UNKNOWN,438.25,2.13429194615438e-05,0.9887462919363259
23044,PAPER LANTERN 9 POINT HOLLY STAR S,435.74,2.1220681634165653e-05,0.9887675126179599
84859B,BLUE DISCO HANDBAG,435.41,2.120461052538685e-05,0.9887887172284854
84510F,UNKNOWN,435.25,2.1196818472645614e-05,0.9888099140469581
90013A,MIDNIGHT BLUE VINTAGE EARRINGS,434.27,2.1149092149605536e-05,0.9888310631391076
84798A,PINK FOXGLOVE ARTIIFCIAL FLOWER,432.45000000000005,2.1060457549673973e-05,0.9888521235966572
37464,UNKNOWN,431.18,2.0998608131040403e-05,0.9888731222047883
84858B,UNKNOWN,431.0,2.098984207170651e-05,0.98889411204686
23058,CHRISTMAS HANGING SNOWFLAKE,430.86,2.098302402555793e-05,0.9889150950708857
84802B,UNKNOWN,430.35,2.095818685744524e-05,0.988936053257743
20851,UNKNOWN,429.57,2.0920200600331708e-05,0.9889569734583433
16045,POPART WOODEN PENCILS ASST,429.44,2.0913869557479452e-05,0.9889778873279009
90013B,BLACK VINTAGE EARRINGS,428.92,2.0888545386070436e-05,0.9889987758732869
84966B,UNKNOWN,428.0,2.0843741082808323e-05,0.9890196196143697
84422,Dagamed,427.95,2.0841306066326688e-05,0.989040460920436
84801A,check,427.44000000000005,2.0816468898213997e-05,0.9890612773893342
85230G,ORANGE VOTIVE CANDLE,425.75999999999993,2.0734652344431005e-05,0.9890820120416788
21678,PAISLEY PATTERN STICKERS,424.7,2.0683029995020314e-05,0.9891026950716738
20715,UNKNOWN,424.0,2.0648939764277403e-05,0.989123344011438
21028,NINJA RABBIT BLACK,423.9,2.064406973131413e-05,0.9891439880811693
45016,UNKNOWN,423.73,2.063579067527657e-05,0.9891646238718446
16207A,UNKNOWN,423.53000000000003,2.0626050609350022e-05,0.9891852499224539
16008,SMALL FOLDING SCISSOR(POINTED EDGE),422.96,2.0598291421459364e-05,0.9892058482138755
21729,UNKNOWN,422.9,2.05953694016814e-05,0.989226443583277
85097B,BLUE ROCKING SINGING CANARY,420.92,2.04989427490086e-05,0.989246942526026
47579,UNKNOWN,420.87,2.049650773252696e-05,0.9892674390337586
46126A,ELVIS WALLHANGING / CURTAIN,419.99,2.0453651442450157e-05,0.9892878926852011
84967C,UNKNOWN,419.85,2.0446833396301575e-05,0.9893083395185973
84770,UNKNOWN,419.25000000000006,2.041761319852194e-05,0.9893287571317958
21736,GOLD SCROLL GLASS T-LIGHT HOLDER,418.89000000000004,2.0400081079854156e-05,0.9893491572128758
84007,UNKNOWN,418.21999999999997,2.0367451859000226e-05,0.9893695246647347
72780,BLACK SILOUETTE CANDLE PLATE,418.18,2.036550384581492e-05,0.9893898901685805
22032,BOTANICAL LILY GREETING CARD,418.12,2.0362581826036954e-05,0.9894102527504066
84532B,UNKNOWN,417.58,2.033628364803528e-05,0.9894305890340547
72803B,UNKNOWN,416.38,2.0277843252476004e-05,0.9894508668773071
85014a,BLACK/BLUE POLKADOT UMBRELLA,416.12,2.0265181166771495e-05,0.9894711320584739
35240,UNKNOWN,416.01,2.0259824130511895e-05,0.9894913918826044
20857,UNKNOWN,415.79999999999995,2.024959706128902e-05,0.9895116414796656
84529C,YELLOW KNITTED KIDS RUCKSACK,414.74,2.0197974711878328e-05,0.9895318394543775
84804A,CREAM DELPHINIUM ARTIFICIAL FLOWER,414.08000000000004,2.0165832494320727e-05,0.9895520052868719
85112,UNKNOWN,414.02,2.0162910474542762e-05,0.9895721681973464
22395,PAPERWEIGHT VINTAGE PAISLEY,413.76,2.015024838883825e-05,0.9895923184457354
23459,DOLLY CABINET 2 DRAWERS,412.5,2.0088885973501013e-05,0.9896124073317089
20666,UNKNOWN,412.45000000000005,2.0086450957019377e-05,0.9896324937826658
23415,HOME SWEET HOME HOOK,412.17999999999995,2.0073301868018537e-05,0.9896525670845339
21520,BOOZE & WOMEN GREETING CARD,411.63,2.0046516686720536e-05,0.9896726136012205
84873A,FUNKY FLOWER PICNIC BAG FOR 4,411.09999999999997,2.0020705512015187e-05,0.9896926343067326
84884a,ANT WHITE WIRE HEART SPIRAL,410.89,2.0010478442792315e-05,0.9897126447851754
21341,KASBAH LANTERN WITH GLASS,410.64000000000004,1.9998303360384136e-05,0.9897326430885356
90149,SILVER FLOWR PINK SHELL NECKLACE,410.26000000000005,1.99797972351237e-05,0.9897526228857708
37444B,UNKNOWN,409.6,1.9947655017566097e-05,0.9897725705407885
16169F,UNKNOWN,409.5,1.9942784984602822e-05,0.9897925133257731
84595B,LARGE TRIFLE DESIGN L BLUE BOWL,408.9,1.9913564786823182e-05,0.9898124268905598
21252,UNKNOWN,408.66,1.9901876707711333e-05,0.9898323287672676
90206C,CRYSTAL DIAMANTE STAR BROOCH,407.56,1.984830634511533e-05,0.9898521770736126
23339,EGG FRYING PAN BLUE,405.0,1.972363350125554e-05,0.9898719007071138
84984D,ORIENTAL RED CUSHION COVER,404.91,1.9719250471588595e-05,0.9898916199575855
72801E,UNKNOWN,404.75,1.9711458418847358e-05,0.9899113314160043
84968e,SET OF 16 VINTAGE BLACK CUTLERY,404.13,1.9681264214475063e-05,0.9899310126802189
84510C,SET OF 4 POLKADOT COASTERS,404.09,1.9679316201289753e-05,0.9899506919964202
82076,BEECH WOOD PHOTO FRAME,403.64,1.9657401052955025e-05,0.989970349397473
21698,MOCK LOBSTER FRIDGE MAGNET,401.56,1.955610436731895e-05,0.9899899055018404
84932B,UNKNOWN,401.3,1.954344228161444e-05,0.990009448944122
84984C,ORIENTAL BLUE CUSHION COVER,401.16,1.953662423546586e-05,0.9900289855683575
23576,SNACK TRAY RED VINTAGE DOILY,400.03999999999996,1.9482079866277197e-05,0.9900484676482237
23429,RED RETRO KITCHEN WALL CLOCK,400.01,1.9480618856388216e-05,0.9900679482670801
23039,T-LIGHT HOLDER SILVER HEART HANDLE,399.71,1.94660087574984e-05,0.9900874142758376
85007,UNKNOWN,399.62,1.9461625727831453e-05,0.9901068759015654
16156L,WRAP CAROUSEL,399.0,1.943143152345916e-05,0.9901263073330889
20889,UNKNOWN,398.03999999999996,1.938467920701174e-05,0.990145692012296
D,Discount,397.89,1.937737415756683e-05,0.9901650693864535
21025,SPACE FROG,397.37,1.9352049986157812e-05,0.9901844214364397
79191B,RETRO PLASTIC POLKA TRAY,397.37,1.9352049986157812e-05,0.9902037734864257
85167A,UNKNOWN,396.8,1.9324290798267156e-05,0.9902230977772241
90180A,BLACK+WHITE NECKLACE W TASSEL,396.64,1.9316498745525916e-05,0.9902424142759696
90120A,PINK MURANO TWIST BRACELET,395.68,1.9269746429078497e-05,0.9902616840223987
84726,UNKNOWN,394.84999999999997,1.922932515548333e-05,0.9902809133475542
22869,NUMBER TILE COTTAGE GARDEN 1,393.63,1.9169910753331403e-05,0.9903000832583075
23661,MILK MAIDS MUG,393.59,1.9167962740146093e-05,0.9903192512210477
84673B,BLUE FLY SWAT,393.26,1.915189163136729e-05,0.9903384031126791
84952A,CLEAR LOVE BIRD T-LIGHT HOLDER,392.53,1.91163403907354e-05,0.9903575194530697
23116,VEGETABLE GARDEN CHOPPING BOARD,392.34000000000003,1.910708732810518e-05,0.9903766265403978
90201D,GREEN ENAMEL FLOWER RING,391.37,1.9059848008361433e-05,0.9903956863884062
90124B,BLUE MURANO TWIST NECKLACE,391.18,1.9050594945731216e-05,0.9904147369833519
84711A,SILVER OVAL SHAPE TRINKET BOX,390.95,1.9039393869915685e-05,0.9904337763772219
23150,IVORY SWEETHEART SOAP DISH,390.75000000000006,1.9029653803989142e-05,0.9904528060310258
47562,UNKNOWN,390.0,1.8993128556764595e-05,0.9904717991595826
84081,WHITE CERAMIC PARTY SET (5PCS),389.3,1.8959038326021684e-05,0.9904907581979087
16044,UNKNOWN,389.21999999999997,1.8955142299651064e-05,0.9905097133402082
23337,EGG FRYING PAN MINT,388.75,1.893225314472368e-05,0.990528645593353
84497,BUTTONS AND STRIPES NOTEBOOK,387.13,1.885335861071866e-05,0.9905474989519638
90208,PAIR OF PINK FLOWER CLUSTER SLIDE,386.83,1.8838748511828838e-05,0.9905663377004755
90158,ST TROPEZ NECKLACE,386.32,1.8813911343716147e-05,0.9905851516118193
84292,ROSE PINK METAL FOLDING CHAIR,385.98,1.879735323164102e-05,0.9906039489650509
90070,RUBY GLASS CLUSTER BRACELET,385.15000000000003,1.8756931958045856e-05,0.9906227058970088
79051A,SMOKEY GREY COLOUR GLASS,384.09999999999997,1.8705796611931487e-05,0.9906414116936209
90201A,PURPLE ENAMEL FLOWER RING,382.84000000000003,1.864443419659425e-05,0.9906600561278175
90082B,DIAMANTE BOW BROOCH RED COLOUR,380.99999999999994,1.855482559007002e-05,0.9906786109534076
16258A,SWIRLY CIRCULAR RUBBERS IN BAG,380.96999999999997,1.8553364580181044e-05,0.9906971643179877
90035B,UNKNOWN,380.89,1.8549468553810424e-05,0.9907157137865416
90184A,AMBER CHUNKY BEAD BRACELET W STRAP,380.82,1.8546059530736133e-05,0.9907342598460722
20670,VIP HOLIDAY PURSE,378.85,1.845011988135966e-05,0.9907527099659537
84533B,UNKNOWN,377.93,1.8405315578097546e-05,0.9907711152815318
20976,UNKNOWN,376.99,1.835953726824278e-05,0.9907894748188
85033G,UNKNOWN,376.05,1.8313758958388014e-05,0.9908077885777584
84429A,MEDIUM PINK BUDDHA HEAD,374.73,1.8249474523272812e-05,0.9908260380522816
84741C,UNKNOWN,374.09,1.8218306312307862e-05,0.990844256358594
84877D,UNKNOWN,373.1,1.8170092985971462e-05,0.99086242645158
84680,CLASSICAL ROSE URN,372.3,1.8131132722265276e-05,0.9908805575843022
16216,LETTER SHAPE PENCIL SHARPENER,371.64,1.8098990504707675e-05,0.9908986565748069
20906,UNKNOWN,371.19,1.8077075356372946e-05,0.9909167336501633
90134,OLD ROSE COMBO BEAD NECKLACE,370.92,1.8063926267372112e-05,0.9909347975764305
78033,FLAG OF ST GEORGE CHAIR,370.6,1.804834216188964e-05,0.9909528459185926
85026B,EAU DE NILE JEWELLED T-LIGHT HOLDER,370.1,1.8023991997073275e-05,0.9909708699105897
22870,NUMBER TILE COTTAGE GARDEN 2,369.91999999999996,1.801522593773938e-05,0.9909888851365274
79336,LIGHT PINK FLOCK GLASS CANDLEHOLDER,369.78000000000003,1.8008407891590798e-05,0.991006893544419
20663,QUEEN OF THE SKIES HOLIDAY PURSE,369.41,1.799038876962669e-05,0.9910248839331887
84760S,UNKNOWN,368.90999999999997,1.796603860481032e-05,0.9910428499717935
47504G,UNKNOWN,368.06,1.7924643324622503e-05,0.991060774615118
47503G,UNKNOWN,367.36,1.789055309387959e-05,0.9910786651682119
23575,SNACK TRAY PAISLEY PARK,367.34999999999997,1.7890066090583262e-05,0.9910965552343025
35915A,UNKNOWN,365.76,1.7812632566467223e-05,0.9911143678668689
90002D,FLOWER BURST SILVER RING CRYSTAL,365.74,1.781165855987457e-05,0.9911321795254289
84926D,LA PALMIERA TILE COASTER,365.34999999999997,1.7792665431317804e-05,0.9911499721908601
79190A,RETRO PLASTIC 70'S TRAY,364.25,1.7739095068721803e-05,0.9911677112859287
35968,check,363.34000000000003,1.769477776875602e-05,0.9911854060636975
90164B,WHITE ROSEBUD PEARL BRACELET,362.94,1.7675297636902926e-05,0.9912030813613345
23579,SNACK TRAY I LOVE LONDON,362.65,1.7661174541309434e-05,0.9912207425358758
90160A,PURPLE BOUDICCA LARGE BRACELET,362.51,1.7654356495160853e-05,0.9912383968923709
85094,CANDY SPOT EGG WARMER RABBIT,362.43,1.7650460468790236e-05,0.9912560473528398
21946,PARTY TIME DESIGN FLANNEL,358.96999999999997,1.7481957328260987e-05,0.991273529310168
84402D,UNKNOWN,358.93,1.748000931507568e-05,0.991291009319483
90036E,"FLOWER GLASS GARLD NECKL36""AMETHYST",358.87,1.747708729529772e-05,0.9913084864067784
35912B,WHITE/PINK CHICK DECORATION,358.08000000000004,1.7438614034887862e-05,0.9913259250208133
84711B,PINK OVAL SHAPE TRINKET BOX,357.71,1.742059491292375e-05,0.9913433456157261
84800M,MEDIUM WHITE/PINK ROSE ART FLOWER,357.22,1.7396731751403714e-05,0.9913607423474776
90148,LONG SILVER NECKLACE PASTEL FLOWER,356.73,1.7372868589883675e-05,0.9913781152160676
21038,SET/4 MODERN VINTAGE COTTON NAPKINS,355.48,1.7311993177842764e-05,0.9913954272092455
20799,UNKNOWN,355.33,1.7304688128397853e-05,0.9914127318973738
72487,UNKNOWN,355.05,1.729105203610069e-05,0.9914300229494099
90019A,SILVER M.O.P ORBIT BRACELET,354.59000000000003,1.7268649884469635e-05,0.9914472915992943
90082A,DIAMANTE BOW BROOCH GREEN COLOUR,353.71,1.722579359439283e-05,0.9914645173928888
90013C,GREEN VINTAGE EARRINGS,353.55,1.7218001541651596e-05,0.9914817353944303
23420,PANTRY HOOK TEA STRAINER,353.45,1.721313150868832e-05,0.9914989485259391
20950,UNKNOWN,353.39,1.7210209488910356e-05,0.9915161587354279
23421,PANTRY HOOK SPATULA,353.36,1.7208748479021375e-05,0.9915333674839071
84802A,WHITE ANEMONE ARTIFICIAL FLOWER,353.21000000000004,1.7201443429576468e-05,0.9915505689273365
22039,BOTANICAL LILY GIFT WRAP,353.0,1.7191216360353592e-05,0.9915677601436969
84898F,UNKNOWN,352.75,1.717904127794541e-05,0.9915849391849748
46000R,POLYESTER FILLER PAD 45x30cm,352.34999999999997,1.7159561146092317e-05,0.9916020987461209
84249D,UNKNOWN,352.34,1.715907414279599e-05,0.9916192578202637
84809B,damaged,351.6,1.7123035898867773e-05,0.9916363808561627
90201C,RED ENAMEL FLOWER RING,350.94000000000005,1.7090893681310172e-05,0.9916534717498439
90161A,ANT COPPER RED BOUDICCA BRACELET,349.96000000000004,1.7043167358270098e-05,0.9916705149172022
82011B,BATHROOM SCALES RUBBER DUCKS,348.8,1.698667497589613e-05,0.9916875015921781
84535A,UNKNOWN,346.93,1.6895605359482926e-05,0.9917043971975376
22257,FELT FARM ANIMAL SHEEP,346.73,1.688586529355638e-05,0.9917212830628311
23015,CORDIAL GLASS JUG,346.63,1.6880995260593104e-05,0.9917381640580917
84801B,WHITE HYDRANGEA ART FLOWER,345.00000000000006,1.6801613723291758e-05,0.991754965671815
35004c,SET OF 3 COLOURED FLYING DUCKS,343.72,1.6739277301361862e-05,0.9917717049491163
90014B,GOLD M.O.P. ORBIT NECKLACE,343.65999999999997,1.6736355281583897e-05,0.9917884413043979
35833P,check,343.42,1.6724667202472044e-05,0.9918051659716004
21306,SET/4 DAISY MIRROR MAGNETS,343.09,1.6708596093693242e-05,0.9918218745676941
84881,BLUE WIRE SPIRAL CANDLE HOLDER,342.94,1.670129104424833e-05,0.9918385758587385
20940,UNKNOWN,342.75,1.6692037981618114e-05,0.9918552678967201
90191,SILVER LARIAT 40CM,342.6,1.6684732932173207e-05,0.9918719526296521
72811,SMALL ZINC/GLASS CANDLEHOLDER,340.45,1.6580027223462834e-05,0.9918885326568756
75149N,UNKNOWN,340.0,1.655811207512811e-05,0.9919050907689507
79303B,UNKNOWN,339.57,1.653717093338603e-05,0.991921627939884
84925A,UNKNOWN,339.28999999999996,1.6523534841088868e-05,0.9919381514747251
21420,OYSTER TRINKET BOX,338.66,1.649285363342025e-05,0.9919546443283586
35914,UNKNOWN,337.43,1.643295222797199e-05,0.9919710772805866
84576,damaged,337.04,1.6413959099415227e-05,0.9919874912396861
17011F,ORIGAMI SANDLEWOOD INCENSE+FLOWER,336.20000000000005,1.6373050822523735e-05,0.9920038642905086
22889,NUMBER TILE VINTAGE FONT No,335.52,1.633993459837348e-05,0.992020204225107
90178A,AMBER CHUNKY GLASS+BEAD NECKLACE,334.36,1.6283442215999513e-05,0.9920364876673229
20847,ZINC HEART LATTICE CHARGER LARGE,334.35,1.6282955212703187e-05,0.9920527706225356
17109A,UNKNOWN,333.61,1.6246916968774966e-05,0.9920690175395044
23047,PAPER LANTERN 5 POINT SEQUIN STAR,333.5,1.6241559932515365e-05,0.9920852590994369
21402,RED EGG SPOON,333.42,1.6237663906144745e-05,0.9921014967633431
90175C,BLUE GLASS CHUNKY CHARM BRACELET,332.95,1.621477475121736e-05,0.9921177115380944
20688,BEAUTY SPEED EXPRESSO CUPS,332.9,1.6212339734735725e-05,0.992133923877829
47583B,UNKNOWN,332.59999999999997,1.6197729635845904e-05,0.9921501216074649
85089,CANDY SPOT BUNNY,332.29,1.6182632533659763e-05,0.9921663042399985
35637C,PINK STRING CURTAIN WITH POLE,331.14,1.612662715458212e-05,0.9921824308671532
85024B,EAU DE NILE JEWELLED PHOTOFRAME,330.9,1.6114939075470267e-05,0.9921985458062286
84870C,GREEN GEISHA GIRL,330.36,1.6088640897468592e-05,0.992214634447126
35921,EASTER BUNNY HANGING GARLAND,330.32,1.6086692884283282e-05,0.9922307211400103
22878,NUMBER TILE COTTAGE GARDEN No,330.26,1.608377086450532e-05,0.9922468049108748
90129B,TURQUOISE GLASS TASSLE BAG CHARM,329.95000000000005,1.6068673762319177e-05,0.9922628735846372
37467,UNKNOWN,328.51,1.599854528764804e-05,0.9922788721299248
72739B,UNKNOWN,328.39,1.5992701248092114e-05,0.9922948648311728
21722,SWEET PUDDING STICKER SHEET,327.75,1.596153303712717e-05,0.99231082636421
84902,UNKNOWN,326.33,1.589237856904869e-05,0.9923267187427791
84706A,UNKNOWN,325.88,1.5870463420713962e-05,0.9923425892061998
21309,LOUVRE CHALKBOARD,325.6,1.58568273284168e-05,0.9923584460335282
90209A,PURPLE ENAMEL+GLASS HAIR COMB,325.5,1.5851957295453527e-05,0.9923742979908237
90018A,SILVER M.O.P ORBIT DROP EARRINGS,325.49,1.5851470292157198e-05,0.9923901494611158
23037,CANDLE HOLDER SILVER MADELINE,325.15999999999997,1.5835399183378396e-05,0.9924059848602992
17091B,JASMINE TEA INCENSE IN TIN,324.48,1.5802282959228143e-05,0.9924217871432583
23478,WOODLAND LARGE PINK FELT HEART,324.40000000000003,1.5798386932857523e-05,0.9924375855301911
84509E,SET OF 4 CAROUSEL PLACEMATS,323.36,1.5747738590039484e-05,0.9924533332687814
23695,DOILY THANK YOU CARD,323.32,1.5745790576854174e-05,0.9924690790593582
90175B,PINK GLASS CHUNKY CHARM BRACELET,322.84999999999997,1.572290142192679e-05,0.99248480196078
84870B,BLUE GEISHA GIRL,322.61,1.5711213342814937e-05,0.9925005131741228
90197B,BLACK GLASS BRACELET W HEART CHARMS,322.52000000000004,1.5706830313147995e-05,0.992516220004436
85131C,BEADED CRYSTAL HEART BLUE ON STICK,321.4,1.5652285943959332e-05,0.9925318722903801
85070,for show,320.0,1.5584105482473513e-05,0.9925474563958625
85033S,UNKNOWN,319.95,1.5581670465991874e-05,0.9925630380663285
84795b,SUNSET CHECK HAMMOCK,317.71999999999997,1.5473068730910888e-05,0.9925785111350593
84933C,UNKNOWN,317.0,1.5438004493575322e-05,0.9925939491395529
84673A,PINK FLY SWAT,316.14000000000004,1.5396122210091178e-05,0.992609345261763
21401,BLUE PUDDING SPOON,315.7,1.5374694065052775e-05,0.992624719955828
85129B,BEADED CRYSTAL HEART GREEN SMALL,315.11,1.5345960870569464e-05,0.9926400659166987
84933A,UNKNOWN,314.35,1.530894862004859e-05,0.9926553748653187
18096C,WHITE ROUND PORCELAIN TLIGHT HOLDER,314.0,1.5291903504677134e-05,0.9926706667688233
46000U,POLYESTER FILLER PAD 30CMx30CM,313.75,1.5279728422268952e-05,0.9926859464972456
90000D,COPPER/OLIVE GREEN FLOWER NECKLACE,313.75,1.5279728422268952e-05,0.9927012262256679
35638B,PINK/BLUE STRING CURTAIN,313.28999999999996,1.5257326270637894e-05,0.9927164835519385
84838,UNKNOWN,312.5,1.5218853010228039e-05,0.9927317024049487
90016B,GOLD/M.O.P PENDANT ORBIT NECKLACE,312.14,1.5201320891560256e-05,0.9927469037258403
84671B,UNKNOWN,311.87,1.518817180255942e-05,0.992762091897643
84522,PINK PARTY SUNGLASSES,311.86,1.5187684799263093e-05,0.9927772795824422
84219,UNKNOWN,311.51,1.5170639683891637e-05,0.9927924502221261
90098,NECKLACE+BRACELET PINK BUTTERFLY,311.47999999999996,1.5169178674002653e-05,0.9928076194008002
22872,NUMBER TILE COTTAGE GARDEN 4,311.3,1.5160412614668765e-05,0.9928227798134147
35979,UNKNOWN,311.03000000000003,1.5147263525667929e-05,0.9928379270769404
62095B,UNKNOWN,310.83,1.513752345974138e-05,0.9928530646004002
84623,UNKNOWN,310.44,1.5118530331184617e-05,0.9928681831307313
84933B,UNKNOWN,309.15000000000003,1.5055706905958397e-05,0.9928832388376374
84661A,WHITE SQUARE TABLE CLOCK,308.99,1.5047914853217159e-05,0.9928982867524905
17012E,ORIGAMI OPIUM INCENSE/CANDLE SET,308.78999999999996,1.503817478729061e-05,0.9929133249272778
20795,LARGE BLUE PROVENCAL CERAMIC BALL,308.7,1.5033791757623667e-05,0.9929283587190354
21196,ROUND WHITE CONFETTI IN TUBE,308.53999999999996,1.5025999704882428e-05,0.9929433847187403
77081,UNKNOWN,308.38,1.5018207652141193e-05,0.9929584029263925
84906,PINK BUTTERFLY CUSHION COVER,307.47,1.497389035217541e-05,0.9929733768167446
47593A,UNKNOWN,306.67,1.4934930088469226e-05,0.9929883117468331
23495,SET OF 3 PANTRY WOODEN SPOONS,306.66,1.49344430851729e-05,0.9930032461899183
90173,PAIR BUTTERFLY HAIR CLIPS,306.64,1.4933469078580243e-05,0.993018179658997
72130,COLUMBIAN CANDLE ROUND,306.35,1.4919345982986752e-05,0.9930330990049798
16254,TRANSPARENT ACRYLIC TAPE DISPENSER,305.65999999999997,1.4885742755540167e-05,0.9930479847477354
44235,ASSORTED COLOURED CIRCLE MOBILE,305.09999999999997,1.4858470570945838e-05,0.9930628432183064
20800,UNKNOWN,303.96,1.4802952195164527e-05,0.9930776461705015
84627,UNKNOWN,303.45,1.4778115027051835e-05,0.9930924242855286
21030,SPACE CADET RED,303.4,1.4775680010570197e-05,0.9931071999655391
72753D,S/3 FLWR FAIRY SUMMER CANDLES,302.40000000000003,1.4726979680937471e-05,0.9931219269452202
90036D,"FLOWER GLASS GARLAND NECKL.36""BLACK",302.29,1.472162264467787e-05,0.9931366485678648
85147,UNKNOWN,301.95,1.470506453260274e-05,0.9931513536323974
23430,BLUE RETRO KITCHEN WALL CLOCK,301.88,1.470165550952845e-05,0.9931660552879068
35645,VINTAGE BEAD PINK JEWEL BOX,301.81,1.469824648645416e-05,0.9931807535343934
21321,UNKNOWN,301.8,1.4697759483157832e-05,0.9931954512938764
90035C,"PEARL & SHELL 42""NECKL. IVORY",301.0,1.4658799219451647e-05,0.9932101100930959
22954,HEN PARTY CORDON BARRIER TAPE,300.14,1.46169169359675e-05,0.9932247270100318
84800S,SMALL WHITE/PINK ROSE ART FLOWER,299.54,1.4587696738187863e-05,0.99323931470677
23440,PAINT YOUR OWN EGGS IN CRATE,299.36,1.4578930678853972e-05,0.993253893637449
17001,HEAVENS SCENT FRAGRANCE OILS ASSTD,299.34999999999997,1.4578443675557643e-05,0.9932684720811245
90124A,PINK MURANO TWIST NECKLACE,299.28,1.4575034652483352e-05,0.993283047115777
35981C,UNKNOWN,298.0,1.4512698230553458e-05,0.9932975598140076
47471,RAINBOW PEGS PHOTO CLIP STRING,297.67,1.4496627121774659e-05,0.9933120564411292
84247N,PACK/12 BLUE FOLKART CARDS,297.48,1.448737405914444e-05,0.9933265438151884
84882,GREEN WIRE STANDING CANDLE HOLDER,296.93,1.4460588877846438e-05,0.9933410044040663
84482,UNKNOWN,296.77,1.44527968251052e-05,0.9933554572008915
79190D,RETRO PLASTIC DAISY TRAY,296.58,1.4443543762474982e-05,0.9933699007446539
20869,GOLD FABRIC MIRROR,296.37,1.443331669325211e-05,0.9933843340613472
35920,UNKNOWN,296.34,1.4431855683363126e-05,0.9933987659170306
16202A,PASTEL PINK PHOTO ALBUM,296.0,1.4415297571288e-05,0.9934131812146019
DCGSSGIRL,GIRLS PARTY BAG,295.63,1.4397278449323889e-05,0.9934275784930511
90129A,PINK GLASS TASSLE BAG CHARM,295.38,1.4385103366915706e-05,0.993441963596418
21697,UNKNOWN,295.08,1.4370493268025887e-05,0.993456334089686
21388,UNKNOWN,293.57,1.4296955770280465e-05,0.9934706310454564
90185D,CRYSTAL DIAMANTE EXPANDABLE RING,293.33,1.428526769116861e-05,0.9934849163131475
84926A,WAKE UP COCKEREL TILE COASTER,293.08,1.4273092608760428e-05,0.9934991894057563
16212,UNKNOWN,292.86,1.4262378536241228e-05,0.9935134517842925
72801F,UNKNOWN,292.5,1.4244846417573445e-05,0.99352769663071
37422,UNKNOWN,292.08,1.4224392279127697e-05,0.9935419210229891
90030B,RED KUKUI COCONUT SEED NECKLACE,292.08,1.4224392279127697e-05,0.9935561454152684
23567,EGG CUP HENRIETTA HEN PINK,291.58,1.4200042114311333e-05,0.9935703454573825
84529A,UNKNOWN,290.78,1.4161081850605148e-05,0.9935845065392332
20826,UNKNOWN,290.72,1.4158159830827188e-05,0.993598664699064
23410,CURIO CABINET LINEN AND LACE,290.1,1.4127965626454895e-05,0.9936127926646905
22871,NUMBER TILE COTTAGE GARDEN 3,289.39,1.4093388392415655e-05,0.993626886053083
72812,LARGE ZINC GLASS CANDLEHOLDER,288.46000000000004,1.4048097085857218e-05,0.9936409341501687
20987,UNKNOWN,288.35,1.4042740049597617e-05,0.9936549768902184
47578A,ENGLISH ROSE SMALL SCENTED FLOWER,287.53,1.4002805779298776e-05,0.9936689796959978
21144,UNKNOWN,287.47,1.3999883759520816e-05,0.9936829795797572
20821,GOLDIE LOOKING MIRROR,286.42,1.394874841340645e-05,0.9936969283281707
90014C,SILVER AND BLACK ORBIT NECKLACE,284.68,1.38640098398455e-05,0.9937107923380105
37413,ICON MUG REVOLUTIONARY,284.49,1.385475677721528e-05,0.9937246470947877
90185B,AMETHYST DIAMANTE EXPANDABLE RING,284.43,1.3851834757437317e-05,0.9937384989295451
82093,UNKNOWN,283.49,1.3806056447582551e-05,0.9937523049859928
84977,UNKNOWN,282.58,1.3761739147616766e-05,0.9937660667251403
84508C,check,282.37,1.3751512078393894e-05,0.9937798182372187
20980,UNKNOWN,282.31,1.3748590058615929e-05,0.9937935668272773
85049g,CHOCOLATE BOX RIBBONS,281.44,1.3706220771835453e-05,0.9938072730480492
16052,UNKNOWN,281.32,1.3700376732279527e-05,0.9938209734247815
23481,PEARLISED IVORY HEART SMALL,281.17,1.3693071682834618e-05,0.9938346664964642
90163A,PINK ROSEBUD & PEARL NECKLACE,280.71,1.367066953120356e-05,0.9938483371659955
84457,SET/3 RABBITS FLOWER SKIPPPING ROPE,280.43,1.3657033438906398e-05,0.9938619941994343
84192,ASSORTED COLOUR METAL CAT,279.85,1.3628787247719415e-05,0.9938756229866822
21412,UNKNOWN,279.84,1.3628300244423086e-05,0.9938892512869266
84926F,PSYCHEDELIC TILE COASTER,279.15,1.3594697016976503e-05,0.9939028459839435
72739C,UNKNOWN,279.08,1.3591287993902212e-05,0.9939164372719375
84625B,Damaged,279.0,1.3587391967531594e-05,0.993930024663905
90115,SUMMER BUTTERFLIES BAG CHARM,278.96,1.3585443954346284e-05,0.9939436101078593
90122A,PINK CRYSTAL+GLASS BRACELET,278.84000000000003,1.3579599914790359e-05,0.993957189707774
21367,MIRRORED WALL ART GENTS,278.48,1.3562067796122576e-05,0.9939707517755701
35096A,UNKNOWN,277.49,1.3513854469786172e-05,0.99398426563004
90146,FINE SILVER NECKLACE W PASTEL FLOWE,276.49,1.3465154140153443e-05,0.9939977307841801
75178,ASSTD COL BUTTERFLY/CRYSTAL W/CHIME,276.43,1.3462232120375478e-05,0.9940111930163005
84966C,GREEN KASHMIRI BOXED MIRROR,276.0,1.3441290978633404e-05,0.994024634307279
DCGS0076,SUNJAR LED NIGHT NIGHT LIGHT,275.96,1.3439342965448094e-05,0.9940380736502445
23137,ZINC WIRE SWEETHEART LETTER TRAY,275.62,1.3422784853372968e-05,0.994051496435098
47586A,PINK FAIRY CAKE CUSHION COVER,275.53,1.341840182370602e-05,0.9940649148369216
90085,CRYSTAL STILETTO PHONE CHARM,275.53,1.341840182370602e-05,0.9940783332387454
21095,UNKNOWN,274.57,1.3371649507258601e-05,0.9940917048882526
84924F,PSYCHEDELIC METAL SIGN CALENDAR,274.55,1.3370675500665948e-05,0.9941050755637534
21193,UNKNOWN,274.37,1.3361909441332054e-05,0.9941184374731947
84927F,PSYCHEDELIC TILE HOOK,273.32,1.3310774095217688e-05,0.9941317482472898
23141,TRIPLE WIRE HOOK PINK HEART,272.91,1.329080696006827e-05,0.9941450390542499
84924D,LA PALMIERA METAL SIGN CALENDAR,272.61,1.327619686117845e-05,0.9941583152511112
79303D,LILAC FLOWER BLOCK TABLE LAMP,272.45,1.3268404808437214e-05,0.9941715836559196
22868,NUMBER TILE COTTAGE GARDEN 0,272.33,1.3262560768881286e-05,0.9941848462166883
84499,UNKNOWN,272.16999999999996,1.3254768716140048e-05,0.9941981009854046
22874,NUMBER TILE COTTAGE GARDEN 6,272.02,1.3247463666695139e-05,0.9942113484490712
90185C,BLACK DIAMANTE EXPANDABLE RING,271.96,1.3244541646917175e-05,0.9942245929907182
90032,IVORY SHELL HEART NECKLACE,271.88,1.3240645620546557e-05,0.9942378336363388
22877,NUMBER TILE COTTAGE GARDEN 9,271.64,1.3228957541434702e-05,0.9942510625938802
23474,WOODLAND SMALL BLUE FELT HEART,270.96,1.3195841317284446e-05,0.9942642584351975
47351B,BLUE VOILE LAMPSHADE,269.90000000000003,1.3144218967873755e-05,0.9942774026541653
47591A,UNKNOWN,269.53999999999996,1.3126686849205969e-05,0.9942905293410145
85195,UNKNOWN,269.44,1.3121816816242697e-05,0.9943036511578308
90122C,TURQUOISE CRYSTAL+GLASS BRACELET,269.1,1.3105258704167571e-05,0.9943167564165348
72793,UNKNOWN,268.75,1.3088213588796114e-05,0.9943298446301236
20818,GOLD TEDDY BEAR,268.5,1.3076038506387931e-05,0.9943429206686301
22875,NUMBER TILE COTTAGE GARDEN 7,268.34999999999997,1.306873345694302e-05,0.994355989402087
90157,RIVIERA NECKLACE,268.23,1.3062889417387096e-05,0.9943690522915044
21372,MIRRORED WALL ART TABLE LAMP,267.01,1.3003475015235163e-05,0.9943820557665196
47481,50CM METAL STRING WITH 7 CLIPS,266.25,1.296646276471429e-05,0.9943950222292843
21032,SPACE CADET WHITE,265.91,1.2949904652639162e-05,0.994407972133937
44234,ASSORTED CIRCULAR MOBILE,265.84999999999997,1.2946982632861196e-05,0.9944209191165699
23476,WOODLAND LARGE RED FELT HEART,264.72,1.2891951260376214e-05,0.9944338110678302
21950,UNKNOWN,263.63,1.2838867901076537e-05,0.9944466499357314
90129E,PURPLE GLASS TASSLE BAG CHARM,263.14,1.28150047395565e-05,0.9944594649404708
22873,NUMBER TILE COTTAGE GARDEN 5,262.5,1.2783836528591552e-05,0.9944722487769994
84806A,PINK CANDYSTUFT ARTIFICIAL FLOWER,261.90999999999997,1.275510333410824e-05,0.9944850038803336
21268,VINTAGE BLUE TINSEL REEL,261.66,1.2742928251700061e-05,0.9944977468085853
79328,UNKNOWN,260.76,1.2699097955030604e-05,0.9945104459065404
72799D,BLUE PILLAR CANDLE SILVER FLOCK,260.67,1.2694714925363658e-05,0.9945231406214656
84597B,damages,259.37,1.2631404496841109e-05,0.9945357720259626
85095,THREE CANVAS LUGGAGE TAGS,259.09,1.2617768404543944e-05,0.994548389794367
84613C,UNKNOWN,258.06,1.2567607065022234e-05,0.9945609574014321
90035A,"PEARL & SHELL 42""NECKL. GREEN",257.55,1.2542769896909542e-05,0.994573500171329
84520b,PACK 20 ENGLISH ROSE PAPER NAPKINS,257.4,1.2535464847464631e-05,0.9945860356361765
85179C,PINK BITTY LIGHT CHAIN,257.15,1.2523289765056449e-05,0.9945985589259415
84371,UNKNOWN,257.1,1.2520854748574813e-05,0.9946110797806902
10123C,UNKNOWN,256.36,1.2484816504646594e-05,0.9946235645971948
90040B,MURANO STYLE GLASS BRACELET BLACK,255.97,1.2465823376089828e-05,0.9946360304205708
22882,NUMBER TILE VINTAGE FONT 3,255.07999999999998,1.2422480082716698e-05,0.9946484529006536
72801d,4 SKY BLUE DINNER CANDLES,254.98,1.2417610049753425e-05,0.9946608705107034
17038,PORCELAIN BUDAH INCENSE HOLDER,254.51000000000002,1.2394720894826044e-05,0.994673265231598
85232b,SET OF 3 BABUSHKA STACKING TINS,254.47,1.2392772881640734e-05,0.9946856580044798
84461,12 PINK HEN+CHICKS IN BASKET,253.79,1.2359656657490476e-05,0.9946980176611373
gift_0001_50,Dotcomgiftshop Gift Voucher £50.00,253.59,1.2349916591563932e-05,0.9947103675777289
90028,NEW BAROQUE LARGE NECKLACE BLK/WHIT,253.29,1.2335306492674112e-05,0.9947227028842215
21493,UNKNOWN,252.45,1.2294398215782619e-05,0.9947349972824372
79338,UNKNOWN,252.29000000000002,1.2286606163041384e-05,0.9947472838886002
22876,NUMBER TILE COTTAGE GARDEN 8,252.22,1.2283197139967092e-05,0.9947595670857403
21370,MIRRORED WALL ART FOXY,251.97,1.227102205755891e-05,0.9947718381077978
23149,ANTIQUE IVORY WIRE BOWL SMALL,251.45000000000002,1.224569788614989e-05,0.994784083805684
DCGSSBOY,BOYS PARTY BAG,251.35,1.2240827853186616e-05,0.9947963246335372
90081C,LILY BROOCH OLIVE COLOUR,250.47,1.2197971563109814e-05,0.9948085226051002
90073,VINTAGE ENAMEL & CRYSTAL EARRINGS,250.34,1.219164052025756e-05,0.9948207142456205
47503H,ASS FLORAL PRINT SPIRIT LEVEL,250.01999999999998,1.2176056414775085e-05,0.9948328903020353
20836,FRENCH PAISLEY CUSHION COVER,250.0,1.2175082408182432e-05,0.9948450653844434
21460,GREEN EASTER EGG HUNT START POST,249.64999999999998,1.2158037292810974e-05,0.9948572234217363
90170,DAISY HAIR BAND,249.57999999999998,1.2154628269736684e-05,0.994869378050006
90087,CRYSTAL SEA HORSE PHONE CHARM,249.55999999999997,1.2153654263144029e-05,0.9948815317042693
46307,ROSES BLUE BASE CUSHION COVER,249.33,1.2142453187328503e-05,0.9948936741574566
84030c,KNITTED RAINBOW HOT WATER BOTTLE,248.0,1.2077681748916971e-05,0.9949057518392055
90081A,LILY BROOCH AMETHYST COLOUR,247.75000000000003,1.2065506666508791e-05,0.9949178173458719
23465,TUSCAN VILLA BIRD FEEDER,247.63,1.2059662626952863e-05,0.9949298770084989
84621,UNKNOWN,247.26,1.2041643504988752e-05,0.9949419186520039
90036C,"FLOWER GLASS GARLAND NECKL.36""BLUE",246.83,1.2020702363246678e-05,0.994953939354367
82011A,"BATHROOM SCALES, TROPICAL BEACH",246.58,1.2008527280838496e-05,0.994965947881648
90119,METALIC LEAVES BAG CHARMS,245.62,1.1961774964391075e-05,0.9949779096566125
84993B,75 BLACK PETIT FOUR CASES,244.08,1.1886776456756673e-05,0.9949897964330691
90096,NECKLACE+BRACELET SET BLUE BLOSSOM,243.60999999999999,1.1863887301829287e-05,0.995001660320371
90129C,GREEN GLASS TASSLE BAG CHARM,243.38,1.185268622601376e-05,0.995013513006597
35818P,"ACRYLIC JEWEL ICICLE, PINK",243.29,1.1848303196346814e-05,0.9950253613097934
90196A,PURPLE GEMSTONE NECKLACE 45CM,242.25,1.1797654853528777e-05,0.9950371589646468
23475,WOODLAND SMALL PINK FELT HEART,242.17999999999998,1.1794245830454484e-05,0.9950489532104774
90196B,BLACK GEMSTONE NECKLACE 45CM,241.98,1.178450576452794e-05,0.9950607377162419
23143,ZINC WIRE KITCHEN ORGANISER,239.97,1.1686618101966152e-05,0.9950724243343438
20855,UNKNOWN,239.24999999999997,1.1651553864630585e-05,0.9950840758882085
90210D,PURPLE ACRYLIC FACETED BANGLE,238.68,1.1623794676739932e-05,0.9950956996828851
84629,WHITE 3 FRAME BIRDS AND TREE,237.8,1.1580938386663129e-05,0.9951072806212719
82553,UNKNOWN,237.73,1.1577529363588837e-05,0.9951188581506355
37508,UNKNOWN,237.21999999999997,1.1552692195476144e-05,0.9951304108428308
82585,UNKNOWN,237.15,1.1549283172401855e-05,0.9951419601260034
23580,SNACK TRAY HAPPY FOREST,236.87,1.153564708010469e-05,0.9951534957730833
90133,TEAL/FUSCHIA COL BEAD NECKLACE,236.46,1.1515679944955272e-05,0.9951650114530284
84247K,"FOLK ART GREETING CARD,pack/12",236.43000000000004,1.1514218935066291e-05,0.9951765256719635
44217M,MULTICOLOUR FEATHERS CURTAIN,236.40000000000003,1.1512757925177308e-05,0.9951880384298887
20891,UNKNOWN,236.32999999999998,1.1509348902103016e-05,0.9951995477787907
37483,ENGLISH ROSE MUG IN GIFT BOX,235.44,1.1466005608729887e-05,0.9952110137843995
90210B,CLEAR ACRYLIC FACETED BANGLE,234.99,1.1444090460395159e-05,0.9952224578748599
20736,PINK MINI TAPE MEASURE,234.35,1.141292224943021e-05,0.9952338707971093
84796a,PINK HAWAIIAN PICNIC HAMPER FOR 2,234.28,1.140951322635592e-05,0.9952452803103355
22880,NUMBER TILE VINTAGE FONT 1,234.17,1.140415619009632e-05,0.9952566844665257
84660c,PINK STITCHED WALL CLOCK,233.98,1.13949031274661e-05,0.9952680793696532
23036,T-LIGHT HOLDER SILVER PETIT FOUR,233.67,1.1379806025279955e-05,0.9952794591756784
90185A,AMBER DIAMANTE EXPANDABLE RING,233.29,1.1361299900019518e-05,0.9952908204755786
84797b,BLUE SAVANNAH PICNIC HAMPER FOR 4,232.62,1.132867067916559e-05,0.9953021491462576
35991,UNKNOWN,232.5,1.1322826639609661e-05,0.9953134719728972
16256B,UNKNOWN,232.35,1.1315521590164752e-05,0.9953247874944875
23447,PINK BUNNY EASTER EGG BASKET,231.89999999999998,1.1293606441830022e-05,0.9953360811009292
21226,POCKET MIRROR WOODLAND,231.79999999999998,1.128873640886675e-05,0.9953473698373381
90181B,AMETHYST GLASS/SHELL/PEARL NECKLACE,231.27,1.1262925234161405e-05,0.9953586327625723
16202C,UNKNOWN,230.59,1.1229809010011149e-05,0.9953698625715822
90164A,PINK ROSEBUD PEARL BRACELET,230.39,1.12200689440846e-05,0.9953810826405264
23446,BLUE BUNNY EASTER EGG BASKET,230.24999999999997,1.1213250897936019e-05,0.9953922958914243
72781,UNKNOWN,229.50000000000003,1.1176725650711474e-05,0.9954034726170751
90122B,JADE CRYSTAL+GLASS BRACELET,228.99,1.115188848259878e-05,0.9954146245055575
21639,UNKNOWN,228.64999999999998,1.1135330370523652e-05,0.9954257598359282
90199B,5 STRAND GLASS NECKLACE AMETHYST,228.60999999999999,1.1133382357338342e-05,0.9954368932182854
17084P,DRAGONS BLOOD INCENSE,228.0,1.1103675156262378e-05,0.9954479968934418
90090,PINK CRYSTAL HEART PHONE CHARM,227.72,1.1090039063965213e-05,0.9954590869325056
35809B,UNKNOWN,227.54000000000002,1.1081273004631323e-05,0.9954701682055104
71028B,UNKNOWN,227.48000000000002,1.1078350984853358e-05,0.9954812465564951
84705C,PINK FLOCK PHOTO FRAME,227.33,1.107104593540845e-05,0.9954923176024306
72750D,UNKNOWN,226.5,1.1030624661813282e-05,0.9955033482270924
23003,Printing smudges/thrown away,226.2,1.1016014562923464e-05,0.9955143642416553
90003D,CRYSTAL PAIR HEART HAIR SLIDES,226.17,1.1014553553034482e-05,0.9955253787952084
90155,RESIN NECKLACE W PASTEL BEADS,226.16,1.1014066549738154e-05,0.9955363928617582
84966A,UNKNOWN,225.95,1.1003839480515282e-05,0.9955473967012387
90116,FRUIT SALAD BAG CHARM,225.52,1.0982898338773208e-05,0.9955583795995774
21369,MIRRORED WALL ART SPLODGES,225.36,1.0975106286031972e-05,0.9955693547058634
TEST001,This is a test product.,225.0,1.0957574167364189e-05,0.9955803122800307
90186A,AMETHYST HOOP EARRING FLORAL LEAF,224.38000000000002,1.0927379962991897e-05,0.9955912396599937
84927E,UNKNOWN,224.31,1.0923970939917605e-05,0.9956021636309338
35597B,BLACKCHRISTMAS TREE 30CM,224.1,1.091374387069473e-05,0.9956130773748043
90125D,PURPLE BERTIE GLASS BEAD BAG CHARM,223.74,1.089621175202695e-05,0.9956239735865565
84690,S/2 BEACH HUT STOOLS,222.6,1.0840693376245637e-05,0.9956348142799326
16258B,UNKNOWN,221.48,1.078614900705698e-05,0.9956456004289397
17011C,UNKNOWN,221.4,1.0782252980686361e-05,0.9956563826819205
21102,UNKNOWN,221.07999999999998,1.0766668875203886e-05,0.9956671493507956
17013B,UNKNOWN,221.03,1.0764233858722252e-05,0.9956779135846544
72807b,SET/3 OCEAN SCENT CANDLE JEWEL BOX,220.94,1.0759850829055305e-05,0.9956886734354833
90024B,NEW BAROQUE B'FLY NECKLACE RED,220.74,1.075011076312876e-05,0.9956994235462465
35833G,damages,220.66,1.0746214736758142e-05,0.9957101697609834
62086A,PINK RETRO BIG FLOWER BAG,220.35,1.0731117634571994e-05,0.9957209008786178
90124C,GREEN MURANO TWIST NECKLACE,220.20999999999998,1.0724299588423413e-05,0.9957316251782062
90123A,PINK HEART OF GLASS BRACELET,220.02,1.0715046525793196e-05,0.995742340224732
72225D,UNKNOWN,219.45999999999998,1.0687774341198864e-05,0.9957530279990733
85168A,WHITE BAROQUE CARRIAGE CLOCK,218.89999999999998,1.0660502156604536e-05,0.99576368850123
90058A,CRYSTAL STUD EARRINGS CLEAR DISPLAY,218.88,1.0659528150011883e-05,0.9957743480293799
22881,NUMBER TILE VINTAGE FONT 2,218.82,1.0656606130233918e-05,0.9957850046355102
22884,NUMBER TILE VINTAGE FONT 5,217.26,1.058063361600686e-05,0.995795585269126
90005A,JADE GREEN ENAMEL HAIR COMB,216.87,1.0561640487450095e-05,0.9958061469096136
35817P,thrown away,216.7,1.0553361431412531e-05,0.995816700271045
84725,FREESTYLE CANVAS ART PICTURE,216.49999999999997,1.0543621365485985e-05,0.9958272438924104
35793,UNKNOWN,216.33,1.0535342309448422e-05,0.9958377792347199
37492A,YELLOW RED FLOWER PIGGY BANK,216.07,1.0522680223743911e-05,0.9958483019149438
84807,damages,215.93,1.051586217759533e-05,0.9958588177771214
90036A,FLOWER GARLAND NECKLACE RED,215.76000000000002,1.0507583121557767e-05,0.9958693253602428
84247C,UNKNOWN,215.35000000000002,1.0487615986408348e-05,0.9958798129762293
21368,MIRRORED WALL ART LADIES,215.34,1.0487128983112019e-05,0.9958903001052124
21543,UNKNOWN,215.0,1.0470570871036891e-05,0.9959007706760834
48179,UNKNOWN,214.47,1.0444759696331544e-05,0.9959112154357797
51012C,"FEATHER DUSTER, COAL BLACK",213.75,1.040969545899598e-05,0.9959216251312387
90214A,"LETTER ""A"" BLING KEY RING",213.65,1.0404825426032706e-05,0.9959320299566649
90019C,SILVER BLACK ORBIT BRACELET,213.38,1.0391676337031869e-05,0.9959424216330018
16201A,PASTEL PINK PHOTO ALBUM,213.37,1.0391189333735541e-05,0.9959528128223356
21400,RED PUDDING SPOON,213.07,1.0376579234845723e-05,0.9959631894015705
22883,NUMBER TILE VINTAGE FONT 4,213.04999999999998,1.0375605228253068e-05,0.9959735650067986
84805A,CREAM CLIMBING HYDRANGA ART FLOWER,212.85,1.0365865162326522e-05,0.9959839308719609
47574B,UNKNOWN,212.5,1.0348820046955066e-05,0.9959942796920079
85039a,SET/4 RED MINI ROSE CANDLE IN BOWL,212.45,1.034638503047343e-05,0.9960046260770383
84313A,PINK TV TRAY TABLE,212.42000000000002,1.034492402058445e-05,0.9960149710010591
84927D,UNKNOWN,211.68,1.0308885776656228e-05,0.9960252798868356
47343A,UNKNOWN,210.73,1.0262620463505135e-05,0.9960355425072992
90210A,GREY ACRYLIC FACETED BANGLE,210.29,1.0241192318466734e-05,0.9960457836996176
22885,NUMBER TILE VINTAGE FONT 6,210.26,1.0239731308577751e-05,0.9960560234309261
20827,damages,209.36,1.0195901011908297e-05,0.9960662193319382
20814,UNKNOWN,208.89000000000001,1.0173011856980913e-05,0.996076392343795
84706F,RED PEONY TABLE CLOCK,208.29999999999998,1.01442786624976e-05,0.9960865366224575
90211B,JET BLACK LAS VEGAS NECKLACE 45CM,208.21,1.0139895632830657e-05,0.9960966765180904
90056,CHUNKY CRACKED GLAZE NECKLACE IVORY,207.94,1.012674654382982e-05,0.9961068032646343
90016A,SILVER/M.O.P PENDANT ORBIT NECKLACE,207.86,1.0122850517459201e-05,0.9961169261151517
37485,UNKNOWN,207.69,1.0114571461421637e-05,0.9961270406866131
90040A,MURANO STYLE GLASS BRACELET RED,207.05,1.0083403250456691e-05,0.9961371240898635
17014D,UNKNOWN,204.35999999999999,9.952399363744645e-06,0.9961470764892272
35824B,UNKNOWN,203.24,9.89785499455599e-06,0.9961569743442219
20890,UNKNOWN,202.62,9.867660790183697e-06,0.9961668420050122
37506,UNKNOWN,202.3,9.852076684701224e-06,0.9961766940816966
48103,UNKNOWN,201.73,9.824317496810567e-06,0.9961865183991935
84723,CHERRY BLOSSOM CANVAS ART PICTURE,201.3,9.803376355068494e-06,0.9961963217755486
72754A,damaged,201.24,9.800454335290531e-06,0.9962061222298838
20672,UNKNOWN,201.0,9.788766256178675e-06,0.99621591099614
90144,SILVER DROP EARRINGS WITH FLOWER,199.45,9.713280745247943e-06,0.9962256242768854
79403,FROSTED WHITE BASE,199.01999999999998,9.69233960350587e-06,0.9962353166164889
90000A,RASPBERRY ANT COPPER FLOWER NECKLAC,198.98000000000002,9.690391590320561e-06,0.9962450070080792
84797a,PINK HAWAIIAN PICNIC HAMPER FOR 4,198.84,9.68357354417198e-06,0.9962546905816234
47504F,UNKNOWN,198.10999999999999,9.648022303540086e-06,0.9962643386039269
22330,UNKNOWN,197.89999999999998,9.637795234317212e-06,0.9962739763991612
37471,MULTICOLOUR POLKADOT PLATE,197.85000000000002,9.635360217835578e-06,0.9962836117593791
84855,UNKNOWN,196.70000000000002,9.579354838757938e-06,0.9962931911142178
90029,NEW BAROQUE SMALL NECKLACE BLACK,195.14,9.503382324530879e-06,0.9963026944965423
84985B,UNKNOWN,194.95999999999998,9.494616265196986e-06,0.9963121891128076
23697,A PRETTY THANK YOU CARD,194.57999999999998,9.47611013993655e-06,0.9963216652229474
90065A,WHITE VINTAGE CRYSTAL BRACELET,193.96,9.445915935564258e-06,0.9963311111388831
35819B,check,193.06,9.4020856388948e-06,0.9963405132245219
21582,UNKNOWN,193.04999999999998,9.401598635598473e-06,0.9963499148231575
84893,UNKNOWN,192.3,9.365073388373928e-06,0.9963592798965459
84255B,UNKNOWN,192.26000000000002,9.363125375188618e-06,0.996368643021921
90036F,"FLOWER GLASS GARLD NECKL36""TURQUOIS",192.17000000000002,9.358742345521672e-06,0.9963780017642666
84899F,UNKNOWN,192.17,9.35874234552167e-06,0.996387360506612
84926C,UNKNOWN,192.1,9.35533332244738e-06,0.9963967158399345
72051S,UNKNOWN,191.73,9.33731420048327e-06,0.996406053154135
90003C,MIDNIGHT BLUE PAIR HEART HAIR SLIDE,191.54,9.328061137853052e-06,0.9964153812152728
90178B,PURPLE CHUNKY GLASS+BEAD NECKLACE,191.41,9.321730095000798e-06,0.9964247029453679
90094,NECKLACE+BRACELET SET FRUIT SALAD,190.17,9.261341686256212e-06,0.9964339642870542
84744,S/6 SEW ON CROCHET FLOWERS,190.02,9.254036636811303e-06,0.996443218323691
84803A,PINK ALLIUM ARTIFICIAL FLOWER,189.28,9.217998392883083e-06,0.9964524363220838
85128,UNKNOWN,188.95000000000002,9.201927284104283e-06,0.996461638249368
84706B,FAIRY CAKES TABLE CLOCK,188.73,9.191213211585081e-06,0.9964708294625796
90159,COTE D'AZURE NECKLACE,188.58,9.183908162140172e-06,0.9964800133707417
90130B,TURQ STONE/CRYSTAL EARRINGS,188.09,9.160045000620135e-06,0.9964891734157423
20837,FRENCH FLORAL CUSHION COVER,188.07,9.15907099402748e-06,0.9964983324867364
85114b,IVORY ENCHANTED FOREST PLACEMAT,186.76000000000002,9.095273562208605e-06,0.9965074277602987
90210C,RED ACRYLIC FACETED BANGLE,186.56,9.085533496282059e-06,0.9965165132937949
84452,METAL RABBIT LADDER EASTER,186.16,9.066053364428966e-06,0.9965255793471592
16053,UNKNOWN,185.73,9.045112222686892e-06,0.996534624459382
84510a,SET OF 4 ENGLISH ROSE COASTERS,185.7,9.04365121279791e-06,0.9965436681105947
84877A,UNKNOWN,185.66,9.041703199612601e-06,0.9965527098137944
85114a,BLACK ENCHANTED FOREST PLACEMAT,185.64000000000001,9.040729193019948e-06,0.9965617505429875
35838A,UNKNOWN,185.25,9.021736064463182e-06,0.9965707722790519
20968,UNKNOWN,185.11,9.0149180183146e-06,0.9965797871970702
35911B,PINK/FLOWER RABBIT EGG WARMER,184.76000000000002,8.997872902943145e-06,0.996588785069973
23416,CHAMBRE HOOK,184.67999999999998,8.993976876572525e-06,0.9965977790468498
20957,PORCELAIN HANGING BELL SMALL,184.60999999999999,8.990567853498234e-06,0.9966067696147032
84029D,LEOPARD PRINT HOT WATER BOTTLE,183.98000000000002,8.959886645829616e-06,0.996615729501349
90125A,PINK BERTIE GLASS BEAD BAG CHARM,183.97,8.959399642533288e-06,0.9966246889009915
21018,damaged,183.56,8.93943250738387e-06,0.9966336283334989
90129F,RED GLASS TASSLE BAG CHARM,183.26000000000002,8.924822408494051e-06,0.9966425531559074
90086,CRYSTAL FROG PHONE CHARM,182.79,8.901933253566666e-06,0.996651455089161
17090A,LAVENDER INCENSE 40 CONES IN TIN,182.65,8.895115207418084e-06,0.9966603502043683
90214S,"LETTER ""S"" BLING KEY RING",182.59,8.89219318764012e-06,0.9966692423975559
20796,SMALL BLUE PROVENCAL CERAMIC BALL,182.16,8.871252045898047e-06,0.9966781136496018
79144B,PAINTED LIGHTBULB STAR+ MOON,181.87,8.857128950304556e-06,0.9966869707785522
84464,UNKNOWN,181.65,8.846414877785355e-06,0.99669581719343
37379B,UNKNOWN,181.5,8.839109828340446e-06,0.9967046563032584
79144C,PAINTED LIGHTBULB RAINBOW DESIGN,180.98,8.813785656931426e-06,0.9967134700889152
16043,UNKNOWN,180.29999999999998,8.780669432781168e-06,0.996722250758348
35818B,adjustment,180.04999999999998,8.768494350372986e-06,0.9967310192526985
47347B,UNKNOWN,179.88,8.760215294335424e-06,0.9967397794679927
90180B,PURPLE AMETHYST NECKLACE W TASSEL,179.88,8.760215294335424e-06,0.9967485396832871
84962,UNKNOWN,179.85000000000002,8.758754284446443e-06,0.9967572984375715
84661C,PINK SQUARE TABLE CLOCK,179.75,8.753884251483168e-06,0.996766052321823
21310,CAPIZ CHANDELIER,179.7,8.751449235001532e-06,0.996774803771058
17011A,UNKNOWN,179.56,8.74463118885295e-06,0.9967835484022469
90063A,WHITE VINT ART DECO CRYSTAL NECKLAC,178.48,8.692034832849601e-06,0.9967922404370798
90013D,PURPLE VINTAGE EARRINGS,178.11,8.674015710885492e-06,0.9968009144527906
21031,SPACE CADET BLACK,177.95,8.666223658144254e-06,0.9968095806764488
90000B,MIDNIGHT BLUE COPPER FLOWER NECKLAC,177.29000000000002,8.634081440586655e-06,0.9968182147578893
90072,RUBY DROP CHANDELIER EARRINGS,176.31,8.586355117546579e-06,0.9968268011130069
82607C,damages,175.60999999999999,8.552264886803666e-06,0.9968353533778938
84564,6 SEGMENT COLOURED SNACK BOWL,175.48000000000002,8.545933843951413e-06,0.9968438993117377
84967A,UNKNOWN,174.9,8.517687652764429e-06,0.9968524169993904
22886,NUMBER TILE VINTAGE FONT 7,174.16,8.48164940883621e-06,0.9968608986487992
82587,UNKNOWN,173.03,8.426618036351224e-06,0.9968693252668357
21461,BLUE EASTER EGG HUNT START POST,172.98999999999998,8.424670023165914e-06,0.9968777499368587
75011,BLUE DAISY MOBILE,172.51,8.401293864942205e-06,0.9968861512307238
90123D,WHITE HEART OF GLASS BRACELET,172.39000000000001,8.395449825386278e-06,0.9968945466805492
90060F,FIRE POLISHED GLASS NECKL GREEN,172.09,8.380839726496458e-06,0.9969029275202757
85185C,UNKNOWN,171.10000000000002,8.332626400160057e-06,0.9969112601466757
84706C,PINK FLOCK TABLE CLOCK,170.79999999999998,8.318016301270237e-06,0.996919578162977
90063B,BLACK VINT ART DEC CRYSTAL NECKLACE,170.17,8.287335093601617e-06,0.9969278654980706
17014A,ORIGAMI VANILLA INCENSE CONES,170.13,8.285387080416308e-06,0.9969361508851511
85040a,S/4 PINK FLOWER CANDLES IN BOWL,169.75,8.266880955155872e-06,0.9969444177661062
47570b,TEA TIME TABLE CLOTH,169.4,8.249835839784416e-06,0.9969526676019459
84531A,returned,169.35999999999999,8.247887826599106e-06,0.9969609154897725
37491C,GREEN/BLUE CERAMIC CANDLE HOLDER,169.17000000000002,8.238634763968889e-06,0.9969691541245366
90166,PINK & WHITE ROSEBUD RING,168.94,8.22743368815336e-06,0.9969773815582246
90019B,GOLD M.O.P ORBIT BRACELET,168.62,8.211849582670887e-06,0.9969855934078073
90204,PAIR OF ENAMEL BUTTERFLY HAIRCLIP,168.46,8.20405752992965e-06,0.9969937974653373
90065B,BLACK VINT ART DEC CRYSTAL BRACELET,168.37,8.199674500262705e-06,0.9970019971398376
85205A,UNKNOWN,168.29999999999998,8.196265477188412e-06,0.9970101934053147
90186B,CRYSTAL HOOP EARRING FLORAL LEAF,168.26000000000002,8.194317464003106e-06,0.9970183877227787
21087,UNKNOWN,168.08,8.185551404669212e-06,0.9970265732741835
84531B,returned,167.91,8.177272348631648e-06,0.997034750546532
35916C,PINK FELT HANGING HEART W FLOWER,167.54999999999998,8.159740229963865e-06,0.997042910286762
90123B,TURQUOISE HEART OF GLASS BRACELET,166.59,8.112987913516446e-06,0.9970510232746754
90211A,DIAMOND LAS VEGAS NECKLACE 45CM,166.57000000000002,8.112013906923791e-06,0.9970591352885824
84231,EASTER BUNNY WITH BASKET ON BACK,166.21,8.094481788256008e-06,0.9970672297703708
gift_0001_40,Dotcomgiftshop Gift Voucher £40.00,166.09,8.088637748700081e-06,0.9970753184081194
90214L,"LETTER ""L"" BLING KEY RING",166.06,8.087176738811099e-06,0.9970834055848582
90003B,ROSE COLOUR PAIR HEART HAIR SLIDES,165.81,8.075001656402916e-06,0.9970914805865146
10123G,UNKNOWN,165.56,8.062826573994734e-06,0.9970995434130886
90093,CLEAR CRYSTAL STAR PHONE CHARM,165.34,8.052112501475533e-06,0.99710759552559
23694,PAISLEY PARK CARD,165.07999999999998,8.039450415771023e-06,0.997115634976006
37479P,CUBIC MUG FLOCK PINK ON BROWN,164.76,8.02386631028855e-06,0.9971236588423161
90018B,GOLD M.O.P ORBIT DROP EARRINGS,164.62,8.017048264139968e-06,0.9971316758905803
90129D,AMBER GLASS TASSLE BAG CHARM,164.52,8.012178231176695e-06,0.9971396880688115
85024C,PINK SMALL JEWELLED PHOTOFRAME,163.35,7.9551988455064e-06,0.997147643267657
16202E,BLACK PHOTO ALBUM,162.73,7.925004641134107e-06,0.9971555682722982
90039D,FIRE POLISHED GLASS BRACELET GREEN,162.66,7.921595618059818e-06,0.9971634898679161
90214C,"LETTER ""C"" BLING KEY RING",162.53,7.915264575207562e-06,0.9971714051324914
90162B,ANT SILVER LIME GREEN BOUDICCA RING,162.25000000000003,7.901628482910399e-06,0.9971793067609742
47369B,BLUE GREEN EMBROIDERY COSMETIC BAG,162.03,7.890914410391198e-06,0.9971871976753847
20693,UNKNOWN,161.89000000000001,7.884096364242616e-06,0.997195081771749
90190C,SILVER/AMETHYST DROP EARRINGS LEAF,161.82,7.880687341168324e-06,0.9972029624590901
90214J,"LETTER ""J"" BLING KEY RING",161.47,7.86364222579687e-06,0.997210826101316
90042A,FRESHWATER PEARL BRACELET GOLD,160.79,7.830526001646612e-06,0.9972186566273175
90123C,GREEN HEART OF GLASS BRACELET,160.75,7.828577988461304e-06,0.997226485205306
21353,UNKNOWN,160.45000000000002,7.813967889571485e-06,0.9972342991731955
22887,NUMBER TILE VINTAGE FONT 8,160.35999999999999,7.809584859904538e-06,0.9972421087580555
81952V,ROUND PURPLE CLOCK WITH SUCKER,160.25,7.804227823644939e-06,0.9972499129858792
84599,UNKNOWN,160.15,7.799357790681666e-06,0.9972577123436698
23305,SET 4 PICNIC CUTLERY BLUEBERRY,159.9,7.787182708273483e-06,0.997265499526378
90214K,"LETTER ""K"" BLING KEY RING",159.65,7.775007625865301e-06,0.9972732745340039
37379A,UNKNOWN,159.2,7.753092477530572e-06,0.9972810276264815
16054,POPART RECT PENCIL SHARPENER ASST,159.0,7.743352411604026e-06,0.9972887709788931
85166A,UNKNOWN,158.9,7.738482378640754e-06,0.9972965094612717
90048,GREEN WITH METAL BAG CHARM,158.89000000000001,7.737995375344427e-06,0.997304247456647
22864,UNKNOWN,158.76,7.73166433249217e-06,0.9973119791209796
48175,DOOR MAT CAMOUFLAGE,158.04,7.696600095156606e-06,0.9973196757210747
84927A,UNKNOWN,157.61,7.675658953414533e-06,0.9973273513800281
21489,BLUE WHITE SCARF HOT WATER BOTTLE,157.60000000000002,7.675171950118207e-06,0.9973350265519783
72140E,BEST DAD CANDLE LETTERS,157.57,7.673710940229223e-06,0.9973427002629185
23417,BATHROOM HOOK,157.5,7.670301917154932e-06,0.9973503705648357
90059A,DIAMANTE HAIR GRIP PACK/2 CRYSTAL,156.98,7.644977745745912e-06,0.9973580155425814
23468,TUSCAN VILLA BIRD TABLE,156.75,7.633776669930385e-06,0.9973656493192514
17178,UNKNOWN,156.65,7.628906636967112e-06,0.9973732782258883
46138B,BLUE CHENILLE SHAGGY CUSHION COVER,156.29,7.6113745182993285e-06,0.9973808896004065
84228,HEN HOUSE WITH CHICK STANDING,156.07,7.600660445780128e-06,0.9973884902608523
84914A,UNKNOWN,155.7,7.582641323816018e-06,0.9973960729021761
90183A,AMBER DROP EARRINGS W LONG BEADS,155.65,7.580206307334382e-06,0.9974036531084836
20664,TROPICAL HOLIDAY PURSE,155.41,7.568518228222527e-06,0.9974112216267118
72351a,SET/6 TURQUOISE BUTTERFLY T-LIGHTS,154.89,7.543194056813507e-06,0.9974187648207684
23496,PANTRY KITCHEN THERMOMETER,154.52,7.525174934849398e-06,0.9974262899957035
72801c,4 ROSE PINK DINNER CANDLES,153.67,7.483779654661576e-06,0.997433773775358
47518F,ICON PLACEMAT POP ART ELVIS,153.14000000000001,7.457968479956231e-06,0.997441231743838
79192A,UNKNOWN,152.64,7.4336183151398645e-06,0.9974486653621532
84622,UNKNOWN,152.6,7.431670301954556e-06,0.997456097032455
90030C,BROWN KUKUI COCONUT SEED NECKLACE,151.3,7.368359873432008e-06,0.9974634653923284
20952,PORCELAIN CHERUB BELL SMALL,151.14,7.36056782069077e-06,0.9974708259601492
84968a,SET OF 16 VINTAGE ROSE CUTLERY,150.82,7.344983715208297e-06,0.9974781709438645
84989a,75 GREEN FAIRY CAKE CASES,150.57,7.332808632800114e-06,0.9974855037524972
79161A,ST GEORGE SET OF 10 PARTY LIGHTS,150.45000000000002,7.326964593244188e-06,0.9974928307170905
35980C,UNKNOWN,150.3,7.319659543799279e-06,0.9975001503766343
90042C,FRESHWATER PEARL BRACELET IVORY,150.21,7.315276514132332e-06,0.9975074656531485
84527,FLAMES SUNGLASSES PINK LENSES,150.01,7.305536448205786e-06,0.9975147711895965
17108D,UNKNOWN,149.1,7.261219148240002e-06,0.9975220324087449
90040D,UNKNOWN,148.87,7.250018072424475e-06,0.9975292824268174
84709A,Damaged,148.75,7.244174032868547e-06,0.9975365266008502
71496A,A4 WALL TIDY BLUE OFFICE,148.01000000000002,7.208135788940328e-06,0.997543734736639
90022,EDWARDIAN DROP EARRINGS JET BLACK,147.17,7.167227512048834e-06,0.9975509019641512
84720,DOT MATRIX CANVAS ART PICTURE,147.05,7.161383472492907e-06,0.9975580633476235
90040C,MURANO STYLE GLASS BRACELET GOLD,146.75,7.146773373603087e-06,0.9975652101209972
90002A,UNKNOWN,146.25,7.122423208786723e-06,0.997572332544206
35610B,thrown away,144.07,7.016256490187372e-06,0.9975793488006961
90016C,SILVER/BLACK PENDANT ORBIT NECKLACE,144.07,7.016256490187372e-06,0.9975863650571863
79191D,RETRO PLASTIC DAISY TRAY,143.87,7.006516424260826e-06,0.9975933715736106
90036B,"FLOWER GLASS GARLAND NECKL.36""GREEN",143.1,6.969017170443623e-06,0.9976003405907812
10120,DOGGY RUBBER,142.95,6.961712120998714e-06,0.9976073023029022
84874B,BLUE TRAVEL FIRST AID KIT,141.76,6.903758728735766e-06,0.9976142060616308
90202D,PINK ENAMEL FLOWER HAIR TIE,141.49,6.8906096397349295e-06,0.9976210966712706
72740A,UNKNOWN,141.23,6.877947554030419e-06,0.9976279746188247
90214M,"LETTER ""M"" BLING KEY RING",141.07,6.870155501289182e-06,0.997634844774326
47590b,PINK HAPPY BIRTHDAY BUNTING,140.5,6.842396313398527e-06,0.9976416871706394
47369A,PINK GREEN EMBROIDERY COSMETIC BAG,140.4,6.837526280435254e-06,0.9976485246969197
84617,NEW BAROQUE BLACK BOXES,140.25,6.8302212309903446e-06,0.9976553549181507
84765,UNKNOWN,140.23,6.829247224397689e-06,0.9976621841653751
90212B,JET BLACK LAS VEGAS BRACELET ROUND,140.07,6.821455171656452e-06,0.9976690056205468
78026,UNKNOWN,139.95,6.815611132100525e-06,0.9976758212316789
90199A,5 STRAND GLASS NECKLACE BLACK,139.5,6.793695983765797e-06,0.9976826149276626
23463,VINTAGE ZINC WATERING CAN,139.39999999999998,6.788825950802523e-06,0.9976894037536134
90199D,5 STRAND GLASS NECKLACE AMBER,139.28,6.782981911246596e-06,0.9976961867355246
90214E,"LETTER ""E"" BLING KEY RING",139.28,6.782981911246596e-06,0.997702969717436
84510c,SET OF 4 POLKADOT COASTERS,138.85999999999999,6.762527772800849e-06,0.9977097322452088
23304,SET 4 PICNIC CUTLERY CHERRY,138.45,6.74256063765143e-06,0.9977164748058464
72754B,UNKNOWN,137.54000000000002,6.698243337685647e-06,0.997723173049184
35816P,"ACRYLIC JEWEL ANGEL,PINK",137.43,6.692886301426047e-06,0.9977298659354854
90156,RESIN BRACELET W PASTEL BEADS,137.37,6.6899642816480825e-06,0.9977365558997671
84549,CROCHET WHITE RABBIT KEYRING,137.26999999999998,6.685094248684808e-06,0.9977432409940158
S,SAMPLES,136.85,6.664640110239063e-06,0.9977499056341261
35824P,damages,136.44,6.644672975089644e-06,0.9977565503071011
90151,SILVER/NATURAL SHELL NECKLACE,136.17,6.631523886088806e-06,0.9977631818309872
90024E,NEW BAROQUE B'FLY NECKLACE MONTANA,135.98,6.622270823458588e-06,0.9977698041018107
90194,SILVER LARIAT BLACK STONE EARRINGS,135.84,6.615452777310006e-06,0.9977764195545881
90038A,GLASS AND PAINTED BEADS BRACELET TO,135.8,6.613504764124697e-06,0.9977830330593522
90177D,DROP DIAMANTE EARRINGS PURPLE,135.76000000000002,6.611556750939389e-06,0.997789644616103
17011D,UNKNOWN,135.70000000000002,6.608634731161425e-06,0.9977962532508341
77079,UNKNOWN,135.68,6.60766072456877e-06,0.9978028609115589
85132a,CHARLIE + LOLA BISCUITS TINS,135.13,6.5808755432707675e-06,0.9978094417871021
72134,COLUMBIAN CUBE CANDLE,134.85,6.5672394509736035e-06,0.997816009026553
16020C,UNKNOWN,134.5,6.550194335602148e-06,0.9978225592208886
22879,NUMBER TILE VINTAGE FONT 0,134.4,6.5453243026388756e-06,0.9978291045451914
35015,UNKNOWN,134.08,6.5297401971564025e-06,0.9978356342853884
84555A,UNKNOWN,133.85,6.5185391213408734e-06,0.9978421528245098
35609A,UNKNOWN,133.23,6.4883449169685806e-06,0.9978486411694268
46137D,UNKNOWN,132.75,6.464968758744871e-06,0.9978551061381855
90190B,GOLD/AMBER DROP EARRINGS W LEAF,132.58,6.456689702707308e-06,0.9978615628278882
90137,PINK COMBO MINI CRYSTALS NECKLACE,132.52,6.453767682929344e-06,0.997868016595571
45013,FOLDING SHOE TIDY,132.0,6.428443511520324e-06,0.9978744450390826
47592B,UNKNOWN,131.9,6.4235734785570516e-06,0.9978808686125612
90023,FILIGREE DIAMANTE EARRINGS,131.74,6.415781425815815e-06,0.997887284393987
90165B,WHITE ROSEBUD PEARL EARRINGS,131.65,6.411398396148868e-06,0.9978936957923833
35933,UNKNOWN,131.38,6.398249307148031e-06,0.9979000940416903
90101,WHITE FRANGIPANI NECKLACE,131.16,6.3875352346288304e-06,0.997906481576925
84656,UNKNOWN,130.9,6.3748731489243215e-06,0.9979128564500738
22888,NUMBER TILE VINTAGE FONT 9,130.82999999999998,6.371464125850029e-06,0.9979192279141997
16119,UNKNOWN,130.71,6.365620086294103e-06,0.9979255935342861
84925E,UNKNOWN,130.04999999999998,6.3334778687365e-06,0.9979319270121547
20899,UNKNOWN,129.8,6.321302786328319e-06,0.997938248314941
90099,NECKLACE+BRACELET SET BLUE HIBISCUS,129.69,6.315945750068718e-06,0.9979445642606912
90190A,SILVER/CRYSTAL DROP EARRINGS W LEAF,129.59,6.311075717105446e-06,0.9979508753364082
84886,UNKNOWN,129.35,6.29938763799359e-06,0.9979571747240462
10080,GROOVY CACTUS INFLATABLE,129.29,6.296465618215626e-06,0.9979634711896646
85160a,WHITE BIRD GARDEN DESIGN MUG,129.04,6.284290535807444e-06,0.9979697554802003
84858A,UNKNOWN,128.83,6.274063466584571e-06,0.9979760295436668
90181A,AMBER GLASS/SHELL/PEARL NECKLACE,128.64,6.2648104039543515e-06,0.9979822943540708
84559D,UNKNOWN,128.41,6.253609328138824e-06,0.997988547963399
90003E,GREEN PAIR HEART HAIR SLIDES,127.81,6.224389130359186e-06,0.9979947723525294
84251G,"GREETING CARD, OVERCROWDED POOL.",127.75,6.221467110581223e-06,0.99800099381964
84782B,BLACK 3 TIER GLASS PLATE STAND,127.5,6.20929202817304e-06,0.9980072031116681
90024D,NEW BAROQUE B'FLY NECKLACE PINK,127.5,6.20929202817304e-06,0.9980134124036963
85018C,UNKNOWN,127.2,6.194681929283222e-06,0.9980196070856255
81950B,FLOWER BLUE CLOCK WITH SUCKER,127.03,6.186402873245657e-06,0.9980257934884987
16168S,UNKNOWN,126.82999999999998,6.17666280731911e-06,0.9980319701513061
23303,SET 4 PICNIC CUTLERY FONDANT,126.75,6.172766780948493e-06,0.998038142918087
84367,crushed,126.29999999999998,6.150851632613764e-06,0.9980442937697197
82607E,GLASS BONBON JAR. D'AMANDES,126.25,6.148416616132128e-06,0.9980504421863359
gift_0001_10,Dotcomgiftshop Gift Voucher £10.00,126.21,6.146468602946818e-06,0.9980565886549386
90174,BUTTERFLY HAIR BAND,126.11999999999999,6.1420855732798725e-06,0.998062730740512
90108,BLUE BLOSSOM HAIR CLIP,125.83000000000001,6.127962477686382e-06,0.9980688587029898
23578,SNACK TRAY RED GINGHAM,125.72,6.122605441426781e-06,0.9980749813084311
90138,WHITE/PINK MINI CRYSTALS NECKLACE,125.64,6.118709415056163e-06,0.9980811000178462
84558a,3D DOG PICTURE PLAYING CARDS,125.17,6.09582026012878e-06,0.9980871958381062
84614A,thrown away,124.83,6.079262148053652e-06,0.9980932751002544
90002C,UNKNOWN,124.38,6.057346999718923e-06,0.998099332447254
85190,UNKNOWN,124.16,6.046632927199722e-06,0.9981053790801813
90162C,ANT SILVER FUSCHIA BOUDICCA RING,123.90000000000002,6.033970841495214e-06,0.9981114130510227
72133,COLUMBIAN CANDLE RECTANGLE,123.88,6.032996834902558e-06,0.9981174460478577
90168,2 DAISIES HAIR COMB,123.76,6.027152795346631e-06,0.998123473200653
17191A,ROSE FLOWER CANDLE+INCENSE 16X16CM,123.75,6.026665792050303e-06,0.9981294998664451
20816,GOLD FLOWER CUSHION COVER,123.6,6.0193607426053935e-06,0.9981355192271877
22850,UNKNOWN,123.6,6.0193607426053935e-06,0.9981415385879302
23477,WOODLAND LARGE BLUE FELT HEART,123.47,6.0130296997531395e-06,0.99814755161763
21228,UNKNOWN,122.57,5.969199403083683e-06,0.9981535208170331
79308B,MOSAIC CANDLE DISH BLUE PURPLE,122.39999999999999,5.960920347046118e-06,0.9981594817373801
90205C,LARGE CRYSTAL DIAMANTE HAIRSLIDE,122.30999999999999,5.956537317379172e-06,0.9981654382746975
84199,GLOW IN DARK DOLPHINS,121.92,5.937544188822408e-06,0.9981713758188864
44242B,PINK FEATHERS CURTAIN,121.53,5.918551060265643e-06,0.9981772943699467
79532,MOSAIC GLASS BALL CANDLEHOLDER,121.25,5.9049149679684794e-06,0.9981831992849146
84288B,UNKNOWN,120.89999999999999,5.887869852597024e-06,0.9981890871547672
23467,VINTAGE ZINC PLANTER,120.08000000000001,5.847935582298186e-06,0.9981949350903496
35916B,BLUE FELT HANGING HEART WITH FLOWER,119.67,5.8279684471487664e-06,0.9982007630587967
35607A,UNKNOWN,118.81,5.786086163664619e-06,0.9982065491449602
90018C,SILVER BLACK ORBIT DROP EARRINGS,118.51,5.7714760647748e-06,0.998212320621025
20887,UNKNOWN,118.39,5.765632025218872e-06,0.9982180862530503
90139,UNKNOWN,118.24000000000001,5.758326975773963e-06,0.998223844580026
20896,UNKNOWN,118.00000000000001,5.7466388966621085e-06,0.9982295912189227
84510E,SET OF 4 GREEN CAROUSEL COASTERS,117.77,5.7354378208465795e-06,0.9982353266567435
84751B,BLACK MEDIUM GLASS CAKE STAND,117.44,5.719366712067779e-06,0.9982410460234556
35824C,damaged,117.05,5.700373583511014e-06,0.9982467463970391
23151,ZINC SWEETHEART SOAP DISH,116.82000000000001,5.689172507695487e-06,0.9982524355695469
23185,FRENCH STYLE STORAGE JAR JAM,116.58999999999999,5.677971431879958e-06,0.9982581135409788
72038P,damages,116.5,5.673588402213013e-06,0.998263787129381
16206B,RED PURSE WITH PINK HEART,116.4,5.6687183692497405e-06,0.9982694558477502
20848,ZINC HEART LATTICE CHARGER SMALL,115.05000000000001,5.602972924245556e-06,0.9982750588206745
84462,3 PINK HEN+CHICKS IN BASKET,114.86,5.593719861615337e-06,0.998280652540536
20698,LITTLE PINK MONSTER SOFT TOY,114.45,5.573752726465917e-06,0.9982862262932625
90049,IVORY GOLD METAL BAG CHARM,114.24,5.563525657243044e-06,0.9982917898189199
90030A,SPOTTED WHITE NATURAL SEED NECKLACE,113.76,5.540149499019334e-06,0.9982973299684187
84705B,UNKNOWN,113.27,5.516286337499296e-06,0.9983028462547562
84249A,"GREETING CARD,SQUARE, DOUGHNUTS",113.22,5.5138513210176596e-06,0.9983083601060774
90179C,BLACK FINE BEAD NECKLACE W TASSEL,112.78,5.492423175979258e-06,0.9983138525292532
21089,damaged,112.54,5.480735096867403e-06,0.9983193332643502
84921,CREAM AND PINK FLOWERS PONY,112.5,5.478787083682094e-06,0.9983248120514339
44236,UNKNOWN,112.32000000000001,5.4700210243482036e-06,0.9983302820724582
71510,SQUARE METAL CANDLEHOLDER BASE,112.05,5.456871935347365e-06,0.9983357389443934
35916A,YELLOW FELT HANGING HEART W FLOWER,112.03999999999999,5.456384932051038e-06,0.9983411953293256
71495B,CD WALL TIDY RED FLOWERS,111.57000000000001,5.433495777123656e-06,0.9983466288251028
35966,UNKNOWN,111.34,5.422294701308128e-06,0.9983520511198041
10138,UNKNOWN,111.22,5.4164506617522e-06,0.9983574675704657
84493,BLUE/PINK NEST STRIPE BOX,111.12,5.411580628788928e-06,0.9983628791510947
90103,PURPLE FRANGIPANI NECKLACE,110.85,5.39843153978809e-06,0.9983682775826342
82069,BEECH WOOD P/FRAME,109.85,5.34973121015536e-06,0.9983736273138445
85185F,UNKNOWN,109.15,5.31564097941245e-06,0.9983789429548239
84247H,PACK/12 DECOUPAGE CARD,109.13000000000001,5.314666972819796e-06,0.9983842576217968
90177C,DROP DIAMANTE EARRINGS CRYSTAL,109.03,5.309796939856522e-06,0.9983895674187365
90071,RUBY GLASS CLUSTER EARRINGS,108.99,5.307848926671213e-06,0.9983948752676634
90104,UNKNOWN,108.96,5.306387916782231e-06,0.99840018165558
20667,CHERRY BLOSSOM PURSE,108.69,5.293238827781394e-06,0.9984054748944078
72753C,UNKNOWN,107.68,5.244051494852337e-06,0.9984107189459026
90118,PINK DAISY BAG CHARM,107.39,5.2299283992588455e-06,0.998415948874302
35096B,UNKNOWN,107.33,5.227006379480881e-06,0.9984211758806814
35840,UNKNOWN,107.13,5.217266313554336e-06,0.998426393146995
23626,SET 10 CARDS DINKY TREE 17076,107.07000000000001,5.2143442937763724e-06,0.9984316074912888
90059D,DIAMANTE HAIR GRIP PACK/2 PERIDOT,106.74,5.198273184997571e-06,0.9984368057644737
84562B,UNKNOWN,106.59,5.190968135552662e-06,0.9984419967326092
90165A,PINK ROSEBUD PEARL EARRINGS,106.49,5.186098102589389e-06,0.998447182830712
22987,WRAP SUMMER ROSE DESIGN,105.84,5.154442888328114e-06,0.9984523372736003
84867A,UNKNOWN,105.82000000000001,5.15346888173546e-06,0.998457490742482
90051,CRACKED GLAZE NECKLACE RED,105.72,5.148598848772187e-06,0.9984626393413307
35594,UNKNOWN,105.58,5.141780802623604e-06,0.9984677811221333
35610A,thrown away,105.42999999999999,5.1344757531786945e-06,0.9984729155978864
84458,UNKNOWN,105.39999999999999,5.133014743289713e-06,0.9984780486126299
17090D,UNKNOWN,105.2,5.123274677363167e-06,0.9984831718873072
16169D,UNKNOWN,105.0,5.1135346114366215e-06,0.9984882854219186
23574,PACKING CHARGE,105.0,5.1135346114366215e-06,0.99849339895653
90141A,GREEN PENDANT TRIPLE SHELL NECKLACE,104.95,5.111099594954985e-06,0.998498510056125
90079,VINTAGE ENAMEL & CRYSTAL NECKLACE,104.77000000000001,5.102333535621094e-06,0.9985036123896606
21118,UNKNOWN,104.25,5.077009364212074e-06,0.9985086893990248
21337,UNKNOWN,103.53000000000002,5.041945126876509e-06,0.9985137313441517
35910A,MULTICOLOUR EASTER RABBIT,103.35,5.033179067542617e-06,0.9985187645232193
84679,CLASSICAL ROSE TABLE LAMP,103.3,5.03074405106098e-06,0.9985237952672702
16248B,BLUE HOLE PUNCH,102.5,4.991783787354797e-06,0.9985287870510576
84613A,thrown away,102.30000000000001,4.982043721428252e-06,0.9985337690947791
20697,LITTLE GREEN MONSTER SOFT TOY,101.7,4.952823523648613e-06,0.9985387219183027
90125C,TURQUOISE BERTIE GLASS BEAD CHARM,101.35,4.9357784082771575e-06,0.998543657696711
72369A,PINK CLEAR GLASS CANDLE PLATE,101.28999999999999,4.932856388499193e-06,0.9985485905530995
85050,UNKNOWN,100.80000000000001,4.908993226979157e-06,0.9985534995463264
72821,UNKNOWN,100.64999999999999,4.901688177534246e-06,0.998558401234504
84968d,SET OF 16 VINTAGE RED CUTLERY,100.37,4.888052085237083e-06,0.9985632892865892
75172,UNKNOWN,100.31,4.885130065459119e-06,0.9985681744166548
78027,UNKNOWN,100.14999999999999,4.877338012717882e-06,0.9985730517546675
23611,SET 10 CARDS RED RIDING HOOD 17214,99.60000000000001,4.850552831419881e-06,0.998577902307499
84465,15 PINK FLUFFY CHICKS IN BOX,99.46000000000001,4.843734785271299e-06,0.9985827460422841
23464,VINTAGE ZINC WATERING CAN SMALL,99.2,4.831072699566789e-06,0.9985875771149838
21266,UNKNOWN,98.89999999999999,4.816462600676969e-06,0.9985923935775844
90169,DAISY HAIR COMB,98.87,4.8150015907879885e-06,0.9985972085791752
84575A,PINK DOG CANNISTER,98.8,4.811592567713697e-06,0.9986020201717428
20861,GOLD COSMETIC BAG PINK STAR,98.7,4.8067225347504245e-06,0.9986068268942777
90163B,WHITE ROSEBUD & PEARL NECKLACE,98.45,4.794547452342241e-06,0.99861162144173
84705D,CHERRY BLOSSOM PHOTO FRAME,97.9,4.767762271044241e-06,0.998616389204001
16161G,WRAP BAD HAIR DAY,97.5,4.748282139191149e-06,0.9986211374861402
90150,BLUE SHELL+SILVER NECKLACE,97.5,4.748282139191149e-06,0.9986258857682794
90067A,PINK VINTAGE VICTORIAN EARRINGS,97.24000000000001,4.735620053486639e-06,0.9986306213883329
85132b,CHARLIE AND LOLA TABLE TINS,95.83999999999999,4.6674395920008166e-06,0.998635288827925
35913B,WHITE/PINK CHICK EASTER DECORATION,95.78999999999999,4.66500457551918e-06,0.9986399538325005
17084J,LOVE POTION MASALA INCENSE,95.76,4.663543565630199e-06,0.9986446173760661
84559a,3D SHEET OF DOG STICKERS,95.7,4.660621545852235e-06,0.9986492779976119
84539,KNITTED RABBIT DOLL,95.69999999999999,4.660621545852234e-06,0.9986539386191577
84891B,GREEN WIRE GOBLET CANDLEHOLDER,95.4,4.646011446962416e-06,0.9986585846306046
90214R,"LETTER ""R"" BLING KEY RING",94.98,4.62555730851667e-06,0.9986632101879132
72606A,UNKNOWN,94.92,4.622635288738706e-06,0.998667832823202
90089,PINK CRYSTAL SKULL PHONE CHARM,94.17999999999999,4.586597044810485e-06,0.9986724194202469
90024C,NEW BAROQUE B'FLY NECKLACE GREEN,93.48,4.552506814067575e-06,0.998676971927061
90026A,GLASS BEAD HOOP NECKLACE BLACK,93.47,4.5520198107712475e-06,0.9986815239468716
90214G,"LETTER ""G"" BLING KEY RING",93.17999999999999,4.537896715177755e-06,0.9986860618435868
17084A,TRANQUILITY MASALA INCENSE,92.82,4.520364596509973e-06,0.9986905822081833
84388,UNKNOWN,92.33999999999999,4.4969884382862625e-06,0.9986950791966216
90075,MONTANA DIAMOND CLUSTER NECKLACE,92.17999999999999,4.489196385545026e-06,0.9986995683930071
84753A,UNKNOWN,92.16999999999999,4.4887093822486985e-06,0.9987040571023894
21343,UNKNOWN,92.0,4.480430326211134e-06,0.9987085375327157
90202C,GREEN ENAMEL FLOWER HAIR TIE,91.46000000000001,4.4541321482094615e-06,0.9987129916648637
90177B,DROP DIAMANTE EARRINGS BLACK DIAMON,91.38000000000001,4.450236121838843e-06,0.9987174419009857
20660,VIP LUGGAGE TAG,91.25,4.4439050789865875e-06,0.9987218858060647
90112,UNKNOWN,91.25,4.4439050789865875e-06,0.9987263297111437
84437A,UNKNOWN,90.95,4.4292949800967685e-06,0.9987307590061237
90202A,PURPLE ENAMEL FLOWER HAIR TIE,90.9,4.426859963615133e-06,0.9987351858660873
90214D,"LETTER ""D"" BLING KEY RING",90.82,4.422963937244514e-06,0.9987396088300246
79026B,UNKNOWN,90.5,4.4073798317620405e-06,0.9987440162098563
72783,BLACK SIL'T SQU CANDLE PLATE,90.30000000000001,4.397639765835495e-06,0.9987484138496222
71406C,BLACK ORANGE SQUEEZER,89.92,4.379133640575057e-06,0.9987527929832628
17013C,UNKNOWN,89.46000000000001,4.356731488944001e-06,0.9987571497147516
47598,NEW ENGLAND EGG WARMER,89.12,4.340173376868873e-06,0.9987614898881285
90162A,ANT SILVER TURQUOISE BOUDICCA RING,88.50000000000001,4.309979172496581e-06,0.9987657998673011
90059E,DIAMANTE HAIR GRIP PACK/2 RUBY,88.30999999999999,4.300726109866361e-06,0.9987701005934109
35638A,PINK AND BLACK STRING CURTAIN,88.05,4.288064024161852e-06,0.9987743886574351
71495A,CD WALL TIDY BLUE OFFICE,87.96000000000001,4.283680994494907e-06,0.9987786723384297
84721,UNKNOWN,87.8,4.27588894175367e-06,0.9987829482273713
90092,BLUE CRYSTAL BOOT PHONE CHARM,87.50999999999999,4.261765846160178e-06,0.9987872099932175
23442,12 HANGING EGGS HAND PAINTED,87.36,4.254460796715269e-06,0.9987914644540141
37462B,UNKNOWN,87.28,4.25056477034465e-06,0.9987957150187845
20835,FRENCH LATTICE CUSHION COVER,87.02,4.237902684640141e-06,0.9987999529214692
35822B,"ACRYLIC BEAD CHAIN, BLUE",87.02,4.237902684640141e-06,0.9988041908241537
35265,COLOURFUL FLOWER FRUIT BOWL,86.95,4.23449366156585e-06,0.9988084253178154
90088,CRYSTAL KEY+LOCK PHONE CHARM,86.69999999999999,4.222318579157667e-06,0.9988126476363947
90039C,FIRE POLISHED GLASS BRACELET BLACK,86.65,4.219883562676031e-06,0.9988168675199572
23614,SET 10 CARDS 12 DAYS WRAP 17058,86.58,4.216474539601739e-06,0.9988210839944969
84424A,UNKNOWN,86.25,4.200403430822939e-06,0.9988252843979277
35271S,UNKNOWN,85.97,4.186767338525775e-06,0.9988294711652662
90012B,BLACK DROP CRYSTAL NECKLACE,85.9,4.183358315451484e-06,0.9988336545235815
90162D,ANT SILVER PURPLE BOUDICCA RING,85.55000000000001,4.166313200080028e-06,0.9988378208367817
84454,UNKNOWN,85.53,4.165339193487373e-06,0.9988419861759752
85099c,JUMBO BAG BAROQUE BLACK WHITE,85.16999999999999,4.14780707481959e-06,0.99884613398305
35838B,S/6 SILVER ORNAMENETAL CANDLE,85.0,4.139528018782027e-06,0.9988502735110687
90026D,GLASS BEAD HOOP NECKLACE AMETHYST,85.0,4.139528018782027e-06,0.9988544130390875
90001D,ANTIQUE OLIVE GREEN FLOWER EARRINGS,84.96000000000001,4.137580005596718e-06,0.9988585506190931
17027A,UNKNOWN,84.84,4.1317359660407906e-06,0.9988626823550592
84251B,"GREETING CARD, STICKY GORDON",84.84,4.1317359660407906e-06,0.9988668140910252
46775B,UNKNOWN,84.75,4.127352936373844e-06,0.9988709414439616
16051,UNKNOWN,84.69,4.124430916595881e-06,0.9988750658748783
81952B,UNKNOWN,84.56,4.118099873743626e-06,0.998879183974752
84450B,UNKNOWN,84.55,4.117612870447298e-06,0.9988833015876224
84251F,UNKNOWN,83.97,4.089366679260315e-06,0.9988873909543017
90141C,TURQ PENDANT TRIPLE SHELL NECKLACE,83.69,4.0757305869631506e-06,0.9988914666848887
22016,Dotcomgiftshop Gift Voucher £100.00,83.33,4.058198468295368e-06,0.9988955248833569
72779,SET/6 BLACK ROSE T-LIGHT CANDLES,82.81,4.032874296886349e-06,0.9988995577576538
90176D,DIAMANTE NECKLACE PURPLE,82.81,4.032874296886349e-06,0.9989035906319507
84030C,UNKNOWN,82.78,4.031413286997367e-06,0.9989076220452378
90002B,FLOWER BURST SILVER RING ROSE,82.74,4.029465273812057e-06,0.9989116515105115
90177E,DROP DIAMANTE EARRINGS GREEN,82.71000000000001,4.028004263923076e-06,0.9989156795147754
90189A,SILVER 2 STRAND NECKLACE-LEAF CHARM,82.64,4.024595240848785e-06,0.9989197041100163
90130A,WHITE STONE/CRYSTAL EARRINGS,82.51,4.01826419799653e-06,0.9989237223742142
90069,RUBY GLASS CLUSTER NECKLACE,82.5,4.017777194700202e-06,0.998927740151409
21699,UNKNOWN,82.44,4.014855174922238e-06,0.9989317550065839
90183B,AMETHYST DROP EARRINGS W LONG BEADS,81.92999999999999,3.990018006809546e-06,0.9989357450245907
35610C,Thrown away.,81.56,3.971998884845436e-06,0.9989397170234756
16201B,UNKNOWN,81.1,3.949596733214381e-06,0.9989436666202087
90121B,UNKNOWN,80.75,3.932551617842925e-06,0.9989475991718266
84596I,WRAP SWEETS LIGHT PINK SMALL BOWL,80.62,3.926220574990671e-06,0.9989515253924016
17011E,UNKNOWN,80.60000000000001,3.925246568398016e-06,0.99895545063897
DCGS0069,ebay,80.31,3.911123472804525e-06,0.9989593617624428
84415B,UNKNOWN,80.0,3.896026370618378e-06,0.9989632577888135
90059F,DIAMANTE HAIR GRIP PACK/2 LT ROSE,79.86999999999999,3.8896953277661226e-06,0.9989671474841413
90206A,GOLD DIAMANTE STAR BROOCH,79.60000000000001,3.876546238765287e-06,0.99897102403038
90125B,AQUA BERTIE GLASS BEAD BAG CHARM,79.57000000000001,3.8750852288763045e-06,0.9989748991156089
84795E,UNKNOWN,79.5,3.871676205802013e-06,0.9989787707918146
84548,CROCHET BEAR RED/BLUE KEYRING,79.19999999999999,3.857066106912194e-06,0.9989826278579216
90038B,GLASS AND PAINTED BEADS BRACELET OL,79.19,3.856579103615867e-06,0.9989864844370252
90064A,WHITE VINTAGE CRYSTAL EARRINGS,79.14,3.854144087134231e-06,0.9989903385811124
90039B,FIRE POLISHED GLASS BRACELET MONTAN,78.99,3.846839037689321e-06,0.99899418542015
84251C,"GREETING CARD, TWO SISTERS.",78.96000000000001,3.84537802780034e-06,0.9989980307981778
84455,UNKNOWN,78.81,3.83807297835543e-06,0.9990018688711562
90064B,BLACK VINTAGE CRYSTAL EARRINGS,78.75,3.835150958577466e-06,0.9990057040221146
35931,PINK STAR CHRISTMAS DECORATION,78.12,3.8044697509088464e-06,0.9990095084918656
90214H,"LETTER ""H"" BLING KEY RING",77.71,3.7845026157594267e-06,0.9990132929944815
90214N,"LETTER ""N"" BLING KEY RING",77.64999999999999,3.781580595981463e-06,0.9990170745750774
21450,UNKNOWN,77.35,3.766970497091644e-06,0.9990208415455746
90176C,DIAMANTE NECKLACE,77.0,3.749925381720189e-06,0.9990245914709562
21595,UNKNOWN,76.95,3.7474903652385526e-06,0.9990283389613215
84593,UNKNOWN,76.7,3.7353152828303703e-06,0.9990320742766042
84425A,UNKNOWN,76.6,3.7304452498670966e-06,0.9990358047218542
90100,UNKNOWN,76.5,3.7255752169038242e-06,0.999039530297071
90020,FILIGREE DIAMANTE CHAIN,76.23,3.7124261279029873e-06,0.999043242723199
35815P,UNKNOWN,75.88000000000001,3.695381012531532e-06,0.9990469381042115
90176A,CLASSIC DIAMANTE NECKLACE JET,75.88,3.6953810125315313e-06,0.9990506334852239
84746,PINK EASTER HENS+FLOWER,75.81,3.6919719894572406e-06,0.9990543254572135
20879,UNKNOWN,75.60000000000001,3.681744920234368e-06,0.9990580072021337
62043B,UNKNOWN,75.16,3.660316775195966e-06,0.9990616675189089
16161E,UNKNOWN,75.0,3.6525247224547295e-06,0.9990653200436314
37399,UNKNOWN,75.0,3.6525247224547295e-06,0.9990689725683538
72802a,ROSE SCENT CANDLE IN JEWELLED BOX,74.97,3.6510637125657474e-06,0.9990726236320663
72807a,SET/3 ROSE CANDLE IN JEWELLED BOX,74.78999999999999,3.642297653231856e-06,0.9990762659297197
84757,ENCHANTED GARDEN WROUGHT IRON TABLE,74.75,3.640349640046547e-06,0.9990799062793597
21267,UNKNOWN,74.6,3.6330445906016373e-06,0.9990835393239502
90012A,MIDNIGHT BLUE DROP CRYSTAL NECKLACE,74.38,3.622330518082437e-06,0.9990871616544684
37509,UNKNOWN,73.94999999999999,3.6013893763403628e-06,0.9990907630438447
84899E,YELLOW BROWN BEAR FELT PURSE KIT,73.92999999999999,3.600415369747708e-06,0.9990943634592144
15030,FAN BLACK FRAME,73.66,3.5872662807468713e-06,0.9990979507254952
90130C,GREEN STONE/CRYSTAL EARRINGS,73.62,3.5853182675615626e-06,0.9991015360437628
79331,PINK FLOCK GLASS CANDLEHOLDER,73.6,3.5843442609689076e-06,0.9991051203880237
84447,UNKNOWN,73.27,3.568273152190107e-06,0.9991086886611759
16151A,UNKNOWN,72.5,3.530773898372905e-06,0.9991122194350742
90214B,"LETTER ""B"" BLING KEY RING",72.33,3.522494842335341e-06,0.9991157419299167
84427B,UNKNOWN,72.25,3.5185988159647228e-06,0.9991192605287326
90027D,GLASS BEAD HOOP EARRINGS AMETHYST,72.18,3.515189792890432e-06,0.9991227757185255
90031,BILI NUT AND WOOD NECKLACE,71.9,3.5015537005932676e-06,0.999126277272226
90038C,GLASS AND BEADS BRACELET IVORY,71.46,3.480125555554866e-06,0.9991297573977816
35937,UNKNOWN,71.44,3.4791515489622117e-06,0.9991332365493306
17007B,UNKNOWN,71.4,3.4772035357769026e-06,0.9991367137528664
90060D,FIRE POLISHED GLASS NECKL BRONZE,71.4,3.4772035357769026e-06,0.999140190956402
84925C,FAIRY CAKES WALL THERMOMETER,71.39999999999999,3.477203535776902e-06,0.9991436681599379
84415A,UNKNOWN,71.25,3.469898486331993e-06,0.9991471380584243
90037B,TINY CRYSTAL BRACELET GREEN,71.17,3.466002459961375e-06,0.9991506040608841
90179A,AMBER FINE BEAD NECKLACE W TASSEL,71.0,3.4577234039238104e-06,0.999154061784288
16256C,UNKNOWN,70.98,3.4567493973311562e-06,0.9991575185336854
84803B,WHITE ALLIUM ARTIFICIAL FLOWER,70.98,3.4567493973311562e-06,0.9991609752830828
84086B,YELLOW/BLUE RETRO RADIO,70.80000000000001,3.447983337997265e-06,0.9991644232664207
90187B,GREEN DROP EARRINGS W BEAD CLUSTER,70.6,3.4382432720707186e-06,0.9991678615096927
20958,PORCELAIN HANGING BELL LARGE,70.5,3.4333732391074457e-06,0.9991712948829319
90202B,WHITE ENAMEL FLOWER HAIR TIE,70.49000000000001,3.4328862358111187e-06,0.9991747277691678
90050,CRACKED GLAZE NECKLACE IVORY,70.16,3.4168151270323172e-06,0.9991781445842948
47420,ASSORTED COLOUR SUCTION CUP HOOK,70.11,3.414380110550681e-06,0.9991815589644053
84705A,UNKNOWN,69.75,3.3968479918828984e-06,0.9991849558123972
90131,PINK/AMETHYST/GOLD NECKLACE,69.62,3.390516949030644e-06,0.9991883463293463
gift_0001_80,UNKNOWN,69.56,3.3875949292526798e-06,0.9991917339242755
72140F,throw away,69.17999999999999,3.369088803992242e-06,0.9991951030130795
90037C,TINY CRYSTAL BRACELET BLUE,68.63,3.342303622694241e-06,0.9991984453167021
90059C,DIAMANTE HAIR GRIP PACK/2 MONTANA,68.17999999999999,3.3203884743595125e-06,0.9992017657051766
71215,METAL BASE FOR CANDLES,68.1,3.316492447988894e-06,0.9992050821976245
84857A,UNKNOWN,68.0,3.3116224150256213e-06,0.9992083938200396
DCGS0004,HAYNES CAMPER SHOULDER BAG,67.94,3.3087003952476576e-06,0.9992117025204349
90140,PINK SWEETIE NECKLACE,67.9,3.3067523820623485e-06,0.9992150092728168
90026B,GLASS BEAD HOOP NECKLACE MONTANA,67.82,3.30285635569173e-06,0.9992183121291726
90026C,GLASS BEAD HOOP NECKLACE GREEN,67.82,3.30285635569173e-06,0.9992216149855283
84596e,SMALL LICORICE DES PINK BOWL,67.77,3.300421339210093e-06,0.9992249154068674
90002E,UNKNOWN,67.77,3.300421339210093e-06,0.9992282158282066
84864A,UNKNOWN,67.71000000000001,3.2974993194321303e-06,0.9992315133275261
90078,PINK/WHITE GLASS DEMI CHOKER,67.64,3.2940902963578387e-06,0.9992348074178224
90024F,NEW BAROQUE B'FLY NECKLACE CRYSTAL,67.61,3.2926292864688566e-06,0.9992381000471089
47341B,BLUE TABLE RUN FLOWER,67.5,3.2872722502092567e-06,0.9992413873193592
84926B,UNKNOWN,67.5,3.2872722502092567e-06,0.9992446745916094
47504J,ENGLISH ROSE SET/3 GARDEN TOOLS,67.25,3.275097167801074e-06,0.9992479496887772
90214P,"LETTER ""P"" BLING KEY RING",66.59,3.242954950243473e-06,0.9992511926437274
35819P,"ACRYLIC HANGING JEWEL,PINK",66.55,3.2410069370581633e-06,0.9992544336506645
90037A,TINY CRYSTAL BRACELET RED,66.31,3.2293188579463084e-06,0.9992576629695223
40002,WHITE BAMBOO RIBS LAMPSHADE,66.3,3.2288318546499805e-06,0.999260891801377
85072,OCCASIONS GIFT CARD ASSORTMENT,66.0,3.214221755760162e-06,0.9992641060231328
17136A,check,65.94,3.211299735982198e-06,0.9992673173228689
79329,UNKNOWN,65.94,3.211299735982198e-06,0.9992705286226047
84340,UNKNOWN,65.76,3.202533676648307e-06,0.9992737311562815
79406,FROSTED WHITE BASE,65.62,3.1957156304997248e-06,0.999276926871912
90179B,PURPLE FINE BEAD NECKLACE W TASSEL,65.31,3.1806185283135783e-06,0.9992801074904403
47016,LIGHT DECORATION BATTERY OPERATED,65.10000000000001,3.1703914590907056e-06,0.9992832778818994
90141B,IVORY PENDANT TRIPLE SHELL NECKLACE,64.94,3.162599406349468e-06,0.9992864404813057
90046,WHITE WITH METAL BAG CHARM,64.35000000000001,3.1338662118661582e-06,0.9992895743475176
84551,CROCHET DOG KEYRING,64.35,3.133866211866158e-06,0.9992927082137294
90074,BLACK DIAMOND CLUSTER NECKLACE,64.09,3.1212041261616484e-06,0.9992958294178556
79534,UNKNOWN,63.800000000000004,3.107081030568157e-06,0.9992989364988861
20791,UNKNOWN,63.75,3.10464601408652e-06,0.9993020411449002
35973,UNKNOWN,63.75,3.10464601408652e-06,0.9993051457909142
84582,UNKNOWN,63.75,3.10464601408652e-06,0.9993082504369284
85018A,UNKNOWN,63.75,3.10464601408652e-06,0.9993113550829424
85018B,UNKNOWN,63.75,3.10464601408652e-06,0.9993144597289565
20905,UNKNOWN,63.5,3.0924709316783376e-06,0.9993175521998882
90205A,LARGE MINT DIAMANTE HAIRSLIDE,63.46,3.0905229184930285e-06,0.9993206427228067
37491D,PURPLE/BLUE CERAMIC CANDLE HOLDER,63.28,3.0817568591591373e-06,0.999323724479666
72709,IVORY SCULPTED RND CANDLE,62.9,3.0632507338986997e-06,0.9993267877303998
84529B,UNKNOWN,62.35,3.0364655526006984e-06,0.9993298241959525
35607B,thrown away,62.300000000000004,3.0340305361190622e-06,0.9993328582264884
47348A,FUSCHIA VOILE POINTY SHOE DEC,62.01,3.0199074405255704e-06,0.9993358781339291
72771B,UNKNOWN,61.94,3.016498417451279e-06,0.9993388946323466
20620,UNKNOWN,61.76,3.0077323581173876e-06,0.9993419023647045
35817B,UNKNOWN,61.3,2.985330206486332e-06,0.9993448876949111
35910B,PINK FLOWERS RABBIT EASTER,61.07,2.9741291306708044e-06,0.9993478618240418
90188,DROP EARRINGS W FLOWER & LEAF,61.05,2.97315512407815e-06,0.9993508349791659
90214I,"LETTER ""I"" BLING KEY RING",61.0,2.970720107596513e-06,0.9993538056992735
37477B,UNKNOWN,60.0,2.9220197779637835e-06,0.9993567277190515
84875A,UNKNOWN,60.0,2.9220197779637835e-06,0.9993596497388294
23629,SET 10 CARDS DRESSING UP 17077,59.760000000000005,2.9103316988519287e-06,0.9993625600705281
84292B,UNKNOWN,59.75,2.909844695555601e-06,0.9993654699152237
90021,LASER CUT MULTI STRAND NECKLACE,59.75,2.909844695555601e-06,0.9993683797599193
90171,UNKNOWN,59.65,2.904974662592328e-06,0.999371284734582
gift_0001_70,UNKNOWN,59.57,2.9010786362217097e-06,0.9993741858132182
44241C,UNKNOWN,59.49999999999999,2.8976696131474185e-06,0.9993770834828314
35654,VINTAGE BEAD FILLED PINK CUSHION,59.400000000000006,2.892799580184146e-06,0.9993799762824115
35001B,UNKNOWN,59.330000000000005,2.889390557109855e-06,0.9993828656729686
90011B,BLACK CRYSTAL DROP EARRINGS,59.06,2.8762414681090175e-06,0.9993857419144367
35909A,RABBIT EASTER DECORATION,59.00000000000001,2.8733194483310543e-06,0.9993886152338851
17129C,wrong invc,58.83,2.86504039229349e-06,0.9993914802742773
81985A,UNKNOWN,58.65,2.8562743329595983e-06,0.9993943365486103
85023C,PINK LARGE JEWELED PHOTOFRAME,58.65,2.8562743329595983e-06,0.9993971928229433
84226,UNKNOWN,58.31,2.8397162208844706e-06,0.9994000325391642
35816B,damaged,58.07,2.8280281417726154e-06,0.9994028605673059
35821B,gone,57.0,2.7759187890655945e-06,0.9994056364860949
90212C,PURPLE LAS VEGAS BRACELET ROUND,56.25,2.739393541841047e-06,0.9994083758796367
85080,UNKNOWN,56.18,2.735984518766756e-06,0.9994111118641557
47344B,BLUE FLOWER DES PURSE,56.16,2.7350105121741014e-06,0.9994138468746677
85023A,CRYSTAL LARGE JEWELLED PHOTO FRAME,56.099999999999994,2.7320884923961372e-06,0.9994165789631602
90033,IVORY SHELL HEART EARRINGS,55.879999999999995,2.721374419876937e-06,0.99941930033758
90182C,BLACK 3 BEAD DROP EARRINGS,55.74,2.714556373728355e-06,0.9994220148939538
90177A,CLASSIC DIAMANTE EARRINGS JET,55.690000000000005,2.712121357246719e-06,0.9994247270153109
90214T,"LETTER ""T"" BLING KEY RING",55.57,2.706277317690791e-06,0.9994274332926286
22657,HEN & 2 CHICKS IN BASKET,55.25,2.6906932122083174e-06,0.9994301239858409
90001B,ANTIQUE MID BLUE FLOWER EARRINGS,55.120000000000005,2.6843621693560625e-06,0.9994328083480103
85151,UNKNOWN,55.0,2.678518129800135e-06,0.99943548686614
90135A,ORANGE/FUSCHIA STONES NECKLACE,54.620000000000005,2.660012004539698e-06,0.9994381468781446
90142D,MOP PENDANT SHELL NECKLACE,54.59,2.658550994650716e-06,0.9994408054291393
90043,COPPER AND BRASS BAG CHARM,54.510000000000005,2.6546549682800976e-06,0.9994434600841074
20820,UNKNOWN,54.45,2.651732948502134e-06,0.9994461118170561
20953,PORCELAIN CHERUB BELL LARGE,54.449999999999996,2.6517329485021335e-06,0.9994487635500046
90084,UNKNOWN,54.4,2.6492979320204972e-06,0.9994514128479365
46115B,UNKNOWN,54.34,2.6463759122425335e-06,0.9994540592238488
20870,UNKNOWN,54.300000000000004,2.6444278990572244e-06,0.9994567036517479
84402B,UNKNOWN,54.09,2.6342008298343512e-06,0.9994593378525777
84559b,3D SHEET OF CAT STICKERS,53.54,2.6074156485363495e-06,0.9994619452682262
84660b,BLACK STITCHED WALL CLOCK,53.18,2.589883529868567e-06,0.999464535151756
72798C,UNKNOWN,53.11,2.5864745067942757e-06,0.9994671216262629
84660a,WHITE STITCHED WALL CLOCK,52.7,2.566507371644857e-06,0.9994696881336346
84845C,UNKNOWN,52.5,2.5567673057183107e-06,0.9994722449009403
84951b,SET OF 4 BLACK LOVEBIRD COASTERS,51.26,2.496378896973726e-06,0.9994747412798372
84845D,UNKNOWN,51.25,2.4958918936773983e-06,0.9994772371717309
35071,UNKNOWN,51.14,2.4905348574177984e-06,0.9994797277065883
20964,UNKNOWN,51.0,2.483716811269216e-06,0.9994822114233995
84612B,thrown away,51.0,2.483716811269216e-06,0.9994846951402109
84968b,SET OF 16 VINTAGE IVORY CUTLERY,50.98,2.4827428046765614e-06,0.9994871778830156
84968f,SET OF 16 VINTAGE SKY BLUE CUTLERY,50.98,2.4827428046765614e-06,0.9994896606258202
85069,UNKNOWN,50.849999999999994,2.476411761824306e-06,0.9994921370375821
85035b,CHOCOLATE 3 WICK MORRIS BOX CANDLE,50.82000000000001,2.474950751935325e-06,0.9994946119883339
85124a,PINK JUICY FRUIT PHOTO FRAME,50.599999999999994,2.464236679416124e-06,0.9994970762250134
90034,WHITE SILVER NECKLACE SHELL GLASS,50.48,2.4583926398601964e-06,0.9994995346176533
72083A,STRAWBERY SWIRL FLARE CANDLE,50.400000000000006,2.4544966134895785e-06,0.9995019891142667
90141E,ORANGE PENDANT TRIPLE SHELL NECKLAC,50.06,2.43793850141445e-06,0.9995044270527682
23603,SET 10 CARD KRAFT REINDEER 17084,49.800000000000004,2.4252764157099407e-06,0.9995068523291838
72129,COLUMBIAN CANDLE ROUND,49.760000000000005,2.4233284025246315e-06,0.9995092756575864
90052,CRACKED GLAZE NECKLACE BROWN,49.58,2.4145623431907396e-06,0.9995116902199297
84537B,UNKNOWN,49.14,2.3931341981523386e-06,0.9995140833541276
35644,UNKNOWN,48.75,2.3741410695955743e-06,0.9995164574951972
90128A,PINK LEAVES AND BEADS PHONE CHARM,48.71,2.372193056410265e-06,0.9995188296882537
37489A,UNKNOWN,48.51,2.362452990483719e-06,0.9995211921412442
35603C,SET/16 WHITE SHINY & MATT BAUBLES,48.3,2.3522259212608455e-06,0.9995235443671654
37491A,YELLOW/PINK CERAMIC CANDLE HOLDER,48.3,2.3522259212608455e-06,0.9995258965930867
90083,CRYSTAL CZECH CROSS PHONE CHARM,48.08,2.3415118487416453e-06,0.9995282381049355
84608,UNKNOWN,47.7,2.323005723481208e-06,0.999530561110659
21347,UNKNOWN,47.6,2.318135690517935e-06,0.9995328792463496
85081,PADDED HOLLY CHRISTMAS DECORATION,47.43,2.3098566344803707e-06,0.999535189102984
20895,UNKNOWN,47.2,2.2986555586648434e-06,0.9995374877585427
35909B,PINK FLOWERS RABBIT EASTER,47.2,2.2986555586648434e-06,0.9995397864141012
90067B,BROWN VINTAGE VICTORIAN EARRINGS,47.120000000000005,2.294759532294225e-06,0.9995420811736336
37462E,"PET MUG, GOLDFISH",47.12,2.2947595322942247e-06,0.9995443759331658
84227,UNKNOWN,47.04,2.2908635059236064e-06,0.9995466667966718
90181C,BLACK GLASS/SHELL/PEARL NECKLACE,46.93,2.285506469664006e-06,0.9995489523031416
84596f,SMALL MARSHMALLOWS PINK BOWL,46.89,2.283558456478697e-06,0.999551235861598
20988,TRELLIS FLOWER CHOPSTICKS SET/5,46.8,2.279175426811751e-06,0.9995535150370247
84857B,BLUE MONTE CARLO HANDBAG,46.8,2.279175426811751e-06,0.9995557942124516
90001C,ANTIQUE OPAL WHITE FLOWER EARRINGS,46.7,2.2743053938484784e-06,0.9995580685178453
90001A,ANTIQUE RASPBERRY FLOWER EARRINGS,46.6,2.2694353608852055e-06,0.9995603379532063
84705F,UNKNOWN,46.5,2.2645653279219323e-06,0.9995626025185342
16050,UNKNOWN,46.45,2.262130311440296e-06,0.9995648646488456
47341A,UNKNOWN,46.25,2.25239024551375e-06,0.9995671170390912
72024U,LILAC VOTIVE CANDLE,46.2,2.2499552290321133e-06,0.9995693669943201
85132c,CHARLIE AND LOLA FIGURES TINS,46.099999999999994,2.24508519606884e-06,0.9995716120795163
84626,UNKNOWN,45.95,2.237780146623931e-06,0.9995738498596629
18097A,UNKNOWN,45.9,2.2353451301422944e-06,0.9995760852047931
35611B,thrown away,45.760000000000005,2.2285270839937124e-06,0.999578313731877
16161C,UNKNOWN,45.0,2.1915148334728375e-06,0.9995805052467105
35233,PASTA ENAMEL/BRASS CONTAINER,45.0,2.1915148334728375e-06,0.999582696761544
72724,UNKNOWN,45.0,2.1915148334728375e-06,0.9995848882763774
23625,SET 6 CARDS SPARKLY REINDEER 17262,44.910000000000004,2.187131803805892e-06,0.9995870754081813
90059B,DIAMANTE HAIR GRIP PACK/2 BLACK DIA,44.87,2.1851837906205826e-06,0.999589260591972
21685,MEDINA STAMPED METAL TRAY,44.849999999999994,2.184209784027928e-06,0.9995914448017559
90135,ORANGE/WHT/FUSCHIA STONES NECKLACE,44.75,2.1793397510646552e-06,0.9995936241415069
90197D,UNKNOWN,44.550000000000004,2.1695996851381095e-06,0.9995957937411921
72796B,S/3 FRENCH VANILLA SQU CANDLE,44.55,2.169599685138109e-06,0.9995979633408772
90011A,MIDNIGHT BLUE CRYSTAL DROP EARRINGS,44.28,2.1564505961372722e-06,0.9996001197914735
84586L,"PINK ROSES/GINGHAM PATCH RABBIT 8""",44.25000000000001,2.1549895862482906e-06,0.9996022747810597
35085E,UNKNOWN,44.25,2.1549895862482906e-06,0.9996044297706459
90125E,AMBER BERTIE GLASS BEAD BAG CHARM,44.19,2.1520675664703265e-06,0.9996065818382123
35815B,UNKNOWN,43.940000000000005,2.1398924840621446e-06,0.9996087217306964
17014C,UNKNOWN,43.75,2.1306394214319255e-06,0.9996108523701178
79063C,"RETRO PILL BOX KEY CHAIN,THE KING",43.65,2.1257693884686527e-06,0.9996129781395062
90042B,UNKNOWN,43.349999999999994,2.1111592895788333e-06,0.999615089298796
35822P,"ACRYLIC BEAD CHAIN, PINK",43.32,2.1096982796898517e-06,0.9996171989970756
90054,CRACKED GLAZE EARRINGS RED,43.019999999999996,2.0950881808000327e-06,0.9996192940852564
23038,T-LIGHT HOLDER SILVER SAUCER,42.919999999999995,2.0902181478367595e-06,0.9996213843034043
79066k,RETRO MOD TRAY,42.71,2.0799910786138867e-06,0.9996234642944828
84993a,75 GREEN PETIT FOUR CASES,42.71,2.0799910786138867e-06,0.9996255442855614
21596,Hypochondriac Pill Stress Ball,42.64,2.0765820555395955e-06,0.999627620867617
90024A,NEW BAROQUE B'FLY NECKLACE BLACK,42.5,2.0697640093910136e-06,0.9996296906316264
90126C,AMBER BERTIE MOBILE PHONE CHARM,42.1,2.0502838775379213e-06,0.999631740915504
72771C,UNKNOWN,42.08,2.0493098709452668e-06,0.9996337902253749
20860,UNKNOWN,42.0,2.0454138445746485e-06,0.9996358356392194
15060b,FAIRY CAKE DESIGN UMBRELLA,41.81,2.03616078194443e-06,0.9996378718000013
90152C,BLUE/NAT SHELL NECKLACE W PENDANT,41.650000000000006,2.0283687292031933e-06,0.9996399001687306
84611B,UNKNOWN,41.65,2.028368729203193e-06,0.9996419285374598
90060B,FIRE POLISHED GLASS NECKL GOLD,41.65,2.028368729203193e-06,0.9996439569061891
90060C,UNKNOWN,41.65,2.028368729203193e-06,0.9996459852749182
35809a,ENAMEL PINK TEA CONTAINER,41.54,2.0230116929435926e-06,0.9996480082866112
85184B,UNKNOWN,41.300000000000004,2.0113236138317378e-06,0.9996500196102249
23448,CREAM BUNNY EASTER EGG BASKET,41.24999999999999,2.0088885973501007e-06,0.9996520284988223
90027C,GLASS BEAD HOOP EARRINGS GREEN,41.17,2.004992570979483e-06,0.9996540334913934
18096c,WHITE ROUND PORCELAIN TLIGHT HOLDER,41.14,2.003531561090501e-06,0.9996560370229544
21119,Glow In The Dark Shot Glasses,41.01,1.997200518238246e-06,0.9996580342234727
44228,CANNABIS LEAF BEAD CURTAIN,40.8,1.9869734490153727e-06,0.9996600211969217
84798C,WHITE FOXGLOVE ARTIIFCIAL FLOWER,40.8,1.9869734490153727e-06,0.9996620081703708
47013C,UNKNOWN,40.519999999999996,1.9733373567182083e-06,0.9996639815077274
90136,PALE PINK/AMETHYST STONE NECKLACE,40.47,1.970902340236572e-06,0.9996659524100676
90152A,SILVER/NAT SHELL NECKLACE W PENDANT,40.34,1.9645712973843172e-06,0.999667916981365
37468,UNKNOWN,40.2,1.9577532512357353e-06,0.9996698747346162
20994,UNKNOWN,39.949999999999996,1.9455781688275525e-06,0.999671820312785
47013A,damaged,39.87,1.9416821424569342e-06,0.9996737619949275
79065A,TEATIME ROUND CAKE TINS,39.8,1.938273119382643e-06,0.9996757002680469
35963,FOLKART ZINC CLIP ON ANGEL WINGS,39.52,1.924637027085479e-06,0.999677624905074
82545A,UNKNOWN,38.75,1.887137773268277e-06,0.9996795120428472
47567b,TEA TIME KITCHEN APRON,38.72,1.8856767633792949e-06,0.9996813977196106
90130D,RED STONE/CRYSTAL EARRINGS,38.31,1.865709628229876e-06,0.999683263429239
90027B,GLASS BEAD HOOP EARRINGS MONTANA,38.28,1.864248618340894e-06,0.9996851276778571
90183C,BLACK DROP EARRINGS W LONG BEADS,38.12,1.856456565599657e-06,0.9996869841344228
47518f,ICON PLACEMAT POP ART ELVIS,37.75,1.8384374436355473e-06,0.9996888225718664
85115B,S/4 BLACK DISCO PARTITION PANEL,37.62,1.8321064007832922e-06,0.9996906546782672
90176B,DIAMANTE NECKLACE BLACK,37.62,1.8321064007832922e-06,0.999692486784668
90039A,FIRE POLISHED GLASS BRACELET RED,37.61,1.831619397486965e-06,0.9996943184040655
90214F,"LETTER ""F"" BLING KEY RING",37.53,1.8277233711163466e-06,0.9996961461274365
37112,UNKNOWN,37.5,1.8262623612273648e-06,0.9996979723897977
79413,GLASS WINE GLASS DECORATIONS,37.5,1.8262623612273648e-06,0.999699798652159
84509b,SET OF 4 FAIRY CAKE PLACEMATS,37.3,1.8165222953008186e-06,0.9997016151744543
90126A,PINK BERTIE MOBILE PHONE CHARM,37.14,1.808730242559582e-06,0.9997034239046969
84251J,UNKNOWN,37.04,1.803860209596309e-06,0.9997052277649064
16162M,THE KING GIFT BAG 25x24x12cm,36.96,1.7999641832256908e-06,0.9997070277290897
72715,UNKNOWN,36.96,1.7999641832256908e-06,0.999708827693273
17014E,ORIGAMI OPIUM INCENSE CONES,36.6,1.7824320645579081e-06,0.9997106101253375
90141D,ROSE PENDANT TRIPLE SHELL NECKLACE,36.33,1.7692829755570708e-06,0.9997123794083131
90037D,UNKNOWN,35.87,1.7468808239260151e-06,0.9997141262891371
84745B,BLUE HANGING GINGHAM EASTER HEN,35.7,1.7386017678884513e-06,0.9997158648909049
37348,UNKNOWN,35.699999999999996,1.738601767888451e-06,0.9997176034926728
90132,LIGHT TOPAZ TEAL/AQUA COL NECKLACE,35.63,1.7351927448141603e-06,0.9997193386854175
85184c,SET 4 VALENTINE DECOUPAGE HEART BOX,35.35,1.721556652516996e-06,0.9997210602420702
90011C,GREEN CRYSTAL DROP EARRINGS,35.330000000000005,1.7205826459243416e-06,0.999722780824716
79063D,"RETRO PILL BOX , REVOLUTIONARY",35.33,1.7205826459243411e-06,0.999724501407362
90152B,BLUE/GREEN SHELL NECKLACE W PENDANT,35.26,1.7171736228500502e-06,0.9997262185809848
84510e,SET OF 4 GREEN CAROUSEL COASTERS,35.089999999999996,1.708894566812486e-06,0.9997279274755515
82613b,"METAL SIGN,CUPCAKE SINGLE HOOK",35.04,1.7064595503308495e-06,0.9997296339351021
DCGS0058,UNKNOWN,34.82,1.695745477811649e-06,0.9997313296805799
84868B,UNKNOWN,34.75,1.692336454737358e-06,0.9997330220170346
37482p,CUBIC MUG PINK POLKA DOT,34.7,1.6899014382557216e-06,0.9997347119184729
90081B,LILY BROOCH WHITE/SILVER COLOUR,34.650000000000006,1.6874664217740852e-06,0.9997363993848946
84546,UNKNOWN,34.64999999999999,1.6874664217740846e-06,0.9997380868513164
35955,cant find,34.620000000000005,1.6860054118851033e-06,0.9997397728567281
44265,UNKNOWN,34.0,1.6558112075128107e-06,0.9997414286679357
90066A,PINK VINTAGE VICTORIAN CHOKER,33.75,1.6436361251046284e-06,0.9997430723040608
47591b,SCOTTIES CHILDRENS APRON,33.6,1.6363310756597189e-06,0.9997447086351365
84456,SET OF 3 RABBIT EGG EASTER,33.15,1.6144159273249903e-06,0.9997463230510637
85079,UNKNOWN,33.1,1.611980910843354e-06,0.9997479350319747
90076,MONTANA DIAMOND CLUSTER EARRINGS,33.0,1.607110877880081e-06,0.9997495421428525
DCGS0003,ebay,32.589999999999996,1.5871437427306615e-06,0.9997511292865953
82613c,"METAL SIGN,CUPCAKE SINGLE HOOK",32.48,1.5817867064710614e-06,0.9997527110733018
90214O,"LETTER ""O"" BLING KEY RING",31.419999999999998,1.530164357060368e-06,0.9997542412376588
23632,SET 10 CARDS CHEERFUL ROBIN 17065,31.200000000000003,1.5194502845411675e-06,0.9997557606879434
84745A,PINK HANGING GINGHAM EASTER HEN,31.080000000000002,1.51360624498524e-06,0.9997572742941883
44091C,MULTICOLOUR CRUSOE CHECK LAMPSHADE,30.66,1.4931521065394934e-06,0.9997587674462949
21919,Electronic Talking Breath-A-Loser,30.47,1.4838990439092747e-06,0.9997602513453387
37489B,BLUE/YELLOW FLOWER DESIGN BIG MUG,30.419999999999998,1.4814640274276381e-06,0.9997617328093662
90025F,BAROQUE BUTTERFLY EARRINGS CRYSTAL,30.23,1.4722109647974197e-06,0.999763205020331
90214V,"LETTER ""V"" BLING KEY RING",30.23,1.4722109647974197e-06,0.9997646772312958
18010,UNKNOWN,30.16,1.4688019417231285e-06,0.9997661460332375
37491B,BLUE/YELLOW CERAMIC CANDLE HOLDER,30.08,1.46490591535251e-06,0.9997676109391529
47563B,UNKNOWN,30.0,1.4610098889818918e-06,0.9997690719490419
84876C,UNKNOWN,30.0,1.4610098889818918e-06,0.9997705329589308
90176E,DIAMANTE NECKLACE GREEN,29.98,1.4600358823892372e-06,0.9997719929948132
21767,UNKNOWN,29.95,1.4585748725002553e-06,0.9997734515696857
78056,CAMOUFLAGE BACKPACK ON WHEELS,29.849999999999998,1.4537048395369823e-06,0.9997749052745253
22351,DOTCOMGIFTSHOP TEA TOWEL,29.809999999999995,1.451756826351673e-06,0.9997763570313516
84985a,SET OF 72 GREEN PAPER DOILIES,29.8,1.4512698230553459e-06,0.9997778083011747
35598A,DUSTY PINK CHRISTMAS TREE 60CM,29.500000000000004,1.4366597241655271e-06,0.9997792449608989
78034B,BLUE NETTING STORAGE HANGER,29.25,1.4244846417573444e-06,0.9997806694455406
46776f,WOVEN ROSE GARDEN CUSHION COVER,28.91,1.4079265296822163e-06,0.9997820773720703
40005B,BLUE ORGANDY ROUND LAMPSHADE W BEA,28.9,1.407439526385889e-06,0.9997834848115966
37489D,PINK/GREEN FLOWER DESIGN BIG MUG,28.86,1.4054915132005799e-06,0.9997848903031098
44089C,LILAC GAUZE BUTTERFLY LAMPSHADE,28.56,1.390881414310761e-06,0.9997862811845242
21097,UNKNOWN,28.049999999999997,1.3660442461980686e-06,0.9997876472287704
37489C,GREEN/BLUE FLOWER DESIGN BIG MUG,28.009999999999998,1.3640962330127595e-06,0.9997890113250033
17091F,UNKNOWN,27.71,1.3494861341229407e-06,0.9997903608111375
23613,SET 10 XMAS CARDS & BADGES 17070,27.39,1.3339020286404672e-06,0.9997916947131662
23637,SET 10 CARDS OUT OF ORDER 17216,27.39,1.3339020286404672e-06,0.9997930286151948
84867b,BLUE BABY BOY'S PHOTO ALBUM,27.14,1.3217269462322847e-06,0.9997943503421409
90187A,BLUE DROP EARRINGS W BEAD CLUSTER,27.04,1.3168569132690119e-06,0.9997956671990543
23702,High Resolution Image,27.0,1.3149089000837025e-06,0.9997969821079544
17013F,UNKNOWN,26.7,1.3002988011938836e-06,0.9997982824067556
90027A,GLASS BEAD HOOP EARRINGS BLACK,26.52,1.2915327418599922e-06,0.9997995739394975
90025E,BAROQUE BUTTERFLY EARRINGS MONTANA,26.5,1.2905587352673377e-06,0.9998008644982327
23636,SET 10 CARDS WISHING TREE 17116,26.19,1.2754616330811917e-06,0.9998021399598659
90182A,AMBER 3 BEAD DROP EARRINGS,26.16,1.2740006231922096e-06,0.999803413960489
85164b,BLACK BAROQUE CUCKOO CLOCK,26.04,1.268156583636282e-06,0.9998046821170726
90041,PEARL AND CHERRY QUARTZ BRACLET,25.67,1.2501374616721723e-06,0.9998059322545342
20954,UNKNOWN,25.590000000000003,1.2462414353015538e-06,0.9998071784959695
90142A,GREEN PENDANT SHELL NECKLACE,25.45,1.2394233891529716e-06,0.9998084179193588
DCGS0070,UNKNOWN,25.44,1.2389363858566443e-06,0.9998096568557445
85035a,GARDENIA 3 WICK MORRIS BOXED CANDLE,25.410000000000004,1.2374753759676624e-06,0.9998108943311205
47552A,UNKNOWN,25.349999999999998,1.2345533561896985e-06,0.9998121288844768
90214Y,"LETTER ""Y"" BLING KEY RING",25.339999999999996,1.234066352893371e-06,0.9998133629508297
35597D,UNKNOWN,25.28,1.2311443331154075e-06,0.9998145940951628
90055,CRACKED GLAZE EARRINGS BROWN,25.28,1.2311443331154075e-06,0.9998158252394959
90053,CRACKED GLAZE EARRINGS IVORY,25.23,1.2287093166337711e-06,0.9998170539488125
72801g,4 BURGUNDY WINE DINNER CANDLES,25.099999999999998,1.222378273781516e-06,0.9998182763270863
84596b,SMALL DOLLY MIX DESIGN ORANGE BOWL,25.099999999999998,1.222378273781516e-06,0.99981949870536
90128C,GREEN LEAVES AND BEADS PHONE CHARM,25.04,1.2194562540035523e-06,0.9998207181616141
23620,SET 10 CARDS PERFECT POST 17090,24.900000000000002,1.2126382078549703e-06,0.999821930799822
85034a,3 GARDENIA MORRIS BOXED CANDLES,24.869999999999997,1.2111771979659883e-06,0.9998231419770199
84550,CROCHET LILAC/RED BEAR KEYRING,24.749999999999996,1.2053331584100606e-06,0.9998243473101783
35633B,BLUE TINSEL GARLAND,24.7,1.2028981419284242e-06,0.9998255502083202
35596,UNKNOWN,24.65,1.2004631254467876e-06,0.9998267506714457
10124A,SPOTS ON RED BOOKCOVER TAPE,24.36,1.1863400298532961e-06,0.9998279370114754
84450A,UNKNOWN,24.18,1.1775739705194048e-06,0.999829114585446
37494a,FAIRY CAKE CERAMIC BUTTER DISH,24.16,1.1765999639267502e-06,0.9998302911854099
84575B,UNKNOWN,23.8,1.1590678452589676e-06,0.9998314502532551
79302m,"ART LIGHTS,FUNK MONKEY",23.77,1.1576068353699855e-06,0.9998326078600905
90128B,BLUE LEAVES AND BEADS PHONE CHARM,23.759999999999998,1.1571198320736583e-06,0.9998337649799227
17014F,UNKNOWN,23.699999999999996,1.1541978122956943e-06,0.9998349191777349
47556b,TEA TIME TEA TOWELS,23.64,1.1512757925177308e-06,0.9998360704535275
90011E,AMBER CRYSTAL DROP EARRINGS,23.61,1.1498147826287488e-06,0.9998372202683101
85040b,SET/4 BLUE FLOWER CANDLES IN BOWL,23.52,1.1454317529618032e-06,0.999838365700063
23623,SET 10 CARD CHRISTMAS WELCOME 17112,23.28,1.1337436738499482e-06,0.999839499443737
90095,UNKNOWN,22.909999999999997,1.1157245518858378e-06,0.9998406151682888
90025C,BAROQUE BUTTERFLY EARRINGS GREEN,22.56,1.0986794365143825e-06,0.9998417138477252
35591T,TURQUOISE CHRISTMAS TREE,22.5,1.0957574167364188e-06,0.999842809605142
37477C,UNKNOWN,22.5,1.0957574167364188e-06,0.9998439053625587
85225,BLING KEY RING STAND,22.5,1.0957574167364188e-06,0.9998450011199755
90189B,GOLD 2 STRAND NECKLACE-LEAF CHARMS,22.5,1.0957574167364188e-06,0.9998460968773922
23640,SET 10 CARDS SCOTTIE DOG 17211,22.410000000000004,1.0913743870694734e-06,0.9998471882517793
23645,SET 10 CHRISTMAS CARDS HOHOHO 16956,22.410000000000004,1.0913743870694734e-06,0.9998482796261664
35652,UNKNOWN,21.5,1.047057087103689e-06,0.9998493266832534
90214Z,"LETTER ""Z"" BLING KEY RING",21.49,1.0465700838073618e-06,0.9998503732533374
84387A,BIRD ON BRANCH CANVAS SCREEN,21.45,1.0446220706220527e-06,0.999851417875408
21387,UNKNOWN,21.25,1.0348820046955068e-06,0.9998524527574126
44092C,PURPLE/COPPER HANGING LAMPSHADE,21.25,1.0348820046955068e-06,0.9998534876394174
90128D,PURPLE LEAVES AND BEADS PHONE CHAR,21.24,1.0343950013991793e-06,0.9998545220344187
21594,UNKNOWN,21.06,1.025628942065288e-06,0.9998555476633608
23692,WRAP A PRETTY THANK YOU,21.0,1.0227069222873243e-06,0.9998565703702832
35603B,UNKNOWN,21.0,1.0227069222873243e-06,0.9998575930772055
DCGS0072,UNKNOWN,20.68,1.0071228168048507e-06,0.9998586002000223
46776a,WOVEN BUBBLE GUM CUSHION COVER,20.65,1.0056618069158689e-06,0.9998596058618291
10002R,ROBOT PENCIL SHARPNER,20.57,1.0017657805452504e-06,0.9998606076276096
79172D,UNKNOWN,20.4,9.934867245076864e-07,0.9998616011143341
85232a,SET/3 POLKA DOT STACKING TINS,20.34,9.905647047297227e-07,0.9998625916790388
84536a,ENGLISH ROSE NOTEBOOK A7 SIZE,19.970000000000002,9.725455827656127e-07,0.9998635642246216
90082C,UNKNOWN,19.93,9.705975695803034e-07,0.9998645348221913
23601,SET 10 CARDS SNOWY SNOWDROPS 17100,19.92,9.701105662839763e-07,0.9998655049327575
23616,SET 10 CARDS JINGLE BELLS 17217,19.92,9.701105662839763e-07,0.9998664750433238
23646,SET 10 CARDS JINGLE BELLS 16957,19.92,9.701105662839763e-07,0.99986744515389
90127A,PINK BEADS+HAND PHONE CHARM,19.92,9.701105662839763e-07,0.9998684152644564
84570B,WHITE SATIN DRESS JEWEL STAND,19.8,9.642665267280487e-07,0.9998693795309831
37488A,damaged,19.77,9.628055168390666e-07,0.9998703423365
37487B,Damaged,19.72,9.603705003574302e-07,0.9998713027070003
20680,UNKNOWN,19.5,9.496564278382296e-07,0.9998722523634281
79062D,"RETRO TIN ASHTRAY,REVOLUTIONARY",19.4,9.447863948749566e-07,0.999873197149823
81950V,UNKNOWN,19.09,9.296892926888105e-07,0.9998741268391158
84030B,UNKNOWN,18.75,9.131311806136824e-07,0.9998750399702964
90025D,BAROQUE BUTTERFLY EARRINGS PINK,18.69,9.102091608357187e-07,0.9998759501794571
84732B,CUTE BIRD CEATURE SCREEN,18.48,8.999820916128454e-07,0.9998768501615487
72796A,UNKNOWN,18.15,8.839109828340445e-07,0.9998777340725317
84311,UNKNOWN,18.15,8.839109828340445e-07,0.9998786179835144
84986b,SET OF 36 SILVER PAPER DOILIES,17.88,8.707618938332075e-07,0.9998794887454082
84614C,UNKNOWN,17.85,8.693008839442256e-07,0.9998803580462923
18097B,UNKNOWN,17.849999999999998,8.693008839442255e-07,0.9998812273471761
71050,SMALL SINGLE FLAME CANDLE HOLDER,17.849999999999998,8.693008839442255e-07,0.99988209664806
72801e,4 FESTIVE GREEN DINNER CANDLES,17.57,8.556647916470613e-07,0.9998829523128517
90182B,AMETHYST 3 BEAD DROP EARRINGS,17.53,8.537167784617521e-07,0.9998838060296302
23627,SET 10 CARDS XMAS GRAPHIC 17218,17.43,8.488467454984791e-07,0.9998846548763758
37482b,CUBIC MUG BLUE POLKA DOT,17.35,8.449507191278608e-07,0.9998854998270947
DCGS0066N,UNKNOWN,17.3,8.425157026462243e-07,0.9998863423427975
84796b,BLUE SAVANNAH PICNIC HAMPER FOR 2,17.12,8.33749643312333e-07,0.9998871760924408
DCGS0068,ebay,17.12,8.33749643312333e-07,0.9998880098420841
84993b,75 BLACK PETIT FOUR CASES,16.99,8.274186004600779e-07,0.9998888372606846
21120,UNKNOWN,16.98,8.269315971637508e-07,0.9998896641922818
85035c,ROSE 3 WICK MORRIS BOX CANDLE,16.94,8.249835839784416e-07,0.9998904891758656
85036b,CHOCOLATE 1 WICK MORRIS BOX CANDLE,16.94,8.249835839784416e-07,0.9998913141594497
72805,UNKNOWN,16.9,8.230355707931323e-07,0.9998921371950206
47591c,BLUE FAIRY CAKE CHILD'S APRON,16.84,8.201135510151686e-07,0.9998929573085715
21511,UNKNOWN,16.8,8.181655378298594e-07,0.9998937754741093
44089A,PINK GAUZE BUTTERFLY LAMPSHADE,16.8,8.181655378298594e-07,0.9998945936396471
72785A,UNKNOWN,16.8,8.181655378298594e-07,0.9998954118051849
23644,SET 10 CARDS CHRISTMAS TREE 16955,16.65,8.108604883849499e-07,0.9998962226656732
84031a,CHARLIE+LOLA RED HOT WATER BOTTLE,16.63,8.098864817922953e-07,0.9998970325521552
84031b,CHARLIE LOLA BLUE HOT WATER BOTTLE,16.63,8.098864817922953e-07,0.999897842438637
85036a,GARDENIA 1 WICK MORRIS BOXED CANDLE,16.58,8.074514653106588e-07,0.9998986498901021
85160b,BLACK BIRD GARDEN DESIGN MUG,16.13,7.855363169759305e-07,0.9998994354264192
90102,WHITE FRANGIPANI HAIR CLIP,16.11,7.845623103832759e-07,0.9999002199887297
62074B,ELEPHANT CLIP W SUCTION CUP,15.96,7.772572609383665e-07,0.9999009972459906
84250M,UNKNOWN,15.9,7.743352411604027e-07,0.9999017715812317
84630,UNKNOWN,15.9,7.743352411604027e-07,0.9999025459164728
35932,UNKNOWN,15.63,7.611861521595656e-07,0.9999033071026251
84912a,PINK ROSE WASHBAG,15.56,7.577771290852745e-07,0.9999040648797541
21560,UNKNOWN,15.44,7.519330895293469e-07,0.9999048168128437
21853,UNKNOWN,15.399999999999999,7.499850763440378e-07,0.99990556679792
37481,UNKNOWN,15.299999999999999,7.451150433807647e-07,0.9999063119129634
84509e,SET OF 4 CAROUSEL PLACEMATS,15.24,7.42193023602801e-07,0.9999070541059869
85124c,GREEN JUICY FRUIT PHOTO FRAME,15.18,7.392710038248372e-07,0.9999077933769908
17174,ASSTD RASTA KEY-CHAINS,15.120000000000001,7.363489840468735e-07,0.9999085297259748
m,Manual,15.049999999999999,7.329399609725823e-07,0.9999092626659358
84206A,3 BLACK CATS W HEARTS BLANK CARD,15.010000000000002,7.309919477872733e-07,0.9999099936578835
23449,SET OF 6 EASTER RAINBOW CHICKS,15.0,7.305049444909459e-07,0.999910724162828
90068,"RUBY GLASS NECKLACE 42""",15.0,7.305049444909459e-07,0.9999114546677725
21475,UNKNOWN,14.95,7.280699280093094e-07,0.9999121827377007
23621,SET 10 CARDS DAVID'S MADONNA 17074,14.940000000000001,7.275829247129822e-07,0.9999129103206252
84509g,SET OF 4 FAIRY CAKE PLACEMATS,14.92,7.266089181203275e-07,0.9999136369295435
35650,VINTAGE BEAD PINK JEWEL STAND,14.850000000000001,7.231998950460365e-07,0.9999143601294384
84567,UNKNOWN,14.85,7.231998950460364e-07,0.9999150833293335
90011D,PURPLE CRYSTAL DROP EARRINGS,14.75,7.183298620827635e-07,0.9999158016591956
SP1002,UNKNOWN,14.75,7.183298620827635e-07,0.9999165199890577
23634,SET 10 CARDS XMAS CHOIR 17068,14.55,7.085897961562176e-07,0.9999172285788539
90077,BLACK DIAMOND CLUSTER EARRINGS,14.399999999999999,7.01284746711308e-07,0.9999179298636005
10124G,ARMY CAMO BOOKCOVER TAPE,14.28,6.954407071553805e-07,0.9999186253043078
21852,UNKNOWN,13.9,6.769345818949433e-07,0.9999193022388896
84868A,UNKNOWN,13.9,6.769345818949433e-07,0.9999199791734715
84406b,CREAM CUPID HEARTS COAT HANGER,13.82,6.730385555243249e-07,0.9999206522120271
16245A,damaged,13.75,6.696295324500338e-07,0.9999213218415596
35936,UNKNOWN,13.68,6.662205093757427e-07,0.9999219880620689
84814B,UNKNOWN,13.65,6.647594994867607e-07,0.9999226528215683
35443,RASTA IN BATH W SPLIFF ASHTRAY,13.6,6.623244830051243e-07,0.9999233151460514
79342b,BROWN FLOWER LIGHTS,13.57,6.608634731161424e-07,0.9999239760095245
84867a,PINK BABY GIRLS PHOTO ALBUM,13.57,6.608634731161424e-07,0.9999246368729976
21525,UNKNOWN,13.5,6.574544500418513e-07,0.9999252943274477
85039b,S/4 IVORY MINI ROSE CANDLE IN BOWL,13.44,6.545324302638874e-07,0.9999259488598778
62097B,BLUE STRIPES SHOULDER BAG,13.37,6.511234071895964e-07,0.999926599983285
23639,SET 10 CARDS MAGICAL TREE 17086,13.32,6.486883907079599e-07,0.9999272486716758
23607,SET 10 CARDS HATS & STOCKINGS 17081,13.28,6.467403775226507e-07,0.9999278954120534
79149B,SILICON STAR BULB BLUE,13.02,6.34078291818141e-07,0.9999285294903452
35004s,SET OF 3 SILVER FLYING DUCKS,13.0,6.331042852254864e-07,0.9999291625946304
85159b,"WHITE TEA,COFFEE,SUGAR JARS",13.0,6.331042852254864e-07,0.9999297956989156
16192,UNKNOWN,12.899999999999999,6.282342522622134e-07,0.9999304239331678
84989b,75 BLACK FAIRY CAKE CASES,12.8,6.233642192989405e-07,0.9999310472973871
84247J,PACK/12 RUSSIAN DOLL CARDS,12.780000000000001,6.22390212706286e-07,0.9999316696875999
20812,UNKNOWN,12.75,6.20929202817304e-07,0.9999322906168028
21772,UNKNOWN,12.75,6.20929202817304e-07,0.9999329115460055
44092B,BLUE WHITE PLASTIC RINGS LAMPSHADE,12.75,6.20929202817304e-07,0.9999335324752083
72752B,UNKNOWN,12.75,6.20929202817304e-07,0.9999341534044112
84648,UNKNOWN,12.75,6.20929202817304e-07,0.999934774333614
85083,UNKNOWN,12.75,6.20929202817304e-07,0.9999353952628168
35004p,SET OF 3 PINK FLYING DUCKS,12.72,6.194681929283222e-07,0.9999360147310097
85157,SET OF 2 CHESTS CHOCOLAT AU LAIT,12.72,6.194681929283222e-07,0.9999366341992025
DCGS0037,KEY-RING CORKSCREW,12.72,6.194681929283222e-07,0.9999372536673954
DCGS0075,CAMOUFLAGUE DOG LEAD,12.72,6.194681929283222e-07,0.9999378731355885
35751C,PURPLE CURRENT CANDLE RING,12.61,6.141111566687218e-07,0.9999384872467452
35597A,UNKNOWN,12.5,6.087541204091216e-07,0.9999390960008655
35918B,UNKNOWN,12.5,6.087541204091216e-07,0.999939704754986
51012L,"FEATHER DUSTER, LIGHT PINK",12.5,6.087541204091216e-07,0.9999403135091064
84743C,UNKNOWN,12.5,6.087541204091216e-07,0.9999409222632267
23635,SET 10 CARDS CHRISTMAS HOLLY 17259,12.48,6.07780113816467e-07,0.9999415300433406
23654,SET 10 CARD SNOWMAN 16965,12.450000000000001,6.063191039274852e-07,0.9999421363624444
84596g,SMALL CHOCOLATES PINK BOWL,12.399999999999999,6.038840874458485e-07,0.9999427402465318
90000C,UNKNOWN,12.32,5.999880610752303e-07,0.999943340234593
44242A,LILAC FEATHERS CURTAIN,11.98,5.834299490001022e-07,0.999943923664542
22206,"MUG , DOTCOMGIFTSHOP.COM",11.82,5.756378962588654e-07,0.9999444993024382
85185E,UNKNOWN,11.8,5.746638896662109e-07,0.9999450739663279
85179a,GREEN BITTY LIGHT CHAIN,11.780000000000001,5.736898830735563e-07,0.9999456476562111
23605,SET 10 CARDS 12 DAYS OF XMAS 17059,11.64,5.668718369249741e-07,0.9999462145280479
23608,SET 10 CARDS RUDOLPHS NOSE 17097,11.64,5.668718369249741e-07,0.9999467813998848
90025B,BAROQUE BUTTERFLY EARRINGS RED,11.29,5.498267215535185e-07,0.9999473312266065
79070b,ENGLISH ROSE SQUARE CAKE TINS,11.26,5.483657116645367e-07,0.999947879592318
84366,VENDETTA CANVAS PICTURE,11.25,5.478787083682094e-07,0.9999484274710264
17011B,UNKNOWN,11.100000000000001,5.405736589233e-07,0.9999489680446855
47590a,BLUE HAPPY BIRTHDAY BUNTING,11.02,5.366776325526815e-07,0.9999495047223179
72785B,UNKNOWN,10.9,5.30833592996754e-07,0.9999500355559109
84732D,CUTE RABBIT CEATURE SCREEN,10.89,5.303465897004267e-07,0.9999505659025006
16169A,UNKNOWN,10.5,5.113534611436621e-07,0.9999510772559618
16169G,UNKNOWN,10.5,5.113534611436621e-07,0.9999515886094229
17084G,UNKNOWN,10.5,5.113534611436621e-07,0.999952099962884
21496,UNKNOWN,10.5,5.113534611436621e-07,0.9999526113163452
21857,UNKNOWN,10.23,4.982043721428251e-07,0.9999531095207174
21858,UNKNOWN,10.23,4.982043721428251e-07,0.9999536077250896
85124b,BLUE JUICY FRUIT PHOTO FRAME,10.23,4.982043721428251e-07,0.9999541059294617
20939,UNKNOWN,10.2,4.967433622538432e-07,0.9999546026728239
85232d,SET/3 DECOUPAGE STACKING TINS,10.17,4.952823523648613e-07,0.9999550979551761
90214W,"LETTER ""W"" BLING KEY RING",10.17,4.952823523648613e-07,0.9999555932375286
84661c,PINK SQUARE TABLE CLOCK,10.12,4.928473358832248e-07,0.9999560860848645
84661a,WHITE SQUARE TABLE CLOCK,10.02,4.879773029199519e-07,0.9999565740621674
23615,SET 10 CARDS PRINTED GRAPHIC 17219,9.96,4.850552831419882e-07,0.9999570591174506
23619,SET 10 CARDS POINSETTIA 17093,9.96,4.850552831419882e-07,0.9999575441727336
23624,SET 10 CARD PERFECT NATIVITY 17089,9.96,4.850552831419882e-07,0.9999580292280168
23650,SET 10 CARDS FILIGREE BAUBLE 16961,9.96,4.850552831419882e-07,0.9999585142833
84971s,SMALL HEART FLOWERS HOOK,9.959999999999999,4.85055283141988e-07,0.9999589993385832
85049b,LUSH GREENS RIBBONS,9.94,4.840812765493335e-07,0.9999594834198596
85231g,ORANGE SCENTED SET/9 T-LIGHTS,9.78,4.7628922380809667e-07,0.9999599597090835
81953P,ROUND ARTICULATED PINK CLOCK W/SUCK,9.57,4.660621545852235e-07,0.9999604257712381
20822,UNKNOWN,9.3,4.529130655843865e-07,0.9999608786843037
23441,HAND PAINTED HANGING EASTER EGG,9.24,4.499910458064227e-07,0.9999613286753495
72708,SCULPTED ROUND IVORY CANDLE,9.24,4.499910458064227e-07,0.9999617786663954
90184c,BLACK CHUNKY BEAD BRACELET W STRAP,9.15,4.4560801613947703e-07,0.9999622242744114
18098B,UNKNOWN,8.850000000000001,4.3099791724965814e-07,0.9999626552723287
20882,UNKNOWN,8.850000000000001,4.3099791724965814e-07,0.9999630862702459
35598C,WHITE CHRISTMAS TREE 60CM,8.850000000000001,4.3099791724965814e-07,0.9999635172681632
62097A,UNKNOWN,8.850000000000001,4.3099791724965814e-07,0.9999639482660804
71496B,A4 WALL TIDY RED FLOWERS,8.67,4.222318579157667e-07,0.9999643704979384
20739,*USB Office Glitter Lamp,8.65,4.2125785132311214e-07,0.9999647917557896
21406,UNKNOWN,8.65,4.2125785132311214e-07,0.999965213013641
90013E,UNKNOWN,8.57,4.1736182495249376e-07,0.999965630375466
84572,UNKNOWN,8.49,4.134657985818754e-07,0.9999660438412645
90126B,BLUE BERTIE MOBILE PHONE CHARM,8.48,4.129787952855481e-07,0.9999664568200598
72803b,OCEAN SCENT CANDLE JEWELLED DRAWER,8.47,4.124917919892208e-07,0.9999668693118517
84030b,KNITTED POM POM HOT WATER BOTTLE,8.46,4.1200478869289353e-07,0.9999672813166405
44091A,UNKNOWN,8.4,4.090827689149297e-07,0.9999676903994094
90111,UNKNOWN,8.4,4.090827689149297e-07,0.9999680994821784
23612,SET 10 MINICARDS CUTE SNOWMAN 17071,8.299999999999999,4.0421273595165667e-07,0.9999685036949143
84534b,FAIRY CAKE NOTEBOOK A5 SIZE,8.299999999999999,4.0421273595165667e-07,0.9999689079076501
72802c,VANILLA SCENT CANDLE JEWELLED BOX,8.29,4.037257326553294e-07,0.999969311633383
85034b,3 WHITE CHOC MORRIS BOXED CANDLES,8.29,4.037257326553294e-07,0.9999697153591155
84029c,BROWN FURRY HOT WATER BOTTLE,7.78,3.7888856454263726e-07,0.9999700942476801
20942,UNKNOWN,7.5,3.6525247224547294e-07,0.9999704595001524
37438,UNKNOWN,7.5,3.6525247224547294e-07,0.9999708247526247
46037A,UNKNOWN,7.5,3.6525247224547294e-07,0.9999711900050969
82011E,"BATHROOM SCALES, FAG BREAK",7.5,3.6525247224547294e-07,0.9999715552575691
90025A,BAROQUE BUTTERFLY EARRINGS BLACK,7.5,3.6525247224547294e-07,0.9999719205100414
82613a,"METAL SIGN,CUPCAKE SINGLE HOOK",7.4799999999999995,3.642784656528183e-07,0.9999722847885069
23633,SET 10 CARDS WORLD CHILDREN 17067,7.470000000000001,3.637914623564911e-07,0.9999726485799694
84201B,HAPPY BIRTHDAY CARD STRIPEY TEDDY,7.41,3.608694425785273e-07,0.9999730094494119
35001P,HAND OPEN SHAPE PINK,6.98,3.3992830083645353e-07,0.9999733493777128
85230C,UNKNOWN,6.959999999999999,3.3895429424379886e-07,0.9999736883320068
85230D,UNKNOWN,6.959999999999999,3.3895429424379886e-07,0.9999740272863011
84705b,FAIRY CAKES PHOTO FRAME,6.86,3.340842612805259e-07,0.9999743613705624
37409,UNKNOWN,6.8,3.3116224150256216e-07,0.999974692532804
37484,UNKNOWN,6.75,3.2872722502092563e-07,0.999975021260029
48173A,UNKNOWN,6.75,3.2872722502092563e-07,0.999975349987254
23604,SET 10 MINI SANTA & SNOWMAN 17087,6.64,3.2337018876132535e-07,0.9999756733574428
20678,LARGE BLACK DIAMANTE HAIRSLIDE,6.6,3.2142217557601616e-07,0.9999759947796183
20858,UNKNOWN,6.6,3.2142217557601616e-07,0.999976316201794
85231b,CINAMMON SET OF 9 T-LIGHTS,6.58,3.204481689833616e-07,0.999976636649963
84536b,FAIRY CAKES NOTEBOOK A7 SIZE,6.48,3.1557813602008864e-07,0.9999769522280989
20884,UNKNOWN,6.300000000000001,3.068120766861973e-07,0.9999772590401755
79140,gone,6.3,3.0681207668619726e-07,0.9999775658522523
20673,UNKNOWN,6.25,3.043770602045608e-07,0.9999778702293125
37408,UNKNOWN,6.25,3.043770602045608e-07,0.9999781746063727
82072,WHITE WOOD SINGLE P/FRAME,6.25,3.043770602045608e-07,0.999978478983433
23610,SET 10 CARDS CHRISTMAS ROBIN 17095,6.24,3.038900569082335e-07,0.9999787828734897
79051a,SMOKEY GREY COLOUR D.O.F. GLASS,6.04,2.9414999098168756e-07,0.9999790770234809
85123b,ZINC HANGING HEART T-LITE HLDR,6.04,2.9414999098168756e-07,0.9999793711734718
72751A,UNKNOWN,5.95,2.897669613147419e-07,0.9999796609404331
72751B,UNKNOWN,5.95,2.897669613147419e-07,0.9999799507073943
72751C,UNKNOWN,5.95,2.897669613147419e-07,0.9999802404743559
85077,UNKNOWN,5.95,2.897669613147419e-07,0.9999805302413171
85184d,S/4 BLUE ROUND DECOUPAGE BOXES,5.91,2.878189481294327e-07,0.9999808180602653
18098A,UNKNOWN,5.9,2.873319448331054e-07,0.99998110539221
35821P,UNKNOWN,5.9,2.873319448331054e-07,0.999981392724155
35823P,UNKNOWN,5.9,2.873319448331054e-07,0.9999816800560997
79303A,UNKNOWN,5.9,2.873319448331054e-07,0.9999819673880445
35051B,UNKNOWN,5.88,2.863579382404508e-07,0.9999822537459828
85186B,UNKNOWN,5.88,2.863579382404508e-07,0.9999825401039211
37326,UNKNOWN,5.859999999999999,2.853839316477962e-07,0.9999828254878527
23617,SET 10 CARDS SWIRLY XMAS TREE 17104,5.82,2.8343591846248705e-07,0.9999831089237711
23638,SET 10 CARDS ROBIN WATERPUMP 17096,5.82,2.8343591846248705e-07,0.9999833923596896
23652,SET 10 CARD CHRISTMAS STAMPS 16963,5.82,2.8343591846248705e-07,0.9999836757956081
23630,SET 10 CARDS HANGING BAUBLES 17080,5.48,2.668778063873589e-07,0.9999839426734145
35537,UNKNOWN,5.46,2.659037997947043e-07,0.9999842085772142
21838,UNKNOWN,5.45,2.65416796498377e-07,0.9999844739940108
35751D,PINK CURRENT CANDLE RING,5.32,2.5908575364612216e-07,0.9999847330797644
16215,UNKNOWN,5.2,2.532417140901946e-07,0.9999849863214785
21854,UNKNOWN,5.17,2.517807042012127e-07,0.9999852381021826
21860,DR WHO TOP TRUMPS GAME,5.17,2.517807042012127e-07,0.9999854898828869
71101A,UNKNOWN,5.1,2.483716811269216e-07,0.9999857382545679
71434B,UNKNOWN,5.1,2.483716811269216e-07,0.9999859866262492
90142B,IVORY PENDANT SHELL NECKLACE,5.09,2.478846778305943e-07,0.9999862345109269
90142C,ROSE PINK PENDANT SHELL NECKLACE,5.09,2.478846778305943e-07,0.9999864823956047
84942,UNKNOWN,5.07,2.4691067123793974e-07,0.999986729306276
72740B,UNKNOWN,5.06,2.464236679416124e-07,0.9999869757299439
DCGS0041,HAYNES MINI-COOPER PLAYING CARDS,5.06,2.464236679416124e-07,0.9999872221536119
20877,UNKNOWN,5.04,2.4544966134895783e-07,0.9999874676032733
84596j,MIXED NUTS LIGHT GREEN BOWL,5.02,2.444756547563032e-07,0.999987712078928
23649,SET 10 CARDS DECK THE HALLS 16960,4.98,2.425276415709941e-07,0.9999879546065695
47593b,SCOTTIE DOGS BABY BIB,4.9799999999999995,2.42527641570994e-07,0.9999881971342112
84661b,BLACK SQUARE TABLE CLOCK,4.96,2.4155363497833945e-07,0.9999884386878461
37451,UNKNOWN,4.95,2.4106663168201217e-07,0.9999886797544778
85043,RED HEART CANDY POP LIGHTS,4.95,2.4106663168201217e-07,0.9999889208211095
85232C,UNKNOWN,4.95,2.4106663168201217e-07,0.9999891618877411
84971l,LARGE HEART FLOWERS HOOK,4.92,2.3960562179303027e-07,0.999989401493363
85049d,BRIGHT BLUES RIBBONS,4.92,2.3960562179303027e-07,0.9999896410989847
90214U,"LETTER ""U"" BLING KEY RING",4.7299999999999995,2.3035255916281158e-07,0.9999898714515438
45014,FOLDING SHIRT TIDY,4.65,2.2645653279219325e-07,0.9999900979080768
81953B,UNKNOWN,4.64,2.2596952949586592e-07,0.9999903238776061
79151B,"SILICON CUBE 25W, BLUE",4.62,2.2499552290321135e-07,0.9999905488731291
72529w,WHITE ADVENT CANDLE,4.3,2.094114174207378e-07,0.9999907582845465
21409,UNKNOWN,4.25,2.0697640093910133e-07,0.9999909652609474
72752A,UNKNOWN,4.25,2.0697640093910133e-07,0.9999911722373485
79157B,UBO-LIGHT TRIOBASE BLUE,4.25,2.0697640093910133e-07,0.9999913792137494
79157V,UBO-LIGHT TRIOBASE PURPLE,4.25,2.0697640093910133e-07,0.9999915861901503
47594a,CAROUSEL DESIGN WASHBAG,4.21,2.0502838775379214e-07,0.9999917912185381
84255A,UNKNOWN,4.2,2.0454138445746486e-07,0.9999919957599225
46776b,WOVEN BERRIES CUSHION COVER,4.13,2.0113236138317377e-07,0.9999921968922838
46776e,WOVEN CANDY CUSHION COVER,4.13,2.0113236138317377e-07,0.9999923980246452
37432,UNKNOWN,3.9000000000000004,1.8993128556764594e-07,0.9999925879559308
72084B,UNKNOWN,3.9,1.8993128556764592e-07,0.9999927778872163
16010,UNKNOWN,3.84,1.8700926578968213e-07,0.9999929648964822
35995,UNKNOWN,3.7800000000000002,1.8408724601171837e-07,0.9999931489837282
35974,UNKNOWN,3.75,1.8262623612273647e-07,0.9999933316099643
40046C,UNKNOWN,3.75,1.8262623612273647e-07,0.9999935142362004
90004A,UNKNOWN,3.75,1.8262623612273647e-07,0.9999936968624366
84731,3 BIRDS CANVAS SCREEN,3.69,1.7970421634477269e-07,0.999993876566653
35818C,UNKNOWN,3.43,1.6704213064026296e-07,0.9999940436087836
21081,UNKNOWN,3.4,1.6558112075128108e-07,0.9999942091899043
84559d,3D SHEET OF SEA WORLD STICKERS,3.38,1.6460711415862648e-07,0.9999943737970184
23643,SET 10 CARDS CHRISTMAS BAUBLE 16954,3.33,1.6217209767698998e-07,0.9999945359691161
20683,UNKNOWN,3.25,1.582760713063716e-07,0.9999946942451875
84985b,SET OF 72 BLACK PAPER DOILIES,2.98,1.451269823055346e-07,0.9999948393721698
20885,UNKNOWN,2.95,1.436659724165527e-07,0.9999949830381422
79301,FEATHER HEART LIGHTS,2.95,1.436659724165527e-07,0.9999951267041146
23602,SET 10 CARDS 3 WISE MEN 17107,2.91,1.4171795923124352e-07,0.9999952684220738
23609,SET 10 CARDS SNOWY ROBIN 17099,2.91,1.4171795923124352e-07,0.999995410140033
23628,SET 10 CARDS TRIANGLE ICONS 17220,2.91,1.4171795923124352e-07,0.9999955518579923
90183c,BLACK DROP EARRINGS W LONG BEADS,2.9,1.4123095593491621e-07,0.9999956930889481
DCGS0044,HANDZ-OFF CAR FRESHENER,2.57,1.251598471561154e-07,0.9999958182487954
20881,UNKNOWN,2.55,1.241858405634608e-07,0.9999959424346359
21036,UNKNOWN,2.55,1.241858405634608e-07,0.9999960666204765
35999,UNKNOWN,2.55,1.241858405634608e-07,0.9999961908063171
47554,UNKNOWN,2.55,1.241858405634608e-07,0.9999963149921576
47556,UNKNOWN,2.55,1.241858405634608e-07,0.9999964391779981
47569,UNKNOWN,2.55,1.241858405634608e-07,0.9999965633638387
85171,UNKNOWN,2.55,1.241858405634608e-07,0.9999966875496793
90091,UNKNOWN,2.55,1.241858405634608e-07,0.9999968117355199
17028J,INCENSE BAZAAR PEACH,2.52,1.2272483067447892e-07,0.9999969344603505
21008,UNKNOWN,2.51,1.222378273781516e-07,0.9999970566981778
47593a,CAROUSEL DESIGN BABY BIB,2.51,1.222378273781516e-07,0.9999971789360053
DCGS0062,ROAD-RAGE CAR FRESHENER,2.51,1.222378273781516e-07,0.9999973011738326
21225,UNKNOWN,2.5,1.2175082408182432e-07,0.9999974229246567
21290,UNKNOWN,2.5,1.2175082408182432e-07,0.9999975446754807
90127B,BLUE BEADS+HAND PHONE CHARM,2.5,1.2175082408182432e-07,0.9999976664263048
84596l,BISCUITS SMALL BOWL LIGHT BLUE,2.46,1.1980281089651513e-07,0.9999977862291157
85049c,ROMANTIC PINKS RIBBONS,2.46,1.1980281089651513e-07,0.9999979060319267
84510b,SET OF 4 FAIRY CAKES COASTERS,2.15,1.047057087103689e-07,0.9999980107376354
17061,UNKNOWN,2.08,1.0129668563607784e-07,0.9999981120343211
85192S,UNKNOWN,1.9500000000000002,9.496564278382297e-08,0.9999982069999638
35945,UNKNOWN,1.95,9.496564278382296e-08,0.9999983019656066
46138D,GREEN CHENILLE SHAGGY C/COVER,1.95,9.496564278382296e-08,0.9999983969312494
84814A,UNKNOWN,1.95,9.496564278382296e-08,0.9999984918968923
84201C,HAPPY BIRTHDAY CARD TEDDY/CAKE,1.9,9.253062630218647e-08,0.9999985844275184
84206C,CHAMPAGNE TRAY BLANK CARD,1.9,9.253062630218647e-08,0.9999986769581447
84206B,CAT WITH SUNGLASSES BLANK CARD,1.71,8.327756367196784e-08,0.9999987602357084
20737,UNKNOWN,1.7,8.279056037564054e-08,0.9999988430262687
30086C,ASSORTED FRUIT STRAWS,1.7,8.279056037564054e-08,0.9999989258168293
35837,UNKNOWN,1.7,8.279056037564054e-08,0.9999990086073897
72754D,UNKNOWN,1.69,8.230355707931324e-08,0.9999990909109466
10109,UNKNOWN,1.68,8.181655378298593e-08,0.9999991727275005
85231e,STRAWBERRY SCENTED SET/9 T-LIGHTS,1.66,8.084254719033134e-08,0.9999992535700477
21585,UNKNOWN,1.65,8.035554389400404e-08,0.9999993339255916
23664,FLOWER SHOP DESIGN MUG,1.65,8.035554389400404e-08,0.9999994142811354
72796C,UNKNOWN,1.65,8.035554389400404e-08,0.9999994946366794
85024A,CRYSTAL SMALL JEWELLED PHOTOFRAME,1.65,8.035554389400404e-08,0.9999995749922233
35980B,UNKNOWN,1.52,7.402450104174919e-08,0.9999996490167242
35950,UNKNOWN,1.25,6.087541204091216e-08,0.9999997098921363
35976B,UNKNOWN,1.25,6.087541204091216e-08,0.9999997707675483
84845A,UNKNOWN,1.25,6.087541204091216e-08,0.9999998316429604
TEST002,UNKNOWN,1.0,4.870032963272973e-08,0.99999988034329
20721,UNKNOWN,0.85,4.139528018782027e-08,0.9999999217385702
51014c,"FEATHER PEN,COAL BLACK",0.83,4.042127359516567e-08,0.9999999621598438
35930,UNKNOWN,0.38,1.8506125260437297e-08,0.9999999806659692
84205C,HAPPY BIRTHDAY GINGER CAT CARD,0.38,1.8506125260437297e-08,0.9999999991720944
PADS,PADS TO MATCH ALL CUSHIONS,0.017,8.279056037564055e-10,1.0
10124C,UNKNOWN,0.0,0.0,1.0
15002,rex use,0.0,0.0,1.0
15060A,UNKNOWN,0.0,0.0,1.0
16065A,UNKNOWN,0.0,0.0,1.0
16131,UNKNOWN,0.0,0.0,1.0
16132,UNKNOWN,0.0,0.0,1.0
16155H,UNKNOWN,0.0,0.0,1.0
16156A,UNKNOWN,0.0,0.0,1.0
16161N,UNKNOWN,0.0,0.0,1.0
16169H,UNKNOWN,0.0,0.0,1.0
16195,UNKNOWN,0.0,0.0,1.0
16200A,UNKNOWN,0.0,0.0,1.0
16201C,UNKNOWN,0.0,0.0,1.0
16210,UNKNOWN,0.0,0.0,1.0
16222B,UNKNOWN,0.0,0.0,1.0
16240,UNKNOWN,0.0,0.0,1.0
16243A,UNKNOWN,0.0,0.0,1.0
16245B,UNKNOWN,0.0,0.0,1.0
16248A,UNKNOWN,0.0,0.0,1.0
16249B,UNKNOWN,0.0,0.0,1.0
16255,UNKNOWN,0.0,0.0,1.0
17010S,UNKNOWN,0.0,0.0,1.0
17013A,UNKNOWN,0.0,0.0,1.0
17013E,UNKNOWN,0.0,0.0,1.0
17014B,UNKNOWN,0.0,0.0,1.0
17017,UNKNOWN,0.0,0.0,1.0
17084F,UNKNOWN,0.0,0.0,1.0
17120,UNKNOWN,0.0,0.0,1.0
17160,UNKNOWN,0.0,0.0,1.0
18033,UNKNOWN,0.0,0.0,1.0
18094A,UNKNOWN,0.0,0.0,1.0
18096B,UNKNOWN,0.0,0.0,1.0
20690,UNKNOWN,0.0,0.0,1.0
20691,UNKNOWN,0.0,0.0,1.0
20710,UNKNOWN,0.0,0.0,1.0
20720,UNKNOWN,0.0,0.0,1.0
20743,UNKNOWN,0.0,0.0,1.0
20779,PINK EAR MUFF HEADPHONES,0.0,0.0,1.0
20824,UNKNOWN,0.0,0.0,1.0
20844,UNKNOWN,0.0,0.0,1.0
20852,Given away,0.0,0.0,1.0
20859,UNKNOWN,0.0,0.0,1.0
20880,UNKNOWN,0.0,0.0,1.0
20883,UNKNOWN,0.0,0.0,1.0
20900,UNKNOWN,0.0,0.0,1.0
20904,UNKNOWN,0.0,0.0,1.0
20911,UNKNOWN,0.0,0.0,1.0
20937,UNKNOWN,0.0,0.0,1.0
20938,UNKNOWN,0.0,0.0,1.0
20944,UNKNOWN,0.0,0.0,1.0
20946,UNKNOWN,0.0,0.0,1.0
20951,UNKNOWN,0.0,0.0,1.0
20955,UNKNOWN,0.0,0.0,1.0
20959,UNKNOWN,0.0,0.0,1.0
20965,UNKNOWN,0.0,0.0,1.0
20995,UNKNOWN,0.0,0.0,1.0
21005,UNKNOWN,0.0,0.0,1.0
21019,UNKNOWN,0.0,0.0,1.0
21020,UNKNOWN,0.0,0.0,1.0
21021,UNKNOWN,0.0,0.0,1.0
21022,UNKNOWN,0.0,0.0,1.0
21023,UNKNOWN,0.0,0.0,1.0
21024,UNKNOWN,0.0,0.0,1.0
21029,UNKNOWN,0.0,0.0,1.0
21047,UNKNOWN,0.0,0.0,1.0
21048,UNKNOWN,0.0,0.0,1.0
21052,UNKNOWN,0.0,0.0,1.0
21053,UNKNOWN,0.0,0.0,1.0
21057,UNKNOWN,0.0,0.0,1.0
21083,UNKNOWN,0.0,0.0,1.0
21104,UNKNOWN,0.0,0.0,1.0
21113,UNKNOWN,0.0,0.0,1.0
21148,UNKNOWN,0.0,0.0,1.0
21170,UNKNOWN,0.0,0.0,1.0
21176,UNKNOWN,0.0,0.0,1.0
21177,UNKNOWN,0.0,0.0,1.0
21182,UNKNOWN,0.0,0.0,1.0
21183,UNKNOWN,0.0,0.0,1.0
21227,UNKNOWN,0.0,0.0,1.0
21236,UNKNOWN,0.0,0.0,1.0
21254,UNKNOWN,0.0,0.0,1.0
21273,UNKNOWN,0.0,0.0,1.0
21295,UNKNOWN,0.0,0.0,1.0
21301,UNKNOWN,0.0,0.0,1.0
21315,LARGE GLASS HEART TRINKET POT,0.0,0.0,1.0
21325,UNKNOWN,0.0,0.0,1.0
21342,UNKNOWN,0.0,0.0,1.0
21345,UNKNOWN,0.0,0.0,1.0
21346,LARGE SILVER BALUSTRADE CANDLESTICK,0.0,0.0,1.0
21362,UNKNOWN,0.0,0.0,1.0
21487,UNKNOWN,0.0,0.0,1.0
21492,UNKNOWN,0.0,0.0,1.0
21502,UNKNOWN,0.0,0.0,1.0
21505,UNKNOWN,0.0,0.0,1.0
21510,UNKNOWN,0.0,0.0,1.0
21512,UNKNOWN,0.0,0.0,1.0
21514,UNKNOWN,0.0,0.0,1.0
21583,UNKNOWN,0.0,0.0,1.0
21601,UNKNOWN,0.0,0.0,1.0
21602,UNKNOWN,0.0,0.0,1.0
21646,UNKNOWN,0.0,0.0,1.0
21701,No Stock,0.0,0.0,1.0
21753,UNKNOWN,0.0,0.0,1.0
21766,VINTAGE WOOD ORGANISER,0.0,0.0,1.0
21776,UNKNOWN,0.0,0.0,1.0
21778,UNKNOWN,0.0,0.0,1.0
21835,UNKNOWN,0.0,0.0,1.0
21855,UNKNOWN,0.0,0.0,1.0
21859,UNKNOWN,0.0,0.0,1.0
21862,UNKNOWN,0.0,0.0,1.0
21863,UNKNOWN,0.0,0.0,1.0
21909,UNKNOWN,0.0,0.0,1.0
21920,UNKNOWN,0.0,0.0,1.0
22003,UNKNOWN,0.0,0.0,1.0
22022,UNKNOWN,0.0,0.0,1.0
22126,UNKNOWN,0.0,0.0,1.0
22213,UNKNOWN,0.0,0.0,1.0
23001,TRAVEL CARD WALLET DOTCOMGIFTSHOP,0.0,0.0,1.0
23059,Thrown away-rusty,0.0,0.0,1.0
23595,re-adjustment,0.0,0.0,1.0
35001C,UNKNOWN,0.0,0.0,1.0
35232,UNKNOWN,0.0,0.0,1.0
35442,UNKNOWN,0.0,0.0,1.0
35471B,UNKNOWN,0.0,0.0,1.0
35473,UNKNOWN,0.0,0.0,1.0
35591G,UNKNOWN,0.0,0.0,1.0
35592T,UNKNOWN,0.0,0.0,1.0
35600A,Found by jackie,0.0,0.0,1.0
35604B,UNKNOWN,0.0,0.0,1.0
35605A,damages,0.0,0.0,1.0
35608A,UNKNOWN,0.0,0.0,1.0
35608C,UNKNOWN,0.0,0.0,1.0
35630B,UNKNOWN,0.0,0.0,1.0
35631A,UNKNOWN,0.0,0.0,1.0
35631B,UNKNOWN,0.0,0.0,1.0
35632A,UNKNOWN,0.0,0.0,1.0
35643,?,0.0,0.0,1.0
35751A,UNKNOWN,0.0,0.0,1.0
35763,UNKNOWN,0.0,0.0,1.0
35794,UNKNOWN,0.0,0.0,1.0
35813A,UNKNOWN,0.0,0.0,1.0
35839,UNKNOWN,0.0,0.0,1.0
35900,UNKNOWN,0.0,0.0,1.0
35908C,UNKNOWN,0.0,0.0,1.0
35925,UNKNOWN,0.0,0.0,1.0
35926,UNKNOWN,0.0,0.0,1.0
35935,UNKNOWN,0.0,0.0,1.0
35940,UNKNOWN,0.0,0.0,1.0
35941,UNKNOWN,0.0,0.0,1.0
35948,UNKNOWN,0.0,0.0,1.0
35949,UNKNOWN,0.0,0.0,1.0
35956,lost,0.0,0.0,1.0
35960,UNKNOWN,0.0,0.0,1.0
35975A,UNKNOWN,0.0,0.0,1.0
35975B,UNKNOWN,0.0,0.0,1.0
35977B,UNKNOWN,0.0,0.0,1.0
35978,damages,0.0,0.0,1.0
35980A,UNKNOWN,0.0,0.0,1.0
35983,UNKNOWN,0.0,0.0,1.0
35990,UNKNOWN,0.0,0.0,1.0
35992,UNKNOWN,0.0,0.0,1.0
35993,UNKNOWN,0.0,0.0,1.0
35994,UNKNOWN,0.0,0.0,1.0
37350,UNKNOWN,0.0,0.0,1.0
37353,UNKNOWN,0.0,0.0,1.0
37365Y,UNKNOWN,0.0,0.0,1.0
37445A,UNKNOWN,0.0,0.0,1.0
37445C,UNKNOWN,0.0,0.0,1.0
37445D,UNKNOWN,0.0,0.0,1.0
37452A,UNKNOWN,0.0,0.0,1.0
37452B,UNKNOWN,0.0,0.0,1.0
37477D,UNKNOWN,0.0,0.0,1.0
37490C,UNKNOWN,0.0,0.0,1.0
37490D,UNKNOWN,0.0,0.0,1.0
37493B,UNKNOWN,0.0,0.0,1.0
37493C,UNKNOWN,0.0,0.0,1.0
37493D,UNKNOWN,0.0,0.0,1.0
37504,UNKNOWN,0.0,0.0,1.0
44242C,UNKNOWN,0.0,0.0,1.0
44266F,UNKNOWN,0.0,0.0,1.0
44276,UNKNOWN,0.0,0.0,1.0
45007B,UNKNOWN,0.0,0.0,1.0
45008L,UNKNOWN,0.0,0.0,1.0
47009,UNKNOWN,0.0,0.0,1.0
47284V,UNKNOWN,0.0,0.0,1.0
47285B,UNKNOWN,0.0,0.0,1.0
47340A,UNKNOWN,0.0,0.0,1.0
47340B,UNKNOWN,0.0,0.0,1.0
47347A,UNKNOWN,0.0,0.0,1.0
47361,UNKNOWN,0.0,0.0,1.0
47559,UNKNOWN,0.0,0.0,1.0
47565,UNKNOWN,0.0,0.0,1.0
47567,ENGLISH ROSE DESIGN KITCHEN APRON,0.0,0.0,1.0
47581A,UNKNOWN,0.0,0.0,1.0
47595B,UNKNOWN,0.0,0.0,1.0
48169,UNKNOWN,0.0,0.0,1.0
48172,UNKNOWN,0.0,0.0,1.0
49031B,CHROME EURO HOOK 20cm,0.0,0.0,1.0
70037L,UNKNOWN,0.0,0.0,1.0
71028A,UNKNOWN,0.0,0.0,1.0
71263G,UNKNOWN,0.0,0.0,1.0
71265,UNKNOWN,0.0,0.0,1.0
71406B,UNKNOWN,0.0,0.0,1.0
71409B,UNKNOWN,0.0,0.0,1.0
71431,UNKNOWN,0.0,0.0,1.0
72024HC,UNKNOWN,0.0,0.0,1.0
72038B,damaged,0.0,0.0,1.0
72045A,UNKNOWN,0.0,0.0,1.0
72140D,UNKNOWN,0.0,0.0,1.0
72226D,UNKNOWN,0.0,0.0,1.0
72234,UNKNOWN,0.0,0.0,1.0
72331R,UNKNOWN,0.0,0.0,1.0
72348B,UNKNOWN,0.0,0.0,1.0
72483,UNKNOWN,0.0,0.0,1.0
72620A,UNKNOWN,0.0,0.0,1.0
72655C,UNKNOWN,0.0,0.0,1.0
72671B,UNKNOWN,0.0,0.0,1.0
72697A,UNKNOWN,0.0,0.0,1.0
72719,UNKNOWN,0.0,0.0,1.0
72732,thrown away-can't sell,0.0,0.0,1.0
72748,UNKNOWN,0.0,0.0,1.0
72751D,UNKNOWN,0.0,0.0,1.0
72752C,UNKNOWN,0.0,0.0,1.0
72752D,UNKNOWN,0.0,0.0,1.0
72754C,UNKNOWN,0.0,0.0,1.0
72755A,UNKNOWN,0.0,0.0,1.0
72755B,UNKNOWN,0.0,0.0,1.0
72759,thrown away-can't sell.,0.0,0.0,1.0
72768,UNKNOWN,0.0,0.0,1.0
72777,UNKNOWN,0.0,0.0,1.0
72778,UNKNOWN,0.0,0.0,1.0
72798A,UNKNOWN,0.0,0.0,1.0
72798B,UNKNOWN,0.0,0.0,1.0
72801H,UNKNOWN,0.0,0.0,1.0
72806,UNKNOWN,0.0,0.0,1.0
72809,UNKNOWN,0.0,0.0,1.0
75132,UNKNOWN,0.0,0.0,1.0
79003B,UNKNOWN,0.0,0.0,1.0
79023B,UNKNOWN,0.0,0.0,1.0
79053A,UNKNOWN,0.0,0.0,1.0
79053B,UNKNOWN,0.0,0.0,1.0
79053D,UNKNOWN,0.0,0.0,1.0
79057B,UNKNOWN,0.0,0.0,1.0
79064C,UNKNOWN,0.0,0.0,1.0
79065B,UNKNOWN,0.0,0.0,1.0
79069A,UNKNOWN,0.0,0.0,1.0
79070B,UNKNOWN,0.0,0.0,1.0
79071A,UNKNOWN,0.0,0.0,1.0
79082C,UNKNOWN,0.0,0.0,1.0
79142,UNKNOWN,0.0,0.0,1.0
79165,UNKNOWN,0.0,0.0,1.0
79302C,UNKNOWN,0.0,0.0,1.0
79302J,UNKNOWN,0.0,0.0,1.0
79309A,UNKNOWN,0.0,0.0,1.0
79315B,UNKNOWN,0.0,0.0,1.0
79333,UNKNOWN,0.0,0.0,1.0
79340P,PURPLE ORCHID FLOWER LIGHTS,0.0,0.0,1.0
79340W,WHITE ORCHID FLOWER LIGHTS,0.0,0.0,1.0
82039C,UNKNOWN,0.0,0.0,1.0
82096,UNKNOWN,0.0,0.0,1.0
82576,UNKNOWN,0.0,0.0,1.0
82577,UNKNOWN,0.0,0.0,1.0
82595,UNKNOWN,0.0,0.0,1.0
82609,UNKNOWN,0.0,0.0,1.0
84010,UNKNOWN,0.0,0.0,1.0
84195,UNKNOWN,0.0,0.0,1.0
84200,UNKNOWN,0.0,0.0,1.0
84224,UNKNOWN,0.0,0.0,1.0
84247B,UNKNOWN,0.0,0.0,1.0
84247D,UNKNOWN,0.0,0.0,1.0
84248B,UNKNOWN,0.0,0.0,1.0
84248E,UNKNOWN,0.0,0.0,1.0
84248F,UNKNOWN,0.0,0.0,1.0
84250H,UNKNOWN,0.0,0.0,1.0
84341A,UNKNOWN,0.0,0.0,1.0
84344,UNKNOWN,0.0,0.0,1.0
84389,UNKNOWN,0.0,0.0,1.0
84394,UNKNOWN,0.0,0.0,1.0
84395,UNKNOWN,0.0,0.0,1.0
84402C,UNKNOWN,0.0,0.0,1.0
84439B,UNKNOWN,0.0,0.0,1.0
84440B,UNKNOWN,0.0,0.0,1.0
84444C,UNKNOWN,0.0,0.0,1.0
84448,UNKNOWN,0.0,0.0,1.0
84449,UNKNOWN,0.0,0.0,1.0
84460A,UNKNOWN,0.0,0.0,1.0
84476A,UNKNOWN,0.0,0.0,1.0
84494B,UNKNOWN,0.0,0.0,1.0
84511,UNKNOWN,0.0,0.0,1.0
84519D,UNKNOWN,0.0,0.0,1.0
84558B,UNKNOWN,0.0,0.0,1.0
84571,UNKNOWN,0.0,0.0,1.0
84585L,UNKNOWN,0.0,0.0,1.0
84597A,UNKNOWN,0.0,0.0,1.0
84600A,UNKNOWN,0.0,0.0,1.0
84641,damages,0.0,0.0,1.0
84642,UNKNOWN,0.0,0.0,1.0
84671A,UNKNOWN,0.0,0.0,1.0
84672A,UNKNOWN,0.0,0.0,1.0
84681,UNKNOWN,0.0,0.0,1.0
84699,UNKNOWN,0.0,0.0,1.0
84705E,UNKNOWN,0.0,0.0,1.0
84706E,UNKNOWN,0.0,0.0,1.0
84718,UNKNOWN,0.0,0.0,1.0
84750C,UNKNOWN,0.0,0.0,1.0
84752B,UNKNOWN,0.0,0.0,1.0
84775,UNKNOWN,0.0,0.0,1.0
84810C,UNKNOWN,0.0,0.0,1.0
84811A,UNKNOWN,0.0,0.0,1.0
84825,UNKNOWN,0.0,0.0,1.0
84841,UNKNOWN,0.0,0.0,1.0
84845B,UNKNOWN,0.0,0.0,1.0
84849C,UNKNOWN,0.0,0.0,1.0
84866,UNKNOWN,0.0,0.0,1.0
84867B,UNKNOWN,0.0,0.0,1.0
84871,UNKNOWN,0.0,0.0,1.0
84873B,UNKNOWN,0.0,0.0,1.0
84874A,UNKNOWN,0.0,0.0,1.0
84877C,UNKNOWN,0.0,0.0,1.0
84896C,UNKNOWN,0.0,0.0,1.0
84897A,UNKNOWN,0.0,0.0,1.0
84898E,UNKNOWN,0.0,0.0,1.0
84899A,UNKNOWN,0.0,0.0,1.0
84904,UNKNOWN,0.0,0.0,1.0
84927C,UNKNOWN,0.0,0.0,1.0
84928,UNKNOWN,0.0,0.0,1.0
84933D,UNKNOWN,0.0,0.0,1.0
84938,UNKNOWN,0.0,0.0,1.0
84940,UNKNOWN,0.0,0.0,1.0
84972M,UNKNOWN,0.0,0.0,1.0
84986A,UNKNOWN,0.0,0.0,1.0
85017D,UNKNOWN,0.0,0.0,1.0
85025A,UNKNOWN,0.0,0.0,1.0
85037,UNKNOWN,0.0,0.0,1.0
85051,UNKNOWN,0.0,0.0,1.0
85056,UNKNOWN,0.0,0.0,1.0
85057,UNKNOWN,0.0,0.0,1.0
85073,UNKNOWN,0.0,0.0,1.0
85074,UNKNOWN,0.0,0.0,1.0
85085A,UNKNOWN,0.0,0.0,1.0
85086B,UNKNOWN,0.0,0.0,1.0
85098A,UNKNOWN,0.0,0.0,1.0
85105,UNKNOWN,0.0,0.0,1.0
85120,UNKNOWN,0.0,0.0,1.0
85148,UNKNOWN,0.0,0.0,1.0
85184A,UNKNOWN,0.0,0.0,1.0
85193S,UNKNOWN,0.0,0.0,1.0
85207B,UNKNOWN,0.0,0.0,1.0
85219,UNKNOWN,0.0,0.0,1.0
85223,UNKNOWN,0.0,0.0,1.0
85226B,UNKNOWN,0.0,0.0,1.0
85231A,UNKNOWN,0.0,0.0,1.0
85231D,UNKNOWN,0.0,0.0,1.0
85231K,UNKNOWN,0.0,0.0,1.0
90005B,UNKNOWN,0.0,0.0,1.0
90080,UNKNOWN,0.0,0.0,1.0
90097,UNKNOWN,0.0,0.0,1.0
90107,UNKNOWN,0.0,0.0,1.0
90109,UNKNOWN,0.0,0.0,1.0
90110,UNKNOWN,0.0,0.0,1.0
90117,UNKNOWN,0.0,0.0,1.0
90121A,UNKNOWN,0.0,0.0,1.0
90172,UNKNOWN,0.0,0.0,1.0
90197A,UNKNOWN,0.0,0.0,1.0
90197C,UNKNOWN,0.0,0.0,1.0
C3,UNKNOWN,0.0,0.0,1.0
CRUK,CRUK Commission,0.0,0.0,1.0
DCGS0006,UNKNOWN,0.0,0.0,1.0
DCGS0016,UNKNOWN,0.0,0.0,1.0
DCGS0027,UNKNOWN,0.0,0.0,1.0
DCGS0036,UNKNOWN,0.0,0.0,1.0
DCGS0039,UNKNOWN,0.0,0.0,1.0
DCGS0053,UNKNOWN,0.0,0.0,1.0
DCGS0055,UNKNOWN,0.0,0.0,1.0
DCGS0056,UNKNOWN,0.0,0.0,1.0
DCGS0057,UNKNOWN,0.0,0.0,1.0
DCGS0059,UNKNOWN,0.0,0.0,1.0
DCGS0060,UNKNOWN,0.0,0.0,1.0
DCGS0066P,UNKNOWN,0.0,0.0,1.0
DCGS0067,ebay,0.0,0.0,1.0
DCGS0071,UNKNOWN,0.0,0.0,1.0
DCGS0073,ebay,0.0,0.0,1.0
DCGS0074,UNKNOWN,0.0,0.0,1.0
DCGSLBOY,UNKNOWN,0.0,0.0,1.0
DCGSLGIRL,UNKNOWN,0.0,0.0,1.0
GIFT,UNKNOWN,0.0,0.0,1.0
gift_0001_60,UNKNOWN,0.0,0.0,1.0
gift_0001_90,UNKNOWN,0.0,0.0,1.0
