customer_id,recency_days,frequency,monetary,monetary_quartile
18102,0.0,145,580987.04,4
14646,1.0,151,528602.52,4
14156,9.0,156,313624.17,4
14911,1.0,398,291561.05,4
17450,8.0,51,244944.25,4
13694,3.0,143,195640.69,4
17511,2.0,60,172132.87,4
16446,0.0,2,168472.5,4
16684,4.0,55,147142.77,4
12415,24.0,28,144458.37,4
15061,3.0,127,126389.02,4
16029,38.0,107,117937.62,4
17949,1.0,118,117314.08,4
15311,0.0,208,115147.09,4
13089,2.0,203,113507.24,4
12931,21.0,57,92347.34,4
14298,8.0,82,91194.49,4
15769,7.0,46,88612.52,4
12346,325.0,12,77556.46,4
13798,1.0,110,75428.87,4
15838,11.0,34,73205.5,4
17841,1.0,211,69342.51,4
16754,372.0,29,65500.07,4
14096,4.0,17,65164.79,4
14088,10.0,16,64036.8,4
16422,17.0,109,61983.270000000004,4
17389,0.0,61,57224.68,4
13081,11.0,28,56838.37,4
16013,3.0,84,56384.44,4
14680,25.0,58,55731.89,4
12748,0.0,336,54598.04,4
13093,275.0,55,54144.25,4
17850,372.0,155,51208.87,4
13408,1.0,106,50174.782,4
13777,0.0,61,49638.26,4
17404,4.0,23,47781.12,4
13881,3.0,43,45179.1,4
15749,235.0,3,44534.3,4
16705,0.0,42,43515.051,4
12471,2.0,79,39963.79,4
15098,182.0,3,39916.5,4
15039,9.0,93,39419.92,4
14031,7.0,44,39099.1,4
17675,1.0,70,37642.48,4
17381,8.0,38,36398.65,4
12921,9.0,74,35233.24,4
17677,1.0,54,35076.31,4
12678,42.0,21,34281.18,4
13902,632.0,5,34095.26,4
13767,2.0,73,33903.57,4
16210,1.0,35,33750.97,4
16779,2.0,53,32911.33,4
15856,4.0,52,32649.02,4
14258,9.0,25,32051.34,4
17428,0.0,45,31466.760000000002,4
12709,15.0,34,30570.64,4
17940,49.0,16,30393.19,4
14606,1.0,192,30254.18,4
12681,14.0,45,29834.76,4
13078,3.0,57,29018.06,4
13098,1.0,28,28882.44,4
17857,4.0,24,27347.04,4
14527,2.0,122,27274.97,4
16333,7.0,22,26626.8,4
15513,33.0,35,26437.05,4
17865,30.0,46,26374.39,4
18251,87.0,9,26278.86,4
13802,138.0,19,26259.11,4
12731,23.0,17,25775.71,4
14062,9.0,24,25604.2,4
12744,51.0,11,25317.06,4
12939,64.0,20,25264.8,4
14895,7.0,38,25119.54,4
15498,2.0,44,25062.86,4
12621,1.0,35,24311.2,4
13001,4.0,33,24172.100000000002,4
16525,2.0,48,24171.2,4
14607,15.0,22,24137.63,4
17920,4.0,54,23780.55,4
12482,576.0,29,23691.4,4
15640,4.0,29,23623.86,4
12409,78.0,7,23419.29,4
16133,3.0,56,22992.260000000002,4
12682,3.0,52,22958.62,4
14063,438.0,9,22710.2,4
12540,19.0,33,22254.49,4
15159,1.0,34,22116.73,4
13340,45.0,12,22100.56,4
14051,0.0,37,21810.58,4
16839,8.0,44,21758.25,4
12753,22.0,6,21429.39,4
15615,10.0,47,21373.97,4
13319,5.0,58,21323.22,4
14866,10.0,19,20746.54,4
14667,10.0,54,20729.43,4
17243,1.0,69,20632.96,4
15251,9.0,21,20324.54,4
12477,22.0,9,20276.37,4
17706,4.0,31,20272.15,4
18008,70.0,23,19787.13,4
17340,29.0,18,19733.55,4
17139,15.0,25,19584.46,4
16843,42.0,35,19571.43,4
14194,4.0,36,18670.59,4
12357,33.0,3,18287.66,4
13113,0.0,37,18252.76,4
12557,16.0,8,18096.14,4
16746,4.0,42,18066.4,4
17581,0.0,43,17970.97,4
17377,23.0,78,17731.11,4
12901,8.0,28,17654.54,4
14952,59.0,32,17629.35,4
16652,58.0,16,17550.39,4
15189,1.0,46,17524.38,4
18172,14.0,52,17479.84,4
16019,46.0,27,17465.85,4
15808,306.0,21,17388.48,4
15523,84.0,16,17359.99,4
13027,113.0,19,17335.2,4
17416,29.0,22,17298.45,4
15078,7.0,53,17286.73,4
14277,15.0,9,17225.81,4
15125,25.0,24,17024.87,4
12647,22.0,36,16955.55,4
16656,22.0,30,16833.170000000002,4
12433,0.0,10,16794.14,4
17735,2.0,26,16790.33,4
13564,144.0,37,16709.55,4
12454,56.0,5,16679.78,4
16553,163.0,33,16644.01,4
15358,4.0,42,16425.86,4
14961,10.0,22,16410.15,4
13225,3.0,16,16260.07,4
16180,100.0,13,16249.87,4
12472,32.0,19,16249.289999999999,4
12980,157.0,21,16245.78,4
15044,19.0,35,16204.33,4
17107,33.0,10,16075.42,4
13199,3.0,67,15964.210000000001,4
17716,22.0,24,15956.97,4
14769,2.0,17,15771.88,4
12971,3.0,116,15704.6,4
16191,2.0,24,15688.02,4
15768,115.0,34,15601.09,4
12949,30.0,22,15526.7,4
14849,21.0,43,15407.61,4
14543,28.0,39,14906.77,4
18087,98.0,17,14761.519999999999,4
18092,2.0,18,14693.72,4
16126,29.0,15,14646.800000000001,4
17133,15.0,12,14622.33,4
16873,4.0,12,14617.39,4
15482,15.0,19,14592.56,4
17448,497.0,46,14556.97,4
14733,16.0,15,14354.95,4
13488,17.0,23,14205.96,4
15601,11.0,30,14191.74,4
16713,18.0,32,14146.26,4
12476,15.0,23,14115.41,4
12714,9.0,12,14093.710000000001,4
14299,8.0,27,14070.25,4
13178,26.0,21,14059.19,4
17589,60.0,18,14049.87,4
18223,4.0,26,14000.85,4
12435,79.0,6,13925.93,4
15760,630.0,2,13916.34,4
15005,15.0,56,13883.7,4
15382,14.0,12,13733.550000000001,4
15093,18.0,23,13702.38,4
12583,2.0,27,13591.58,4
12989,3.0,33,13551.75,4
15291,25.0,40,13517.76,4
13097,32.0,28,13389.22,4
16923,12.0,32,13378.36,4
13629,23.0,19,13370.86,4
16558,0.0,38,13304.11,4
14049,16.0,13,13239.03,4
13316,37.0,10,13191.57,4
16549,10.0,34,13182.19,4
13090,8.0,24,13094.69,4
13668,2.0,35,13089.94,4
15502,15.0,14,13064.07,4
13969,7.0,35,13048.28,4
15738,18.0,41,13043.32,4
18225,3.0,26,13024.26,4
14110,3.0,33,12987.95,4
13952,217.0,14,12823.521,4
13468,1.0,72,12808.28,4
12437,1.0,39,12683.4,4
12451,10.0,8,12669.88,4
16161,1.0,43,12667.6,4
14040,40.0,35,12645.57,4
12536,43.0,3,12601.83,4
17017,2.0,29,12576.99,4
17858,5.0,30,12546.4,4
12474,17.0,31,12424.45,4
14936,33.0,12,12410.81,4
16000,2.0,3,12393.7,4
14735,3.0,56,12240.16,4
16814,14.0,36,12226.42,4
12481,22.0,15,12202.01,4
15144,8.0,29,12160.31,4
17338,17.0,17,12142.57,4
15465,19.0,32,12119.9,4
14415,1.0,23,12091.6,4
17364,0.0,28,12070.42,4
15194,3.0,28,12021.53,4
13050,14.0,35,12016.52,4
14505,17.0,19,12001.84,4
17044,25.0,12,11962.300000000001,4
13458,7.0,16,11959.27,4
13854,8.0,39,11944.56,4
16258,45.0,15,11942.52,4
16523,1.0,28,11916.33,4
13687,438.0,1,11880.84,4
18226,44.0,26,11878.88,4
12567,22.0,15,11767.48,4
12705,15.0,14,11762.1,4
14426,23.0,17,11727.94,4
15023,3.0,20,11710.08,4
13004,11.0,36,11650.85,4
12683,4.0,21,11633.7,4
13418,11.0,31,11610.36,4
14739,4.0,25,11573.62,4
15218,10.0,22,11516.57,4
12668,11.0,10,11444.68,4
13680,1.0,12,11435.67,4
14016,161.0,11,11403.41,4
13102,1.0,37,11380.1,4
15555,12.0,36,11293.57,4
15874,63.0,21,11284.76,4
12539,22.0,7,11214.75,4
13576,10.0,28,11202.59,4
12524,9.0,17,11126.11,4
14134,382.0,15,11123.35,4
13013,1.0,29,11097.43,4
15032,256.0,8,11010.05,4
14045,109.0,16,10986.63,4
12918,626.0,1,10953.5,4
16985,17.0,23,10923.16,4
18052,564.0,1,10877.18,4
16984,88.0,9,10754.8,4
16033,5.0,27,10680.49,4
13324,36.0,18,10513.47,4
12431,35.0,27,10499.72,4
15290,4.0,26,10496.28,4
14028,550.0,3,10396.5,4
16168,10.0,66,10360.67,4
15296,50.0,12,10342.83,4
14422,0.0,19,10271.52,4
15719,32.0,31,10223.06,4
14796,1.0,27,10218.43,4
17160,31.0,17,10209.16,4
16327,14.0,16,10195.74,4
18055,7.0,14,10195.09,4
15805,23.0,30,10189.23,4
15547,7.0,26,10154.39,4
18229,11.0,28,10150.51,4
17809,16.0,20,10085.89,4
16782,10.0,38,10066.710000000001,4
13941,21.0,15,10027.18,4
13985,4.0,22,10020.86,4
15694,0.0,24,9978.48,4
14755,9.0,25,9972.550000000001,4
16182,72.0,9,9971.65,4
18260,172.0,23,9962.11,4
14101,73.0,13,9961.93,4
16131,51.0,12,9957.42,4
17049,2.0,19,9947.48,4
14329,17.0,15,9927.22,4
17230,264.0,18,9924.95,4
16701,8.0,26,9916.73,4
12758,116.0,7,9903.24,4
12590,211.0,2,9864.26,4
14828,196.0,13,9839.460000000001,4
12490,5.0,21,9823.64,4
13599,1.0,33,9814.79,4
13735,24.0,13,9813.22,4
14085,2.0,33,9796.92,4
16353,3.0,38,9795.460000000001,4
14944,29.0,19,9784.67,4
17306,10.0,21,9782.35,4
13018,16.0,35,9763.16,4
12380,21.0,11,9676.3,4
12839,2.0,26,9669.12,4
17315,1.0,43,9650.6,4
18109,1.0,38,9616.51,4
17811,4.0,47,9609.8,4
17504,206.0,18,9565.12,4
14091,654.0,2,9530.08,4
13999,10.0,29,9502.26,4
14146,8.0,12,9450.3,4
15727,16.0,15,9445.51,4
14439,319.0,5,9443.04,4
13267,2.0,36,9429.81,4
15981,24.0,21,9362.77,4
13069,0.0,38,9350.63,4
13162,122.0,16,9275.49,4
15249,31.0,18,9266.0,4
14367,8.0,16,9261.52,4
14292,7.0,16,9226.25,4
13327,38.0,20,9134.48,4
17757,1.0,56,9130.0,4
16709,84.0,14,9087.460000000001,4
15298,2.0,23,9061.77,4
15939,89.0,16,9060.39,4
15150,17.0,13,9001.08,4
13555,73.0,13,8999.19,4
17068,12.0,47,8994.93,4
15867,5.0,31,8951.05,4
15903,9.0,12,8939.84,4
17576,8.0,41,8937.16,4
12359,57.0,10,8935.94,4
12766,3.0,9,8918.99,4
12747,2.0,26,8917.98,4
14060,4.0,30,8898.24,4
14709,15.0,25,8886.33,4
16550,108.0,18,8880.47,4
14135,1.0,24,8839.67,4
16700,8.0,25,8830.77,4
13448,16.0,13,8796.91,4
15570,7.0,25,8793.39,4
15260,100.0,25,8767.73,4
16532,17.0,5,8756.64,4
16186,22.0,26,8718.43,4
12957,9.0,13,8706.97,4
13263,1.0,39,8704.69,4
13758,11.0,15,8698.13,4
13756,2.0,23,8674.7,4
15497,17.0,9,8657.39,4
15984,2.0,30,8636.62,4
13148,29.0,26,8621.81,4
16945,21.0,33,8548.16,4
15281,58.0,16,8543.57,4
13269,1.0,28,8540.27,4
15270,15.0,21,8524.86,4
15786,46.0,5,8514.82,4
12798,10.0,4,8510.93,4
13209,30.0,13,8509.51,4
14286,23.0,7,8479.76,4
18139,17.0,6,8438.34,4
13047,31.0,24,8428.53,4
14160,610.0,7,8421.47,4
17396,39.0,14,8409.6,4
14057,23.0,22,8408.84,4
13206,400.0,13,8377.32,4
17611,7.0,28,8371.98,4
14676,31.0,12,8356.79,4
12643,128.0,12,8350.42,4
12637,67.0,12,8340.31,4
15034,15.0,14,8313.4,4
15998,36.0,16,8308.34,4
17686,7.0,9,8296.81,4
14525,19.0,17,8240.64,4
17365,12.0,15,8224.98,4
13381,31.0,12,8224.37,4
14056,1.0,23,8214.65,4
13715,281.0,17,8210.64,4
13139,16.0,8,8202.98,4
16722,17.0,22,8189.56,4
13426,0.0,22,8167.38,4
16672,2.0,20,8134.94,4
18041,11.0,38,8118.09,4
13869,123.0,10,8111.57,4
17593,3.0,11,8095.8,4
15955,24.0,22,8085.9800000000005,4
13174,16.0,12,8078.87,4
17426,8.0,13,8077.77,4
16767,30.0,15,8073.8,4
16670,16.0,20,8030.150000000001,4
16556,66.0,17,8012.58,4
12428,25.0,9,7956.46,4
14159,19.0,20,7938.01,4
16303,25.0,7,7928.27,4
12867,26.0,13,7913.29,4
14291,1.0,23,7904.1,4
14395,2.0,20,7899.33,4
17085,123.0,28,7891.41,4
13871,22.0,17,7885.85,4
12757,15.0,13,7857.1,4
15622,43.0,17,7852.61,4
15046,9.0,25,7812.389999999999,4
16592,4.0,28,7807.91,4
15544,9.0,20,7807.89,4
17409,184.0,10,7793.51,4
12720,2.0,30,7787.28,4
17730,3.0,20,7773.8,4
17739,11.0,18,7730.59,4
13534,2.0,35,7720.9,4
13137,10.0,16,7712.7,4
17696,38.0,27,7679.59,4
14175,59.0,8,7678.88,4
13141,84.0,17,7668.58,4
14145,46.0,7,7600.05,4
13709,3.0,18,7591.75,4
13373,60.0,6,7587.1900000000005,4
14030,18.0,20,7585.79,4
15581,120.0,38,7522.25,4
17091,2.0,19,7517.650000000001,4
15179,18.0,13,7491.92,4
13815,22.0,8,7475.74,4
16242,8.0,14,7474.4,4
17602,2.0,14,7451.13,4
16570,15.0,20,7434.31,4
17238,2.0,32,7413.01,4
13082,126.0,21,7335.75,4
16253,66.0,7,7310.15,4
14282,3.0,25,7278.66,4
14688,7.0,28,7268.59,4
16729,38.0,21,7239.92,4
14092,7.0,24,7229.45,4
14800,47.0,17,7218.48,4
14243,8.0,17,7217.75,4
17231,12.0,25,7197.04,4
16745,86.0,17,7194.3,4
13451,26.0,11,7190.92,4
15950,31.0,10,7180.71,4
14841,53.0,14,7163.0,4
15521,40.0,16,7106.69,4
17769,12.0,17,7103.08,4
14113,3.0,16,7092.610000000001,4
17965,37.0,29,7084.18,4
16938,8.0,9,7043.18,4
13183,7.0,15,7036.18,4
12841,4.0,40,7034.69,4
17690,30.0,20,6999.900000000001,4
13552,66.0,22,6978.92,4
15674,73.0,13,6948.2300000000005,4
16265,9.0,12,6935.17,4
15301,50.0,17,6930.07,4
16187,31.0,15,6911.4400000000005,4
12749,3.0,9,6897.36,4
18231,192.0,28,6880.97,4
16170,50.0,20,6869.0,4
15129,50.0,23,6860.18,4
16401,1.0,23,6849.15,4
12613,57.0,10,6835.07,4
12417,3.0,20,6816.91,4
12830,37.0,6,6814.64,4
16145,8.0,19,6805.4400000000005,4
15413,691.0,5,6798.72,4
14401,4.0,22,6795.9,4
13983,29.0,21,6779.09,4
13993,42.0,19,6775.71,4
14562,3.0,26,6729.400000000001,4
12662,0.0,20,6726.54,4
12712,28.0,21,6723.03,4
17975,15.0,24,6714.7300000000005,4
14461,148.0,13,6713.5,4
15321,70.0,12,6709.7300000000005,4
14844,63.0,10,6702.43,4
13734,508.0,4,6701.640000000001,4
16497,49.0,23,6695.28,4
13384,30.0,11,6680.83,4
17700,16.0,14,6679.97,4
16717,23.0,14,6678.9800000000005,4
17001,0.0,19,6640.8,4
13953,7.0,12,6640.68,4
13394,1.0,19,6621.7,4
12626,23.0,9,6620.48,4
13831,16.0,18,6615.58,4
13520,58.0,11,6606.0,4
15514,12.0,18,6598.55,4
15980,88.0,7,6593.68,4
12843,65.0,30,6588.41,4
13015,53.0,11,6586.42,4
12836,59.0,15,6585.62,4
13883,10.0,15,6560.02,4
16655,17.0,13,6548.37,4
14855,119.0,7,6520.3,4
14221,42.0,17,6517.49,4
12823,74.0,18,6501.5,4
13317,66.0,19,6486.091,4
12779,37.0,14,6474.11,4
14154,239.0,8,6460.7,4
15750,2.0,18,6456.671,4
14702,1.0,29,6435.52,4
16940,52.0,8,6427.66,4
15673,88.0,9,6414.79,4
12656,17.0,8,6407.83,4
18094,81.0,13,6391.52,4
12406,22.0,5,6390.36,4
14388,10.0,16,6388.2,4
14766,8.0,11,6375.7300000000005,4
12356,22.0,6,6373.68,4
12484,32.0,12,6370.15,4
14227,26.0,15,6368.71,4
13590,11.0,18,6349.59,4
17799,22.0,20,6341.89,4
18245,7.0,20,6324.9800000000005,4
13654,43.0,11,6308.0,4
17873,80.0,18,6300.7300000000005,4
12913,4.0,13,6283.24,4
15480,116.0,5,6279.0,4
13136,56.0,13,6274.56,4
13615,318.0,8,6272.53,4
14534,2.0,26,6271.11,4
16735,78.0,14,6270.56,4
13230,4.0,30,6267.33,4
13334,82.0,5,6263.75,4
14004,43.0,11,6258.45,4
18118,10.0,29,6257.36,4
15369,492.0,11,6251.26,4
12497,81.0,3,6248.5,4
16156,8.0,20,6218.18,4
12429,9.0,8,6204.41,4
14530,25.0,16,6197.4,4
16103,7.0,22,6191.71,4
14390,10.0,13,6176.13,4
15299,67.0,10,6156.53,4
14852,58.0,18,6147.18,4
17669,42.0,10,6142.35,4
13266,11.0,19,6135.04,4
17419,11.0,18,6126.25,4
14180,10.0,33,6117.5,4
13935,596.0,3,6116.92,4
17509,57.0,8,6115.14,4
14560,7.0,44,6114.03,4
18178,128.0,11,6103.74,4
18061,21.0,28,6083.81,4
16954,0.0,20,6081.88,4
16456,99.0,13,6075.51,4
12664,8.0,11,6070.04,4
17625,18.0,8,6067.8,4
12835,427.0,41,6043.31,4
14535,60.0,9,6030.7300000000005,4
17644,1.0,20,6028.6,4
13658,9.0,9,6025.5,4
17819,71.0,12,6021.05,4
15372,137.0,8,6017.06,4
15202,420.0,3,6001.49,4
15755,10.0,17,5993.12,4
14105,239.0,5,5988.83,4
17457,126.0,14,5984.8099999999995,4
14440,8.0,13,5982.03,4
16710,19.0,22,5973.62,4
15785,32.0,16,5969.93,4
14918,115.0,9,5955.81,4
12500,23.0,19,5955.21,4
14257,64.0,9,5954.45,4
15971,17.0,18,5902.83,4
12455,73.0,10,5879.95,4
18065,5.0,29,5866.63,4
17146,105.0,13,5860.24,4
14112,22.0,13,5834.59,4
12910,23.0,13,5796.52,4
17838,26.0,13,5787.34,4
18075,23.0,20,5783.29,4
17672,50.0,7,5778.63,4
14099,16.0,20,5765.71,4
16316,64.0,13,5744.91,4
12615,2.0,8,5740.98,4
13771,64.0,9,5728.82,4
16458,2.0,30,5715.34,4
13870,2.0,15,5712.08,4
16409,36.0,12,5709.04,4
16607,17.0,25,5706.87,4
16279,21.0,9,5705.08,4
17651,11.0,16,5703.52,4
13157,49.0,9,5687.36,4
12727,10.0,10,5679.53,4
12633,58.0,7,5678.16,4
13901,72.0,15,5676.34,4
17491,1.0,17,5653.67,4
16200,4.0,12,5643.45,4
16011,8.0,29,5642.51,4
13722,131.0,10,5635.41,4
16320,172.0,6,5628.99,4
14249,410.0,12,5625.461,4
18145,12.0,11,5617.79,4
14572,3.0,11,5615.18,4
16003,29.0,10,5613.83,4
17092,50.0,11,5594.96,4
15854,4.0,21,5583.81,4
15228,66.0,6,5580.2699999999995,4
17203,35.0,10,5575.88,4
15527,18.0,23,5575.64,4
14210,105.0,16,5556.570000000001,4
14907,3.0,16,5547.72,4
13593,108.0,14,5523.6900000000005,4
17069,28.0,14,5517.2300000000005,4
14732,8.0,19,5517.07,4
17204,175.0,9,5504.6900000000005,4
14189,2.0,16,5503.15,4
13115,11.0,10,5494.7,4
16609,15.0,7,5493.46,4
17685,16.0,12,5490.650000000001,4
13769,2.0,20,5478.12,4
16992,10.0,13,5476.5,4
17512,28.0,18,5467.820000000001,4
12480,28.0,7,5464.85,4
18198,4.0,17,5425.56,4
12378,129.0,2,5416.32,4
14626,23.0,11,5410.92,4
17719,37.0,15,5396.04,4
17612,53.0,18,5394.86,4
13362,9.0,7,5394.07,4
16008,23.0,15,5384.13,4
13014,10.0,11,5381.08,4
16393,2.0,23,5376.86,4
14459,155.0,2,5375.741,4
14442,204.0,7,5367.0199999999995,4
17863,59.0,12,5360.48,4
13975,31.0,12,5358.84,4
12362,3.0,11,5356.23,4
15641,105.0,12,5345.55,4
15628,4.0,17,5333.08,4
13842,58.0,18,5319.34,4
17584,7.0,6,5309.42,4
16546,290.0,5,5307.07,4
15394,9.0,11,5286.8,4
15152,9.0,14,5263.83,4
15722,35.0,11,5258.1,4
13931,95.0,11,5257.38,4
13107,44.0,9,5253.07,4
14930,108.0,6,5246.63,4
12755,280.0,11,5236.259999999999,4
17061,73.0,11,5232.2300000000005,4
12422,95.0,17,5231.8,4
15606,61.0,17,5230.99,4
13763,63.0,3,5217.44,4
17084,35.0,3,5202.97,4
15812,107.0,12,5201.47,4
14546,5.0,11,5197.9,4
12510,142.0,9,5178.02,4
17346,3.0,26,5176.39,4
15443,1.0,14,5175.93,4
15796,1.0,17,5175.83,4
17663,25.0,17,5175.83,4
12625,211.0,4,5164.88,4
17157,7.0,19,5151.9,4
16153,49.0,11,5133.49,4
14493,7.0,10,5130.15,4
17861,3.0,18,5127.69,4
12483,17.0,19,5120.58,4
16308,37.0,7,5120.0,4
14713,9.0,21,5119.92,4
12708,29.0,18,5117.66,4
12594,37.0,15,5090.11,4
16931,5.0,23,5081.57,4
15367,57.0,11,5081.33,4
15898,1.0,25,5074.62,4
13634,33.0,16,5073.47,4
16686,47.0,16,5070.92,4
12432,42.0,5,5059.32,4
17469,16.0,17,5051.25,4
12759,52.0,8,5020.74,4
17758,19.0,12,5012.53,4
12444,21.0,5,5005.46,4
14209,10.0,15,4993.27,4
14639,52.0,9,4978.96,4
13198,10.0,8,4974.2300000000005,4
12600,28.0,21,4967.42,4
12562,8.0,9,4966.92,4
17802,82.0,10,4952.92,4
17449,2.0,13,4951.15,4
14081,302.0,10,4946.58,4
12700,7.0,4,4939.99,4
16919,156.0,24,4927.56,4
12347,2.0,8,4921.53,4
14970,68.0,12,4919.35,4
17314,24.0,17,4904.43,4
13659,205.0,12,4894.88,4
18144,7.0,19,4892.95,4
15332,366.0,6,4892.68,4
16986,29.0,11,4888.75,4
13021,4.0,17,4887.24,4
17059,29.0,9,4880.17,4
15379,169.0,8,4877.84,4
14107,51.0,11,4877.3,4
12688,113.0,1,4873.81,4
17213,40.0,13,4869.400000000001,4
17652,25.0,12,4867.72,4
13495,7.0,10,4863.31,4
13044,291.0,11,4853.9,4
13562,81.0,8,4838.18,4
17567,7.0,9,4838.08,4
12449,22.0,6,4835.89,4
16326,5.0,24,4826.99,4
15485,30.0,7,4821.42,4
14191,1.0,15,4817.66,4
15529,22.0,12,4816.29,4
13875,53.0,14,4814.37,4
13329,31.0,8,4808.77,4
16904,4.0,21,4793.67,4
13124,89.0,4,4782.45,4
16905,5.0,17,4779.75,4
15187,1.0,16,4777.18,4
17519,17.0,15,4774.17,4
13988,19.0,8,4757.8,4
12955,1.0,11,4757.16,4
17829,298.0,5,4756.74,4
14825,3.0,24,4740.9800000000005,4
17082,33.0,6,4732.03,4
12395,19.0,15,4721.17,4
14235,75.0,9,4717.99,4
13958,379.0,8,4709.2300000000005,4
12589,28.0,8,4695.66,4
17050,96.0,11,4691.79,4
15410,84.0,10,4685.72,4
13527,33.0,12,4683.74,4
17400,126.0,8,4677.05,4
13971,18.0,14,4667.57,4
18097,7.0,11,4663.32,4
15123,7.0,5,4656.17,4
15484,1.0,6,4656.0,4
12916,138.0,7,4654.0199999999995,4
12578,21.0,4,4642.45,4
17402,4.0,23,4636.21,4
17442,36.0,15,4620.3,4
14685,576.0,8,4619.79,4
12782,4.0,11,4618.24,4
14441,0.0,11,4611.6900000000005,4
15245,134.0,8,4610.84,4
12553,8.0,12,4608.75,4
13851,95.0,8,4606.46,4
18257,39.0,12,4600.15,4
14514,61.0,9,4598.9800000000005,4
15271,7.0,24,4597.79,4
17188,11.0,13,4592.93,4
17508,280.0,8,4579.23,4
17754,0.0,13,4577.53,4
15416,64.0,7,4572.82,4
14701,10.0,15,4562.09,4
17613,22.0,14,4559.15,4
13510,1.0,11,4558.29,4
15365,25.0,13,4557.13,4
16143,3.0,12,4555.08,4
14648,416.0,15,4546.86,4
13571,12.0,26,4546.54,4
14032,2.0,16,4546.41,4
18069,26.0,11,4540.56,4
13523,33.0,6,4534.57,4
12598,9.0,11,4534.09,4
16255,16.0,15,4532.55,4
17596,23.0,13,4528.05,4
14290,11.0,8,4516.56,4
17308,393.0,2,4511.76,4
15764,88.0,8,4503.08,4
14625,196.0,11,4497.88,4
15122,114.0,11,4497.47,4
18064,133.0,11,4495.03,4
17220,24.0,21,4481.75,4
16912,28.0,15,4480.31,4
12627,10.0,7,4478.53,4
13435,5.0,9,4475.2300000000005,4
13491,51.0,27,4467.66,4
14341,45.0,18,4467.32,4
15240,44.0,12,4459.98,4
18093,93.0,8,4452.71,4
12349,18.0,4,4428.69,4
15845,17.0,11,4426.28,4
16563,53.0,6,4422.76,4
17138,275.0,7,4417.27,4
16626,0.0,17,4413.1,4
16283,5.0,8,4403.82,4
14211,53.0,18,4402.29,4
15861,12.0,12,4401.79,4
15203,25.0,15,4400.18,4
13505,72.0,4,4393.63,4
16732,31.0,4,4387.64,4
16749,591.0,2,4387.08,4
18272,2.0,9,4385.9800000000005,4
17372,40.0,28,4377.56,4
16118,652.0,1,4376.25,4
12523,19.0,23,4372.15,4
13297,7.0,7,4368.62,4
12752,81.0,1,4366.78,4
12917,128.0,6,4359.2,4
14482,18.0,12,4357.91,4
15633,509.0,13,4352.46,4
12408,32.0,8,4340.7699999999995,4
16072,288.0,4,4328.89,4
17191,28.0,15,4325.9400000000005,4
14854,78.0,11,4322.86,4
12370,51.0,7,4320.31,4
14334,16.0,12,4318.48,4
15493,32.0,9,4314.9800000000005,4
12928,35.0,12,4304.89,4
16081,56.0,8,4302.58,4
17937,8.0,7,4301.22,4
16125,367.0,14,4298.3,4
13880,21.0,17,4293.86,4
16858,368.0,10,4292.59,4
18230,9.0,9,4291.06,4
14307,88.0,10,4287.92,4
16293,21.0,15,4279.2,4
17930,35.0,13,4275.22,4
14466,29.0,13,4267.15,4
16712,9.0,13,4266.99,4
14239,43.0,21,4263.17,4
16743,29.0,14,4253.26,4
12360,52.0,8,4252.89,4
16571,26.0,10,4248.74,4
12935,2.0,15,4243.86,4
18079,45.0,5,4242.75,4
17728,3.0,5,4238.76,4
13911,57.0,20,4234.99,4
16875,67.0,11,4234.53,4
17673,1.0,13,4233.58,4
14001,45.0,9,4228.85,4
17412,2.0,16,4220.22,4
15518,64.0,15,4218.94,4
15804,0.0,13,4206.39,4
17406,333.0,13,4202.95,4
15050,25.0,5,4193.79,4
15002,115.0,9,4185.63,4
14868,3.0,12,4184.01,4
17738,19.0,13,4183.56,4
18287,42.0,7,4182.99,4
18194,82.0,6,4162.04,4
14740,197.0,11,4161.06,4
12653,148.0,3,4160.83,4
13461,38.0,6,4160.0,4
16209,88.0,9,4146.78,4
18077,8.0,18,4133.69,4
12569,2.0,32,4124.69,4
13450,26.0,13,4120.04,4
14408,10.0,11,4109.77,4
14878,12.0,25,4105.24,4
13421,40.0,8,4103.12,4
16477,63.0,11,4094.37,4
14566,110.0,4,4092.0,4
13048,14.0,9,4084.21,4
12876,57.0,4,4081.79,4
17618,5.0,11,4073.2400000000002,4
14913,35.0,8,4073.13,4
15572,4.0,10,4068.67,4
12371,44.0,5,4067.38,4
17682,10.0,11,4065.28,4
14025,464.0,8,4057.9,4
16241,9.0,16,4051.66,4
15571,11.0,14,4051.63,4
17083,109.0,9,4049.79,4
12840,143.0,7,4041.97,4
16791,29.0,15,4038.69,4
15680,9.0,10,4028.69,4
15708,40.0,9,4028.04,4
14824,10.0,10,4022.9100000000003,4
16098,87.0,14,4017.5,4
13982,39.0,9,4016.99,4
15665,168.0,5,4015.12,4
12726,28.0,11,4014.6,4
15782,9.0,4,4014.1,4
12721,31.0,8,4013.08,4
13895,28.0,6,4008.52,4
14547,3.0,8,4007.54,4
13542,376.0,17,4006.17,4
16841,36.0,12,4006.06,4
16455,63.0,11,4003.07,4
16150,42.0,10,4002.17,4
17307,395.0,11,3999.8900000000003,4
16928,80.0,29,3996.98,4
16218,29.0,13,3968.67,4
14047,8.0,14,3968.11,4
16771,33.0,10,3967.6,4
14817,200.0,7,3959.86,4
17667,66.0,9,3950.7,4
15752,39.0,9,3947.89,4
14465,246.0,11,3946.03,4
18259,24.0,7,3941.9,4
17526,4.0,12,3939.24,4
12473,29.0,5,3938.55,4
15051,23.0,9,3935.16,4
15819,49.0,10,3934.79,4
13037,138.0,12,3914.9500000000003,4
14498,42.0,10,3911.27,4
12853,134.0,11,3907.5,4
15696,33.0,13,3906.57,4
13995,15.0,14,3902.01,4
12388,15.0,8,3901.11,4
17218,4.0,18,3900.14,4
17646,219.0,12,3898.79,4
17287,26.0,21,3889.2599999999998,4
12358,1.0,5,3887.07,4
15823,372.0,3,3882.17,4
13446,430.0,11,3881.89,4
14655,8.0,7,3878.51,4
15067,78.0,5,3877.88,4
18073,114.0,12,3877.52,4
15195,2.0,1,3861.0,4
14565,95.0,5,3859.2200000000003,4
14532,236.0,11,3859.18,4
16440,7.0,6,3856.9700000000003,4
16057,16.0,10,3854.85,4
13213,56.0,11,3851.52,4
16341,24.0,7,3850.79,4
16466,33.0,15,3838.59,4
13357,257.0,5,3838.36,4
17954,5.0,19,3837.37,4
13481,45.0,11,3830.84,4
15704,140.0,6,3817.96,4
12597,19.0,4,3811.22,4
15421,58.0,10,3805.34,4
16636,438.0,4,3802.04,4
17071,28.0,13,3801.2000000000003,4
16128,17.0,11,3801.05,4
14540,9.0,11,3795.34,4
12619,16.0,10,3781.38,4
14309,8.0,11,3780.81,4
15494,21.0,5,3780.05,4
14649,4.0,9,3775.31,4
13126,4.0,13,3774.81,4
17293,8.0,17,3774.23,4
17211,26.0,13,3773.35,4
15834,70.0,7,3772.9900000000002,4
15532,25.0,10,3771.9,4
17173,5.0,8,3766.6,4
12670,10.0,7,3760.29,4
12530,59.0,9,3759.26,4
17096,15.0,11,3759.18,4
17553,129.0,4,3757.6,4
14515,17.0,12,3749.26,4
12623,276.0,7,3747.84,4
15370,40.0,8,3739.0099999999998,4
15255,66.0,9,3729.42,4
12502,95.0,5,3723.87,4
16772,423.0,3,3723.55,4
16240,24.0,2,3718.8,4
15288,43.0,10,3717.48,4
14364,108.0,8,3717.35,4
14593,21.0,12,3712.0099999999998,4
12737,498.0,2,3710.5,4
14776,51.0,15,3708.3,4
16094,11.0,11,3695.56,4
12857,210.0,6,3688.0,4
12468,187.0,5,3670.74,4
14640,24.0,10,3667.06,4
14744,16.0,14,3660.08,4
16444,46.0,17,3656.58,4
17019,11.0,11,3653.38,4
14857,59.0,7,3651.851,4
17848,81.0,30,3650.9,4
13632,24.0,8,3648.15,4
17063,21.0,13,3638.53,4
14770,232.0,8,3637.64,4
16748,17.0,14,3637.33,4
16053,32.0,6,3634.84,4
17528,1.0,8,3628.5,4
14882,26.0,14,3628.15,4
15079,212.0,11,3625.4,4
13305,4.0,16,3618.5099999999998,4
14653,1.0,12,3614.54,4
16503,106.0,11,3614.34,4
16950,56.0,10,3612.37,4
15505,52.0,5,3610.96,4
15113,9.0,3,3609.33,4
15791,43.0,5,3608.34,4
18242,72.0,8,3605.21,4
15827,73.0,28,3603.14,4
13750,53.0,11,3602.1800000000003,4
15811,22.0,7,3600.67,4
16325,46.0,12,3597.5,4
17422,16.0,11,3594.76,4
17659,17.0,14,3586.9900000000002,4
15569,103.0,10,3586.35,4
14132,2.0,11,3586.0299999999997,4
15024,9.0,16,3584.29,4
17679,52.0,7,3577.61,4
15858,15.0,13,3576.44,4
17311,78.0,6,3566.56,4
14737,3.0,4,3554.17,4
15222,318.0,11,3550.91,4
16983,12.0,11,3546.73,4
14503,3.0,6,3543.26,4
16719,14.0,14,3542.57,4
12645,33.0,8,3539.3,4
16395,60.0,14,3537.85,4
15059,40.0,19,3523.57,4
17722,96.0,5,3520.2200000000003,4
16336,420.0,4,3517.69,4
16360,4.0,6,3512.53,4
17768,8.0,7,3509.51,4
16347,11.0,11,3509.41,4
18168,176.0,16,3506.97,4
18044,4.0,18,3505.61,4
14934,81.0,5,3503.5,4
13929,169.0,11,3494.1,4
13577,25.0,11,3489.28,4
15306,64.0,9,3484.73,4
17597,213.0,5,3484.09,4
12631,57.0,6,3481.57,4
17913,58.0,14,3479.64,4
15712,9.0,12,3472.4100000000003,4
13849,51.0,5,3469.3,4
14533,24.0,11,3466.37,4
15351,12.0,10,3463.62,4
16271,2.0,10,3463.02,4
14837,89.0,9,3460.32,4
15953,15.0,18,3459.71,4
13536,1.0,7,3448.29,4
13313,22.0,12,3445.32,4
15974,39.0,7,3442.15,4
16208,44.0,10,3440.45,4
17725,16.0,11,3439.08,4
17931,134.0,14,3437.29,4
12609,78.0,9,3435.86,4
15676,18.0,3,3435.76,4
16045,119.0,8,3434.93,4
14409,71.0,9,3427.29,4
12377,315.0,4,3426.32,4
16281,72.0,3,3424.02,4
17876,399.0,3,3424.02,4
13031,407.0,5,3419.27,4
13979,73.0,7,3416.23,4
15058,25.0,16,3410.03,4
14898,23.0,14,3409.31,4
13437,14.0,7,3408.06,4
13425,108.0,5,3403.63,4
13823,18.0,7,3403.4500000000003,4
15114,30.0,12,3400.12,4
16067,562.0,3,3395.29,4
13246,18.0,11,3387.43,4
17723,127.0,7,3378.4,4
13135,196.0,2,3371.45,4
13707,267.0,5,3365.86,4
13285,23.0,6,3364.59,4
15538,537.0,6,3358.4,4
14608,4.0,11,3352.94,4
18219,2.0,17,3352.7000000000003,4
16818,10.0,11,3349.57,4
17183,7.0,6,3347.31,4
15265,151.0,4,3345.64,4
12424,162.0,4,3340.03,4
14064,29.0,15,3332.42,4
16351,332.0,13,3330.0299999999997,4
17774,96.0,9,3328.05,4
15065,37.0,5,3326.86,4
12865,26.0,4,3323.47,4
13291,155.0,11,3320.84,4
13611,89.0,10,3319.53,4
13431,67.0,8,3316.2400000000002,4
13824,32.0,12,3314.76,4
15356,31.0,13,3314.73,4
13131,23.0,7,3313.77,4
14451,60.0,12,3308.77,4
12872,326.0,12,3306.96,4
14217,1.0,23,3298.59,4
16539,2.0,10,3289.66,4
13650,16.0,10,3288.0,4
15632,15.0,8,3285.31,4
14507,23.0,11,3284.43,4
14285,21.0,8,3284.42,4
18188,15.0,6,3280.59,4
15978,77.0,3,3279.42,4
13214,417.0,7,3264.23,4
17924,11.0,8,3257.7000000000003,4
15057,275.0,5,3255.96,4
14215,11.0,9,3250.33,4
15380,8.0,11,3248.96,4
12770,210.0,2,3246.45,4
16612,32.0,9,3245.43,4
14669,241.0,7,3243.93,4
15140,52.0,8,3243.69,4
17353,129.0,4,3242.0,4
15625,103.0,9,3236.4,4
12963,8.0,12,3235.79,4
16101,70.0,4,3229.16,4
16515,52.0,10,3216.3,4
13268,17.0,11,3214.69,4
12951,8.0,15,3213.7200000000003,4
16918,49.0,16,3213.29,4
13804,30.0,9,3208.52,4
16107,17.0,7,3204.1600000000003,4
17147,22.0,9,3199.95,4
14315,44.0,8,3197.82,4
15027,30.0,10,3195.6,4
15916,16.0,13,3194.72,4
13868,7.0,2,3192.54,4
13397,72.0,10,3191.87,4
16933,1.0,9,3181.25,4
12456,44.0,3,3181.04,4
17621,21.0,6,3175.12,4
16837,31.0,11,3170.98,4
17640,86.0,6,3168.94,4
13052,212.0,7,3168.53,4
16365,17.0,15,3167.3399999999997,4
16041,30.0,3,3166.4,4
14963,9.0,12,3164.48,4
16584,80.0,5,3163.67,4
16400,94.0,9,3159.44,4
15031,4.0,14,3156.58,4
12976,211.0,8,3156.38,4
14306,51.0,6,3151.4,4
17090,4.0,13,3149.48,4
15614,437.0,4,3147.36,4
17702,30.0,6,3144.04,4
17354,50.0,4,3143.46,4
14978,72.0,10,3142.14,4
15095,103.0,10,3141.64,4
14897,7.0,8,3140.54,4
15602,8.0,16,3137.96,4
15983,22.0,8,3135.27,4
13742,16.0,12,3131.02,4
13786,367.0,6,3128.54,4
14044,26.0,10,3123.1,4
15199,59.0,10,3122.4,4
17145,512.0,4,3120.91,4
13685,2.0,7,3119.44,4
14700,32.0,5,3116.26,4
13692,24.0,5,3114.4,4
13772,33.0,8,3114.22,4
13538,43.0,12,3112.73,4
16678,2.0,12,3109.99,4
12909,39.0,8,3103.19,4
15491,95.0,6,3100.09,4
16059,65.0,12,3099.52,4
13464,58.0,6,3097.64,4
12937,15.0,9,3097.61,4
15105,18.0,9,3094.91,4
12849,31.0,6,3090.56,4
14312,46.0,11,3090.29,4
15373,8.0,17,3087.09,4
12511,428.0,1,3084.02,4
17929,11.0,12,3082.1,4
16007,47.0,7,3075.14,4
13647,9.0,8,3071.68,4
12469,522.0,2,3070.54,4
13631,99.0,11,3070.42,4
14038,78.0,5,3069.88,4
13196,11.0,7,3068.84,4
14456,5.0,9,3062.4,4
16120,59.0,6,3056.91,4
15241,66.0,11,3050.16,4
16560,26.0,8,3048.38,4
14916,70.0,8,3042.95,4
15967,23.0,12,3041.6,4
15754,51.0,9,3037.61,4
14673,3.0,7,3037.32,4
14161,215.0,7,3035.73,4
13557,28.0,13,3032.26,4
16718,369.0,5,3023.78,4
14506,17.0,7,3020.9700000000003,4
13485,233.0,11,3019.2200000000003,4
13848,92.0,8,3015.0,4
12754,235.0,3,3010.74,4
12838,33.0,10,3007.69,4
14590,424.0,20,3006.62,4
17032,547.0,8,3004.6,4
14226,28.0,6,3002.53,4
14621,1.0,9,3000.57,4
13635,67.0,4,2999.16,4
15810,78.0,8,2999.04,4
15182,154.0,11,2998.952,4
15611,9.0,26,2997.28,4
12457,66.0,8,2995.91,4
12854,78.0,7,2994.02,4
15687,8.0,9,2993.1,4
14344,127.0,20,2993.05,4
16012,35.0,5,2989.79,4
15681,25.0,14,2989.7,4
12374,25.0,4,2989.22,4
18241,9.0,21,2986.9900000000002,4
15329,39.0,11,2984.33,4
14544,24.0,3,2982.43,4
17655,10.0,9,2976.38,4
17692,127.0,12,2975.8,4
16383,74.0,7,2974.84,4
16416,26.0,9,2972.88,4
13012,9.0,11,2972.83,4
13110,31.0,12,2957.4700000000003,4
16736,505.0,5,2956.56,4
12877,3.0,20,2955.17,4
13764,70.0,6,2953.26,4
14867,185.0,16,2952.06,4
13253,156.0,4,2951.11,4
15757,65.0,6,2940.36,4
17444,147.0,3,2940.04,4
17588,100.0,7,2939.55,4
12967,358.0,3,2938.52,4
14524,31.0,13,2933.71,4
12635,89.0,4,2930.41,4
15312,75.0,12,2930.19,4
13890,1.0,14,2927.38,4
12906,11.0,5,2919.81,4
16358,1.0,5,2919.65,4
15392,4.0,7,2911.62,4
13784,9.0,14,2910.23,4
12438,14.0,2,2906.85,4
14233,49.0,7,2904.27,4
14293,3.0,9,2903.01,4
16755,114.0,7,2900.58,4
17242,108.0,5,2889.28,4
13501,288.0,3,2885.11,4
16633,17.0,6,2883.1,4
14251,1.0,5,2879.7000000000003,4
12806,435.0,4,2878.96,4
18170,33.0,9,2878.0,4
14005,9.0,5,2874.72,4
15043,31.0,6,2873.7999999999997,4
16467,508.0,7,2869.16,4
14711,10.0,11,2868.8,4
16711,3.0,9,2868.48,4
17961,21.0,100,2867.99,4
16229,87.0,6,2867.86,4
16225,44.0,15,2867.4100000000003,4
15563,22.0,7,2867.0,4
14758,144.0,7,2864.97,4
15353,254.0,7,2864.3,4
16062,9.0,8,2863.45,4
12685,28.0,6,2863.08,4
14875,107.0,3,2862.4,4
13963,308.0,17,2860.57,4
16979,3.0,9,2859.74,4
15965,17.0,13,2856.9,4
14035,28.0,9,2856.72,4
13728,36.0,16,2855.17,4
16742,46.0,14,2852.61,4
12352,36.0,10,2849.84,4
14935,297.0,2,2849.83,4
13032,52.0,9,2843.55,4
12676,24.0,11,2843.09,4
16554,42.0,8,2841.72,4
17530,1.0,12,2840.87,4
13477,37.0,11,2834.17,4
17368,23.0,14,2826.14,4
16775,10.0,16,2824.9900000000002,4
14842,43.0,4,2824.69,4
16407,12.0,14,2821.65,4
17228,15.0,13,2821.29,4
15797,113.0,6,2821.08,4
13719,15.0,11,2815.25,4
17386,7.0,7,2812.77,4
16871,22.0,6,2812.34,4
14903,21.0,5,2810.63,4
13330,92.0,6,2806.18,4
14869,8.0,6,2804.24,4
13799,116.0,9,2803.57,4
13205,443.0,1,2803.2,4
12826,2.0,12,2800.75,4
16764,3.0,13,2799.25,4
15993,8.0,7,2797.57,4
17284,60.0,8,2793.16,4
12863,52.0,6,2792.55,4
15073,9.0,8,2788.02,4
17552,60.0,12,2786.77,4
17790,26.0,20,2783.61,4
17870,2.0,13,2781.75,4
14121,3.0,4,2780.15,4
16104,61.0,9,2778.61,4
16335,551.0,7,2774.0,4
17031,11.0,6,2773.85,4
12391,21.0,6,2773.42,4
15235,217.0,16,2772.76,4
13695,31.0,16,2770.73,4
18210,1.0,7,2768.83,4
15817,420.0,3,2766.4,4
13736,5.0,7,2766.21,4
14404,33.0,13,2765.63,4
13813,39.0,8,2765.4700000000003,4
17115,8.0,7,2761.4900000000002,4
13077,1.0,11,2750.9500000000003,4
17490,0.0,9,2750.5,4
14665,60.0,7,2749.65,4
17884,3.0,20,2748.27,4
12982,242.0,8,2744.81,4
17241,385.0,12,2744.14,4
12669,150.0,3,2744.0299999999997,4
15841,72.0,9,2742.41,4
16434,29.0,12,2741.74,4
14808,39.0,8,2741.17,4
14125,10.0,3,2740.43,4
18283,3.0,22,2736.65,4
15389,172.0,5,2733.8,4
12986,428.0,10,2729.84,4
13211,10.0,10,2729.32,4
15596,100.0,9,2727.72,4
12739,78.0,4,2726.73,4
16190,40.0,8,2723.55,4
15985,123.0,7,2715.28,4
16232,43.0,7,2712.97,4
16359,7.0,16,2697.75,4
18173,86.0,5,2696.36,4
17388,77.0,11,2691.57,4
12820,3.0,11,2689.52,4
16086,59.0,10,2687.73,4
14748,29.0,10,2681.9,4
15910,0.0,15,2681.8,4
17720,26.0,10,2666.91,4
16369,18.0,7,2664.81,4
13473,60.0,8,2657.76,4
15671,18.0,7,2657.13,4
15157,3.0,5,2654.11,4
14756,15.0,3,2653.76,4
14410,92.0,11,2651.14,4
17744,3.0,7,2649.14,4
12516,77.0,4,2648.62,4
13203,9.0,10,2648.25,4
16618,31.0,5,2647.59,4
13819,301.0,6,2642.35,4
15814,16.0,6,2634.44,4
12520,79.0,5,2634.26,4
16276,176.0,3,2629.3900000000003,4
14548,150.0,9,2627.49,4
17470,44.0,11,2626.47,4
13422,64.0,1,2626.3,4
13644,16.0,4,2624.26,4
12671,606.0,1,2622.481,4
12423,0.0,10,2622.39,4
15142,46.0,6,2619.92,4
14262,8.0,8,2618.23,4
17043,32.0,8,2616.55,4
14195,201.0,6,2615.6,4
14431,302.0,4,2614.2,4
13700,26.0,13,2613.46,4
14397,2.0,19,2612.96,4
14564,434.0,2,2605.62,4
15660,25.0,15,2603.69,4
16206,54.0,13,2602.32,4
17317,46.0,3,2600.34,4
15826,56.0,4,2598.28,4
12412,74.0,6,2596.93,4
14163,87.0,5,2594.62,4
14229,51.0,7,2594.04,4
14129,1.0,9,2591.34,4
14147,78.0,9,2590.2,4
15033,4.0,10,2586.67,4
15062,71.0,8,2585.62,4
12592,92.0,5,2582.66,4
13151,295.0,3,2580.7400000000002,4
16499,360.0,8,2578.34,4
15021,8.0,12,2578.19,4
16115,9.0,12,2575.14,4
15862,8.0,13,2574.06,4
17095,22.0,7,2572.25,4
14745,112.0,12,2571.81,4
17002,85.0,7,2571.55,4
15434,8.0,11,2567.06,4
13623,30.0,10,2566.49,4
15747,12.0,9,2562.61,4
16817,2.0,13,2560.7,4
13192,95.0,6,2558.58,4
17463,16.0,7,2557.91,4
16036,87.0,4,2556.84,4
13862,18.0,9,2556.09,4
15906,19.0,10,2555.64,4
17550,197.0,9,2547.64,4
18179,9.0,8,2547.55,4
13344,67.0,3,2543.72,4
17465,425.0,7,2542.79,4
16987,3.0,11,2535.9,4
13471,1.0,4,2531.58,4
16889,194.0,6,2530.9,4
14659,8.0,9,2529.93,4
14790,16.0,10,2526.62,4
15716,145.0,11,2509.71,4
17101,10.0,7,2507.05,4
12517,28.0,5,2502.84,4
12978,385.0,5,2502.82,4
16202,360.0,9,2501.9900000000002,4
17288,9.0,11,2499.98,4
14541,58.0,14,2499.68,4
17594,85.0,4,2497.88,4
15932,4.0,8,2495.87,4
13414,133.0,6,2494.14,4
17262,52.0,11,2488.76,4
15227,36.0,9,2488.4900000000002,4
15117,14.0,8,2485.9700000000003,4
13507,3.0,4,2479.16,4
13588,15.0,9,2478.95,4
17348,14.0,9,2476.41,4
13134,85.0,6,2475.23,4
14256,260.0,5,2473.9900000000002,4
13173,4.0,11,2473.41,4
14696,4.0,8,2473.28,4
13878,54.0,4,2473.06,4
13762,218.0,5,2472.48,4
14502,19.0,11,2470.67,4
12924,88.0,12,2469.4,4
14421,57.0,6,2469.37,4
17164,32.0,7,2467.35,4
17676,4.0,10,2465.14,4
17131,5.0,5,2463.17,4
16470,51.0,11,2458.6,4
17629,5.0,10,2455.52,4
12701,79.0,6,2446.41,4
13338,157.0,4,2445.62,4
17320,100.0,6,2444.85,4
15111,29.0,5,2442.37,4
18171,58.0,9,2437.31,4
15623,141.0,8,2437.05,4
16005,12.0,10,2436.22,4
17505,161.0,5,2435.48,4
13085,157.0,8,2433.28,4
15077,494.0,2,2428.08,4
13949,2.0,6,2427.32,4
17004,46.0,4,2425.16,4
12733,234.0,4,2424.87,4
17921,64.0,10,2423.5,4
15215,46.0,7,2422.43,4
15089,10.0,6,2420.84,4
15489,22.0,8,2419.61,4
16040,65.0,7,2416.9,4
12802,186.0,7,2416.42,4
13118,19.0,9,2415.41,4
14205,16.0,9,2414.2,4
12397,35.0,2,2409.9,4
16833,1.0,6,2409.04,4
16163,232.0,6,2407.98,4
15341,80.0,2,2402.72,4
15860,40.0,17,2402.55,4
15793,14.0,8,2399.57,4
12393,72.0,6,2399.4500000000003,4
14414,91.0,8,2399.33,4
16147,133.0,5,2398.91,4
16812,360.0,4,2392.0,4
15366,75.0,7,2389.08,4
17827,5.0,6,2388.05,4
16105,248.0,5,2386.19,4
17623,32.0,7,2383.67,4
14554,10.0,4,2381.04,4
16638,22.0,15,2380.13,4
17434,2.0,7,2373.82,4
17591,73.0,8,2370.07,4
17969,166.0,20,2369.94,4
13908,79.0,4,2369.55,4
15015,501.0,13,2365.02,4
14496,311.0,7,2363.89,4
14295,40.0,5,2362.91,4
17634,36.0,9,2361.9700000000003,4
16676,33.0,6,2361.9,4
13614,24.0,6,2359.19,4
14810,40.0,13,2356.58,4
16083,100.0,4,2351.42,4
17894,71.0,18,2346.61,4
15549,77.0,8,2345.96,4
16085,23.0,12,2343.53,4
12704,7.0,8,2340.84,4
17282,130.0,5,2339.66,4
12584,3.0,9,2338.15,4
16496,8.0,6,2330.77,4
17313,31.0,1,2328.84,4
13280,122.0,7,2322.63,4
17113,574.0,6,2322.59,4
14938,562.0,2,2322.43,4
13091,28.0,3,2321.82,4
13055,78.0,4,2321.11,4
16628,29.0,7,2318.1,4
12724,5.0,7,2317.52,4
12948,16.0,9,2317.43,4
14346,120.0,5,2315.75,4
14555,57.0,6,2315.63,4
17994,121.0,11,2313.32,4
13994,3.0,6,2313.14,4
14481,164.0,5,2311.4900000000002,4
17193,35.0,9,2310.04,4
13704,5.0,9,2308.06,4
15946,502.0,3,2304.18,4
13059,249.0,10,2303.17,4
18095,312.0,5,2303.09,4
16077,625.0,1,2300.4,4
16531,22.0,11,2298.33,4
13371,505.0,2,2297.66,4
12599,29.0,13,2296.72,4
16485,77.0,5,2294.68,4
12649,107.0,8,2294.65,4
17047,85.0,6,2289.23,4
17018,40.0,6,2287.7,4
12684,7.0,7,2283.63,4
18051,634.0,7,2282.28,4
13655,114.0,6,2280.51,4
14449,18.0,8,2272.56,4
14462,66.0,12,2270.01,4
16883,187.0,19,2268.56,4
12725,371.0,4,2266.76,4
15638,378.0,6,2265.2,4
16042,22.0,8,2265.12,4
15734,114.0,4,2263.3,4
13652,45.0,5,2262.05,4
16823,227.0,7,2260.09,3
13814,92.0,3,2257.32,3
17180,56.0,11,2256.98,3
13117,21.0,18,2255.66,3
14432,9.0,6,2255.51,3
16350,21.0,9,2253.89,3
13662,85.0,11,2250.11,3
17414,43.0,6,2249.52,3
15865,40.0,5,2248.92,3
14644,67.0,7,2247.72,3
18215,89.0,5,2247.4900000000002,3
16177,50.0,8,2247.31,3
16174,126.0,7,2246.75,3
13627,59.0,7,2245.9,3
13407,578.0,3,2244.7,3
17075,17.0,10,2241.73,3
15629,450.0,4,2240.9,3
16551,95.0,7,2237.12,3
16108,84.0,4,2235.92,3
16076,3.0,10,2234.73,3
14177,86.0,13,2229.34,3
14472,103.0,9,2228.22,3
13320,78.0,6,2228.1,3
12783,2.0,6,2225.91,3
13365,33.0,2,2225.37,3
14467,17.0,12,2220.9900000000002,3
15550,4.0,12,2218.8,3
14321,10.0,7,2218.06,3
18177,31.0,9,2216.87,3
17648,60.0,5,2216.37,3
13478,469.0,5,2215.78,3
13455,24.0,6,2212.9900000000002,3
15476,380.0,4,2209.98,3
13094,21.0,13,2209.44,3
14573,179.0,13,2208.32,3
14834,17.0,7,2206.16,3
15426,19.0,9,2203.97,3
13410,24.0,9,2201.96,3
14597,11.0,6,2201.54,3
14006,115.0,7,2196.67,3
15100,333.0,7,2193.9,3
16317,119.0,5,2192.51,3
15934,417.0,2,2190.66,3
14212,89.0,2,2190.14,3
17822,420.0,5,2188.5,3
17905,71.0,13,2181.77,3
15864,22.0,7,2180.76,3
12856,7.0,6,2179.93,3
13610,12.0,14,2175.88,3
17324,17.0,12,2174.82,3
12501,336.0,1,2169.39,3
13888,119.0,7,2169.05,3
17732,372.0,8,2166.42,3
14595,19.0,8,2164.45,3
15944,276.0,4,2164.24,3
13755,3.0,9,2161.35,3
17460,94.0,16,2157.9700000000003,3
14407,107.0,6,2157.73,3
16379,4.0,4,2157.4,3
16520,186.0,6,2156.86,3
13643,31.0,10,2156.77,3
13224,60.0,2,2155.95,3
18009,235.0,8,2155.83,3
16966,8.0,7,2154.97,3
18116,67.0,13,2154.3,3
16600,4.0,13,2153.41,3
16016,3.0,11,2151.67,3
16275,196.0,3,2151.11,3
17897,172.0,9,2150.38,3
14216,3.0,5,2150.04,3
16716,266.0,3,2149.6800000000003,3
17272,42.0,4,2148.63,3
16004,474.0,5,2146.39,3
13152,417.0,7,2146.38,3
16134,21.0,5,2145.34,3
12576,35.0,8,2142.72,3
13092,70.0,12,2140.28,3
14499,26.0,7,2138.9700000000003,3
12687,480.0,2,2138.91,3
17029,110.0,7,2137.3,3
17305,648.0,1,2135.46,3
12560,5.0,3,2134.01,3
16493,79.0,7,2132.09,3
13517,59.0,3,2128.42,3
14360,31.0,4,2128.23,3
14634,437.0,4,2124.46,3
16807,142.0,6,2123.88,3
16996,30.0,9,2123.61,3
15456,283.0,10,2119.27,3
15658,190.0,8,2117.27,3
14691,30.0,5,2114.33,3
14399,394.0,8,2113.16,3
14469,416.0,4,2112.21,3
16201,3.0,5,2112.12,3
16054,145.0,4,2111.88,3
16934,54.0,6,2110.9900000000002,3
12997,22.0,8,2110.91,3
13265,53.0,5,2107.66,3
15252,36.0,5,2103.41,3
14276,98.0,7,2102.68,3
15815,63.0,5,2100.6,3
12975,436.0,6,2100.09,3
17159,21.0,5,2099.59,3
12610,22.0,5,2099.54,3
17742,113.0,11,2098.48,3
13753,287.0,4,2094.57,3
13591,64.0,7,2093.94,3
17585,109.0,7,2093.3,3
16794,1.0,15,2090.91,3
16726,26.0,7,2088.41,3
15151,423.0,2,2085.61,3
15272,57.0,6,2085.48,3
17705,3.0,11,2083.9,3
14443,53.0,5,2082.9700000000003,3
17289,31.0,9,2079.39,3
16795,365.0,3,2077.51,3
18026,500.0,2,2074.07,3
17048,117.0,7,2071.68,3
17126,152.0,9,2070.44,3
16290,464.0,4,2069.3,3
15164,68.0,9,2068.92,3
16221,36.0,9,2068.77,3
14988,211.0,7,2066.6,3
13748,95.0,9,2064.35,3
12586,17.0,4,2062.67,3
15221,366.0,4,2062.2,3
13476,178.0,5,2061.4700000000003,3
18258,464.0,6,2059.67,3
14623,32.0,10,2059.58,3
17633,31.0,7,2057.39,3
12518,0.0,5,2056.89,3
15253,16.0,8,2055.09,3
14188,30.0,6,2054.36,3
16235,40.0,9,2053.71,3
16176,421.0,4,2052.69,3
17086,7.0,6,2050.08,3
13874,358.0,7,2049.15,3
16027,91.0,15,2048.36,3
14232,42.0,5,2048.07,3
17666,3.0,5,2047.8,3
13663,179.0,5,2047.51,3
14000,211.0,5,2046.3400000000001,3
15473,14.0,8,2046.0,3
12868,185.0,8,2043.76,3
16960,38.0,8,2043.43,3
12585,234.0,2,2040.1,3
15506,22.0,6,2040.03,3
16214,170.0,4,2038.25,3
16331,432.0,6,2037.7,3
14225,434.0,4,2037.02,3
14651,67.0,9,2034.1200000000001,3
17846,85.0,1,2033.1,3
13630,5.0,7,2031.78,3
17337,151.0,4,2027.8700000000001,3
15384,169.0,4,2027.79,3
12873,282.0,3,2027.3,3
13989,65.0,5,2026.06,3
14631,50.0,6,2025.69,3
15478,40.0,3,2024.98,3
12418,112.0,4,2021.2,3
13696,421.0,3,2020.4,3
12348,75.0,5,2019.3999999999999,3
16197,469.0,9,2016.71,3
17152,194.0,4,2016.5,3
16529,190.0,4,2012.0,3
13693,374.0,9,2011.82,3
14396,65.0,7,2011.58,3
16065,365.0,8,2010.53,3
16332,28.0,11,2010.41,3
15990,44.0,7,2010.05,3
17671,15.0,5,2009.16,3
15531,8.0,2,2007.44,3
14730,1.0,8,2005.06,3
14628,91.0,5,1998.0,3
16698,226.0,2,1998.0,3
14152,75.0,7,1997.34,3
18204,71.0,3,1993.7,3
15481,401.0,1,1993.34,3
14301,117.0,4,1992.18,3
13889,92.0,6,1991.23,3
17088,28.0,4,1991.01,3
13208,58.0,9,1988.5,3
17351,36.0,12,1988.23,3
17797,22.0,8,1985.8700000000001,3
14967,49.0,6,1982.6100000000001,3
13725,49.0,8,1980.56,3
12582,238.0,4,1980.4,3
17158,32.0,5,1980.0,3
15030,71.0,8,1979.91,3
15795,149.0,8,1979.8700000000001,3
17966,37.0,10,1974.42,3
14905,157.0,8,1971.39,3
17997,74.0,8,1970.67,3
12674,38.0,4,1970.6,3
16032,456.0,6,1970.45,3
14477,19.0,7,1969.6,3
12399,119.0,7,1962.3,3
15789,358.0,6,1962.01,3
18016,32.0,7,1960.46,3
17039,604.0,1,1954.99,3
14794,2.0,10,1953.9,3
17554,1.0,5,1952.45,3
13761,50.0,6,1952.17,3
15885,92.0,15,1951.82,3
16993,463.0,2,1950.95,3
16788,123.0,5,1950.3,3
14014,77.0,3,1948.21,3
15425,400.0,4,1944.57,3
14332,22.0,5,1943.51,3
15620,56.0,4,1942.36,3
13276,63.0,5,1939.26,3
12385,379.0,1,1938.4,3
16619,263.0,4,1938.33,3
14418,3.0,3,1937.25,3
15561,11.0,8,1934.3899999999999,3
12528,9.0,6,1933.48,3
12531,14.0,2,1933.2,3
16859,144.0,7,1932.41,3
15803,51.0,4,1929.66,3
17236,12.0,12,1929.26,3
13029,30.0,5,1927.3,3
14901,11.0,12,1927.25,3
14710,14.0,13,1922.59,3
14492,430.0,7,1921.91,3
16681,72.0,7,1921.84,3
18220,226.0,6,1921.76,3
16942,12.0,9,1920.59,3
12644,129.0,4,1918.49,3
12842,70.0,4,1917.99,3
16650,71.0,7,1916.11,3
16555,35.0,6,1915.68,3
16692,256.0,4,1914.6999999999998,3
16426,2.0,10,1908.25,3
17046,157.0,5,1906.07,3
17350,8.0,7,1906.041,3
13503,71.0,6,1905.39,3
14250,7.0,3,1904.05,3
14127,122.0,6,1900.0800000000002,3
16049,40.0,6,1899.68,3
12762,7.0,2,1898.52,3
14389,65.0,5,1898.01,3
14224,110.0,9,1897.9,3
17560,94.0,8,1895.8,3
14327,163.0,6,1894.93,3
17609,40.0,11,1894.34,3
15248,411.0,3,1893.93,3
15678,52.0,3,1893.89,3
13984,26.0,12,1893.8,3
16631,481.0,7,1892.52,3
15381,213.0,5,1890.57,3
14912,16.0,6,1889.25,3
13884,7.0,10,1888.48,3
16172,95.0,8,1884.55,3
14130,319.0,4,1882.67,3
14403,130.0,6,1880.51,3
17227,18.0,12,1879.78,3
16660,16.0,7,1879.55,3
18151,134.0,6,1879.44,3
15197,10.0,6,1877.51,3
13946,79.0,6,1876.23,3
13168,36.0,5,1875.31,3
16474,7.0,7,1871.5,3
17787,152.0,4,1865.19,3
14887,79.0,1,1862.0,3
14305,71.0,3,1858.96,3
17974,24.0,6,1858.06,3
16917,276.0,2,1857.83,3
16043,37.0,8,1856.5900000000001,3
15081,22.0,12,1854.57,3
16510,372.0,6,1851.9,3
12383,184.0,5,1850.56,3
12381,4.0,5,1845.31,3
12507,134.0,4,1844.06,3
18180,4.0,6,1843.75,3
12694,70.0,3,1843.35,3
12950,2.0,3,1843.0,3
15201,87.0,7,1842.95,3
17015,28.0,3,1842.56,3
16102,42.0,3,1842.14,3
14723,10.0,11,1842.1200000000001,3
14553,19.0,9,1841.54,3
16880,30.0,8,1840.86,3
14715,24.0,8,1840.45,3
17919,88.0,2,1840.32,3
15822,3.0,6,1840.06,3
14870,261.0,6,1838.95,3
13924,1.0,6,1838.8500000000001,3
16175,94.0,7,1836.44,3
14896,204.0,8,1835.2,3
16205,30.0,7,1830.61,3
15402,148.0,6,1830.54,3
16152,268.0,1,1829.04,3
15339,66.0,7,1827.84,3
16797,393.0,5,1827.77,3
16825,38.0,5,1826.89,3
18122,8.0,6,1826.21,3
17244,53.0,5,1826.04,3
16891,1.0,11,1824.56,3
17642,119.0,5,1824.49,3
16169,8.0,4,1822.97,3
14738,42.0,9,1821.9,3
13561,215.0,11,1820.72,3
17888,21.0,25,1820.44,3
17828,22.0,4,1820.09,3
16110,45.0,4,1819.27,3
16511,21.0,6,1819.02,3
16233,71.0,9,1818.31,3
15807,50.0,5,1817.52,3
15736,435.0,2,1815.72,3
12494,15.0,9,1815.27,3
15530,21.0,5,1813.72,3
14704,11.0,11,1813.57,3
14915,91.0,11,1811.25,3
15972,456.0,5,1810.27,3
16595,61.0,5,1810.18,3
14893,9.0,3,1809.6100000000001,3
15133,127.0,5,1806.9,3
18096,11.0,6,1805.28,3
12784,9.0,3,1804.75,3
18161,15.0,6,1803.1000000000001,3
16770,57.0,9,1801.33,3
16249,52.0,5,1800.07,3
15452,29.0,6,1799.1100000000001,3
16348,32.0,8,1798.22,3
17750,5.0,9,1797.57,3
18235,71.0,3,1796.48,3
18236,29.0,12,1795.3500000000001,3
17165,284.0,6,1794.32,3
14850,311.0,7,1794.01,3
13782,12.0,13,1793.72,3
17603,78.0,4,1793.48,3
14708,2.0,5,1793.22,3
13711,218.0,9,1792.26,3
13375,88.0,2,1792.23,3
12369,413.0,3,1791.15,3
15608,28.0,5,1785.98,3
16611,186.0,6,1785.13,3
15128,60.0,5,1783.68,3
14583,5.0,8,1781.03,3
16380,61.0,1,1780.59,3
18214,530.0,4,1780.34,3
15220,51.0,6,1778.96,3
12458,71.0,4,1777.49,3
12908,176.0,5,1776.0,3
12778,19.0,9,1775.68,3
13920,431.0,4,1774.68,3
16124,317.0,4,1772.49,3
15594,15.0,5,1771.78,3
16374,66.0,5,1771.45,3
17813,14.0,5,1770.8799999999999,3
14387,32.0,3,1770.56,3
14933,443.0,4,1770.0,3
13456,17.0,6,1766.72,3
16751,30.0,1,1764.72,3
13648,400.0,8,1764.02,3
13717,32.0,8,1763.3,3
15777,241.0,7,1762.61,3
16725,302.0,14,1759.96,3
16620,3.0,6,1758.93,3
14522,24.0,8,1758.6200000000001,3
16266,73.0,14,1757.95,3
12809,177.0,3,1755.94,3
17432,18.0,9,1751.39,3
16639,31.0,4,1747.98,3
14584,169.0,8,1747.91,3
13808,5.0,5,1747.66,3
15976,165.0,6,1746.6399999999999,3
17695,131.0,5,1746.04,3
14692,137.0,12,1745.09,3
17190,58.0,7,1743.04,3
15605,36.0,9,1741.95,3
12425,78.0,2,1741.41,3
17321,8.0,6,1741.18,3
16087,389.0,5,1739.92,3
17135,16.0,10,1738.58,3
14075,4.0,6,1734.87,3
17268,107.0,11,1733.8899999999999,3
13026,1.0,9,1733.08,3
14400,149.0,3,1732.47,3
13838,5.0,10,1727.98,3
16809,23.0,9,1727.43,3
15730,65.0,5,1726.58,3
14304,222.0,3,1725.01,3
16010,245.0,11,1724.06,3
13363,17.0,3,1723.86,3
17451,1.0,7,1721.4,3
16899,7.0,8,1721.02,3
16119,8.0,8,1720.8100000000002,3
15267,22.0,5,1717.36,3
13705,7.0,7,1717.19,3
14021,155.0,7,1716.58,3
17162,28.0,10,1715.46,3
14741,11.0,7,1713.0900000000001,3
18239,218.0,6,1712.26,3
14447,18.0,6,1711.73,3
13665,386.0,3,1711.6599999999999,3
12405,148.0,1,1710.39,3
15551,36.0,7,1710.08,3
13104,3.0,9,1709.1,3
17731,79.0,6,1708.99,3
15607,336.0,9,1708.97,3
15947,82.0,1,1708.24,3
13566,40.0,5,1708.1200000000001,3
12407,49.0,5,1708.12,3
16768,47.0,9,1708.12,3
16902,116.0,1,1706.88,3
13309,7.0,6,1706.37,3
16398,154.0,2,1705.8,3
14859,12.0,5,1705.64,3
17571,50.0,5,1703.75,3
16329,427.0,4,1703.07,3
12693,127.0,7,1703.02,3
15911,623.0,8,1702.34,3
13184,14.0,10,1701.29,3
15326,333.0,5,1700.52,3
12932,539.0,8,1698.56,3
17694,141.0,3,1695.97,3
12764,316.0,1,1693.88,3
14245,219.0,2,1693.45,3
16813,8.0,10,1692.98,3
16671,28.0,3,1692.27,3
13294,189.0,3,1689.53,3
12813,501.0,3,1687.8,3
12933,24.0,8,1687.03,3
17041,26.0,6,1686.28,3
12775,17.0,7,1686.12,3
13516,21.0,4,1685.26,3
13064,12.0,6,1680.74,3
12911,551.0,1,1680.47,3
14643,170.0,5,1679.89,3
13800,309.0,3,1679.56,3
12870,375.0,3,1676.95,3
14831,680.0,3,1676.57,3
13149,14.0,4,1676.06,3
17656,73.0,5,1674.69,3
13587,63.0,4,1673.5,3
13308,22.0,4,1670.3700000000001,3
13417,4.0,6,1669.49,3
17534,53.0,5,1668.83,3
13434,74.0,5,1666.8600000000001,3
15192,119.0,5,1666.39,3
12912,2.0,5,1662.3,3
15214,1.0,8,1661.44,3
15649,336.0,4,1660.35,3
15167,320.0,5,1659.67,3
18276,43.0,6,1656.52,3
16625,274.0,5,1654.03,3
12577,35.0,8,1653.75,3
18022,35.0,5,1651.79,3
16634,222.0,6,1649.81,3
12657,11.0,4,1643.18,3
15013,487.0,10,1641.3,3
14904,2.0,4,1640.64,3
14420,99.0,4,1639.17,3
13554,380.0,7,1638.28,3
12847,22.0,2,1636.8999999999999,3
17006,4.0,8,1636.32,3
12398,45.0,1,1635.66,3
15310,478.0,1,1634.64,3
18062,173.0,6,1632.67,3
14164,70.0,2,1631.77,3
18136,63.0,5,1631.3600000000001,3
16256,266.0,3,1629.3700000000001,3
14759,4.0,3,1625.97,3
13154,399.0,3,1624.84,3
18149,50.0,7,1624.71,3
15172,8.0,5,1624.05,3
17764,50.0,5,1623.64,3
14937,56.0,3,1621.88,3
17867,30.0,15,1621.28,3
14178,8.0,7,1620.93,3
12379,81.0,4,1620.22,3
14695,519.0,3,1620.07,3
15422,323.0,7,1619.97,3
16801,163.0,4,1619.73,3
17515,31.0,9,1617.46,3
17814,375.0,2,1617.32,3
16224,57.0,5,1616.54,3
16461,177.0,3,1615.22,3
14336,16.0,4,1614.91,3
16860,452.0,3,1610.62,3
13900,183.0,6,1610.59,3
13249,92.0,9,1608.93,3
17886,31.0,6,1608.38,3
17853,407.0,3,1608.19,3
14920,212.0,3,1607.17,3
17222,65.0,6,1605.01,3
17345,15.0,10,1604.68,3
12947,143.0,6,1603.99,3
14719,1.0,5,1602.13,3
15325,103.0,8,1602.01,3
14587,18.0,9,1601.14,3
14885,131.0,3,1598.12,3
13740,240.0,5,1597.77,3
12514,267.0,2,1597.76,3
15134,14.0,10,1596.29,3
13850,129.0,1,1595.48,3
13239,261.0,5,1594.69,3
16774,67.0,8,1594.45,3
17028,581.0,3,1593.83,3
17837,42.0,8,1593.38,3
15289,29.0,5,1593.0900000000001,3
13752,124.0,7,1590.73,3
17540,24.0,6,1590.6000000000001,3
16092,114.0,6,1587.94,3
13156,385.0,3,1586.54,3
16096,264.0,4,1584.97,3
15279,354.0,5,1580.54,3
13202,394.0,7,1580.3,3
12607,60.0,1,1579.51,3
17649,138.0,3,1578.89,3
13186,39.0,3,1575.89,3
12549,575.0,6,1575.68,3
13337,546.0,1,1575.26,3
14489,207.0,4,1574.93,3
16099,50.0,7,1573.2,3
15466,85.0,4,1571.01,3
14136,400.0,5,1570.81,3
14198,18.0,9,1569.73,3
13539,85.0,7,1569.3600000000001,3
15987,12.0,8,1568.65,3
17624,14.0,4,1568.63,3
15074,105.0,3,1566.33,3
17977,29.0,2,1565.6299999999999,3
17323,15.0,12,1565.59,3
18036,32.0,11,1563.64,3
17851,422.0,6,1563.34,3
17235,25.0,8,1562.98,3
13939,23.0,7,1560.96,3
12629,385.0,2,1558.22,3
13042,598.0,3,1556.54,3
14078,101.0,9,1556.3899999999999,3
14236,80.0,5,1555.34,3
16394,56.0,5,1555.34,3
15149,133.0,5,1554.6100000000001,3
16017,47.0,5,1553.83,3
13360,431.0,4,1553.65,3
13377,396.0,2,1552.88,3
14987,15.0,8,1550.6499999999999,3
14186,427.0,5,1550.63,3
14754,44.0,6,1550.48,3
12926,411.0,4,1548.46,3
16366,18.0,4,1548.1299999999999,3
17454,192.0,10,1547.94,3
16790,3.0,6,1545.6200000000001,3
15732,212.0,10,1543.97,3
16915,9.0,11,1543.18,3
15701,2.0,4,1542.14,3
13783,487.0,4,1542.09,3
18252,50.0,7,1542.09,3
12818,261.0,1,1542.0800000000002,3
13310,28.0,5,1541.2,3
15798,492.0,3,1535.37,3
16491,46.0,2,1533.16,3
14567,56.0,2,1530.3600000000001,3
16714,218.0,4,1529.8,3
17610,540.0,5,1529.49,3
14068,320.0,4,1528.3700000000001,3
17990,236.0,6,1527.6100000000001,3
16340,107.0,3,1526.06,3
16907,29.0,9,1525.88,3
12970,7.0,10,1524.97,3
16244,211.0,2,1522.75,3
15587,50.0,7,1522.0800000000002,3
16066,16.0,5,1521.87,3
14055,106.0,3,1520.96,3
14264,154.0,6,1517.3600000000001,3
14267,162.0,3,1516.24,3
13791,127.0,2,1516.0,3
14220,247.0,4,1515.0,3
14682,187.0,6,1514.81,3
13240,96.0,8,1514.45,3
16910,4.0,8,1510.06,3
16037,269.0,5,1509.3400000000001,3
15948,8.0,3,1509.0900000000001,3
15889,156.0,8,1508.36,3
13158,94.0,5,1508.18,3
15261,135.0,4,1508.0,3
17259,148.0,6,1507.7,3
17179,178.0,6,1507.26,3
15110,23.0,6,1505.8500000000001,3
16450,149.0,3,1505.73,3
14802,438.0,2,1502.98,3
17290,3.0,8,1501.44,3
16762,19.0,3,1501.38,3
13810,28.0,3,1499.01,3
15590,382.0,5,1496.6,3
15173,380.0,7,1494.6,3
14894,85.0,3,1492.81,3
16239,56.0,6,1492.2,3
16314,389.0,3,1491.4,3
18268,134.0,6,1490.23,3
16419,112.0,8,1487.42,3
14609,72.0,10,1486.2,3
16654,141.0,8,1484.07,3
15427,33.0,3,1483.14,3
15630,45.0,3,1481.4,3
13649,256.0,6,1481.08,3
17590,2.0,3,1479.22,3
15101,8.0,6,1477.94,3
16121,57.0,5,1477.09,3
14246,110.0,3,1474.06,3
16980,255.0,3,1473.3300000000002,3
14684,25.0,6,1468.55,3
13500,23.0,4,1466.3,3
18196,95.0,4,1464.31,3
12882,9.0,2,1463.04,3
16586,248.0,3,1462.78,3
18106,329.0,6,1461.46,3
14657,17.0,6,1460.8700000000001,3
16835,128.0,6,1456.66,3
14829,29.0,7,1455.8700000000001,3
15071,93.0,4,1455.56,3
16569,3.0,5,1455.23,3
13165,46.0,3,1451.16,3
17582,236.0,5,1450.7,3
13361,472.0,2,1450.5,3
15876,409.0,2,1449.1399999999999,3
13023,64.0,3,1449.03,3
16906,81.0,7,1448.8,3
17545,43.0,6,1448.54,3
15076,172.0,3,1447.74,3
14591,15.0,4,1447.14,3
17073,17.0,4,1446.09,3
13583,155.0,2,1445.031,3
15636,89.0,4,1444.58,3
17175,44.0,4,1443.69,3
17734,53.0,6,1442.32,3
18066,75.0,3,1440.4,3
13543,634.0,2,1439.61,3
14071,3.0,8,1438.82,3
13159,8.0,4,1437.85,3
16088,575.0,2,1437.43,3
16727,364.0,4,1437.42,3
13278,40.0,4,1435.85,3
12805,381.0,4,1434.95,3
16140,65.0,3,1433.46,3
13259,61.0,9,1433.38,3
12389,402.0,3,1433.33,3
17941,130.0,4,1433.28,3
13531,205.0,6,1433.07,3
13475,191.0,4,1431.78,3
15468,51.0,3,1430.48,3
14412,42.0,3,1426.19,3
17411,12.0,5,1425.38,3
18221,22.0,6,1424.94,3
15799,75.0,4,1424.29,3
15996,88.0,7,1423.65,3
17438,253.0,5,1422.77,3
15106,17.0,5,1422.52,3
16463,21.0,4,1422.4,3
14019,46.0,3,1421.61,3
15652,91.0,5,1420.34,3
16173,15.0,6,1418.32,3
15444,9.0,2,1418.26,3
17856,1.0,4,1418.03,3
15223,225.0,5,1417.95,3
14662,28.0,7,1416.33,3
16245,23.0,3,1413.66,3
17496,358.0,4,1412.89,3
17878,43.0,3,1412.33,3
15237,1.0,4,1412.32,3
16848,52.0,4,1411.62,3
13821,144.0,6,1410.73,3
17714,320.0,5,1410.18,3
16854,417.0,2,1408.96,3
13049,64.0,4,1408.24,3
12695,7.0,7,1407.1200000000001,3
14909,437.0,3,1404.68,3
12765,472.0,6,1404.58,3
18189,77.0,3,1403.73,3
15186,14.0,5,1403.2,3
14687,106.0,3,1402.06,3
18202,199.0,3,1396.99,3
16129,407.0,3,1396.05,3
16300,430.0,3,1392.43,3
15322,85.0,2,1390.86,3
15141,457.0,7,1388.47,3
15154,75.0,3,1388.41,3
15453,1.0,7,1388.37,3
12952,5.0,4,1387.79,3
13382,280.0,5,1387.58,3
16167,414.0,5,1386.1200000000001,3
14899,395.0,1,1384.88,3
18167,23.0,3,1384.8600000000001,3
13572,205.0,1,1384.25,3
14116,19.0,5,1382.74,3
16389,53.0,4,1382.07,3
15580,376.0,8,1381.19,3
14861,52.0,10,1380.73,3
15751,460.0,11,1380.44,3
13074,511.0,4,1378.74,3
12886,67.0,2,1378.4,3
14853,24.0,5,1376.87,3
17341,156.0,5,1376.23,3
17150,376.0,6,1375.65,3
16669,23.0,3,1374.8700000000001,3
13579,14.0,5,1374.34,3
14577,12.0,7,1374.25,3
14265,109.0,4,1373.35,3
14434,21.0,6,1372.8,3
14538,64.0,5,1370.8400000000001,3
13155,33.0,6,1370.48,3
14316,422.0,5,1370.34,3
12533,627.0,2,1367.89,3
13035,73.0,3,1364.2,3
14114,273.0,7,1364.09,3
13760,54.0,5,1363.64,3
16367,37.0,3,1362.4,3
16588,386.0,4,1361.28,3
13396,29.0,2,1360.99,3
13919,59.0,4,1360.68,3
14102,5.0,5,1360.28,3
16384,89.0,4,1358.95,3
15411,26.0,4,1358.88,3
13232,12.0,7,1357.6,3
17429,128.0,5,1357.46,3
12875,143.0,5,1356.99,3
17054,28.0,5,1356.33,3
14550,10.0,4,1353.31,3
15116,17.0,4,1352.75,3
12591,317.0,3,1352.15,3
16079,16.0,3,1352.0,3
17025,60.0,5,1349.67,3
14847,148.0,3,1348.95,3
12646,4.0,2,1346.97,3
14320,206.0,5,1346.75,3
13639,74.0,2,1346.27,3
15398,16.0,2,1345.53,3
16222,318.0,2,1345.22,3
12426,194.0,2,1345.21,3
12463,53.0,4,1344.78,3
14618,9.0,7,1342.32,3
18085,330.0,4,1341.8500000000001,3
13743,2.0,7,1341.6,3
17499,289.0,2,1341.39,3
17951,39.0,4,1340.5800000000002,3
12620,14.0,3,1339.41,3
12711,611.0,2,1339.05,3
13803,255.0,3,1338.91,3
13506,316.0,5,1338.08,3
13220,78.0,5,1336.0900000000001,3
12919,8.0,6,1335.19,3
17033,86.0,4,1332.79,3
17932,29.0,3,1331.57,3
15774,68.0,6,1329.94,3
16372,33.0,5,1328.61,3
16295,9.0,4,1328.55,3
14487,26.0,7,1328.51,3
14712,29.0,4,1328.0700000000002,3
15146,164.0,2,1327.16,3
17027,78.0,9,1327.11,3
14956,421.0,1,1325.0,3
16894,502.0,3,1324.06,3
12960,413.0,4,1322.07,3
16370,82.0,4,1320.56,3
12526,0.0,3,1316.66,3
15471,2.0,3,1316.56,3
14921,30.0,2,1316.07,3
14725,24.0,4,1315.24,3
14511,11.0,5,1314.81,3
16464,19.0,3,1314.68,3
14973,107.0,3,1314.45,3
16296,626.0,4,1313.67,3
13282,18.0,4,1313.19,3
12364,7.0,4,1313.1,3
12639,238.0,3,1312.3700000000001,3
16756,214.0,7,1312.3700000000001,3
12987,73.0,5,1312.21,3
14856,36.0,3,1311.3799999999999,3
13855,500.0,4,1310.3400000000001,3
12717,151.0,3,1308.91,3
13328,316.0,1,1308.48,3
16377,267.0,2,1308.48,3
13846,24.0,4,1307.79,3
16777,80.0,5,1307.76,3
16282,339.0,3,1307.58,3
15677,49.0,3,1305.6299999999999,3
14297,17.0,4,1305.33,3
16744,11.0,7,1304.76,3
15813,207.0,2,1303.91,3
15579,68.0,5,1302.5,3
15400,92.0,8,1302.3,3
16574,71.0,3,1301.78,3
16723,91.0,4,1301.6299999999999,3
15108,141.0,4,1300.25,3
14284,30.0,3,1299.65,3
14480,11.0,4,1299.52,3
16943,211.0,5,1299.49,3
12488,9.0,3,1298.66,3
12372,71.0,3,1298.04,3
14167,39.0,8,1296.49,3
18286,476.0,2,1296.43,3
17109,29.0,8,1295.46,3
16929,3.0,7,1295.39,3
13440,423.0,7,1295.25,3
16212,19.0,4,1293.71,3
15621,4.0,4,1293.03,3
14619,245.0,2,1291.24,3
15171,331.0,1,1289.5,3
14679,381.0,3,1289.44,3
16608,453.0,2,1288.72,3
15136,2.0,4,1286.7,3
16949,3.0,6,1286.27,3
13300,169.0,3,1285.51,3
17034,16.0,5,1283.92,3
17142,239.0,4,1283.75,3
13443,448.0,6,1280.16,3
17862,323.0,4,1279.09,3
13617,40.0,8,1278.75,3
14474,46.0,2,1278.08,3
17521,29.0,5,1278.06,3
13243,203.0,5,1278.04,3
16951,134.0,3,1277.75,3
15584,23.0,6,1277.5,3
17759,17.0,5,1276.91,3
18035,35.0,5,1276.74,3
14478,382.0,4,1276.66,3
13916,463.0,4,1275.81,3
14820,21.0,9,1274.76,3
15809,36.0,7,1274.44,3
13138,22.0,7,1274.01,3
14490,406.0,2,1273.47,3
17132,452.0,2,1272.8,3
17478,408.0,2,1272.8,3
12394,63.0,2,1272.48,3
16527,81.0,2,1272.44,3
14984,19.0,6,1271.41,3
12630,9.0,2,1270.88,3
13492,136.0,3,1269.84,3
15439,404.0,4,1269.05,3
14379,44.0,4,1268.91,3
13892,26.0,6,1267.6499999999999,3
17037,87.0,1,1267.32,3
17531,190.0,3,1266.82,3
13515,72.0,6,1265.82,3
17635,424.0,3,1265.58,3
16842,100.0,3,1264.19,3
14427,50.0,4,1263.52,3
15009,12.0,3,1261.78,3
14419,10.0,7,1260.91,3
16688,1.0,4,1260.86,3
17343,355.0,6,1259.94,3
12993,23.0,8,1259.6299999999999,3
13689,63.0,2,1259.5,3
15651,36.0,5,1259.06,3
14871,3.0,9,1258.97,3
14931,4.0,5,1257.68,3
12402,323.0,6,1256.9,3
17481,3.0,4,1255.59,3
15064,410.0,4,1254.41,3
15441,396.0,3,1254.21,3
15664,50.0,4,1254.03,3
16292,121.0,5,1253.76,3
14698,1.0,5,1250.76,3
15599,26.0,3,1250.06,3
18135,29.0,10,1249.6200000000001,3
14020,16.0,4,1249.01,3
12666,394.0,1,1248.42,3
14383,38.0,3,1247.69,3
12689,25.0,2,1247.61,3
14240,30.0,3,1247.49,3
17796,40.0,7,1247.34,3
14382,26.0,2,1246.8,3
15004,147.0,1,1246.32,3
13860,1.0,5,1245.9,3
14428,7.0,5,1244.83,3
17076,36.0,6,1242.75,3
15800,107.0,7,1242.58,3
17201,53.0,4,1242.04,3
14446,0.0,5,1241.31,3
13201,502.0,4,1240.6100000000001,3
17529,610.0,2,1240.25,3
13863,247.0,4,1239.55,3
12985,0.0,2,1239.38,3
14821,366.0,7,1237.65,3
16501,383.0,1,1237.23,3
14231,183.0,4,1235.6200000000001,3
15376,40.0,3,1233.36,3
17397,22.0,3,1233.18,3
12605,376.0,4,1232.95,3
16159,281.0,4,1232.79,3
18080,18.0,2,1231.5,3
17360,17.0,6,1231.38,3
12673,5.0,3,1230.02,3
13019,379.0,6,1229.95,3
17342,379.0,4,1227.54,3
12866,283.0,3,1227.35,3
13402,127.0,4,1226.8500000000001,3
17539,617.0,4,1226.57,3
15269,23.0,3,1225.36,3
15303,290.0,3,1224.18,3
14512,187.0,7,1223.47,3
13787,75.0,6,1222.5,3
16946,383.0,5,1222.04,3
14430,511.0,3,1220.9,3
13299,268.0,3,1218.7,3
13304,351.0,4,1217.99,3
15390,396.0,2,1216.66,3
15661,317.0,8,1215.95,3
17410,16.0,5,1214.72,3
13405,74.0,6,1213.811,3
18263,25.0,3,1213.16,3
16872,77.0,6,1213.13,3
13918,49.0,2,1212.8400000000001,3
16653,16.0,2,1212.66,3
12464,10.0,8,1212.05,3
15377,382.0,4,1211.75,3
14193,67.0,3,1210.19,3
13723,217.0,6,1209.2,3
17653,36.0,4,1207.56,3
16830,38.0,4,1207.5,3
18193,165.0,3,1207.35,3
15573,31.0,5,1207.18,3
18181,24.0,5,1205.94,3
15737,14.0,8,1205.1200000000001,3
18057,393.0,3,1203.56,3
15994,54.0,3,1202.18,3
12742,625.0,1,1201.52,3
16800,11.0,1,1201.49,3
15181,66.0,5,1200.2,3
16693,68.0,5,1199.46,3
15600,428.0,4,1199.31,3
17800,37.0,9,1199.01,3
16345,44.0,2,1198.74,3
17713,382.0,4,1198.09,3
16307,429.0,3,1194.92,3
15145,4.0,4,1194.73,3
14201,60.0,10,1193.54,3
12611,52.0,1,1193.32,3
13293,392.0,6,1192.94,3
13976,206.0,4,1192.3600000000001,3
14213,404.0,1,1192.2,3
17984,145.0,5,1191.27,3
13882,2.0,5,1191.13,3
16926,371.0,5,1191.1,3
16471,274.0,4,1189.98,3
12462,18.0,2,1189.59,3
17239,312.0,4,1189.45,3
14275,395.0,6,1189.3799999999999,3
15022,11.0,5,1186.09,3
13388,131.0,3,1185.65,3
18060,408.0,2,1185.46,3
13601,45.0,4,1185.14,3
14206,239.0,3,1185.01,3
15038,58.0,9,1183.43,3
15259,512.0,4,1182.3799999999999,3
17021,442.0,6,1182.22,3
13526,738.0,2,1182.0,3
13395,185.0,3,1180.23,3
18277,58.0,5,1180.05,3
17058,81.0,3,1179.89,3
16614,182.0,3,1179.79,3
13797,436.0,3,1179.45,3
18025,379.0,6,1177.72,3
15068,46.0,4,1176.85,3
13233,74.0,4,1176.46,3
15210,225.0,3,1176.19,3
14370,450.0,6,1175.78,3
12885,63.0,3,1175.22,3
12640,23.0,3,1174.58,3
14126,7.0,4,1172.46,3
14818,73.0,6,1170.41,3
12691,28.0,7,1170.4,3
18071,257.0,6,1169.68,3
17950,72.0,7,1169.64,3
17908,373.0,5,1168.26,3
17373,40.0,7,1167.5,3
13497,282.0,6,1166.83,3
17664,18.0,4,1166.23,3
17097,2.0,9,1165.73,3
14693,264.0,7,1165.36,3
14261,50.0,2,1163.45,3
15347,366.0,4,1162.0,3
17525,359.0,3,1161.9,3
12546,46.0,2,1161.5,3
12972,413.0,4,1161.2,3
17978,365.0,4,1160.84,3
13897,50.0,3,1160.72,3
13459,624.0,2,1160.4099999999999,3
15088,21.0,2,1160.07,3
16838,197.0,4,1159.61,3
13499,17.0,5,1159.11,3
17513,72.0,3,1158.8,3
16184,64.0,6,1158.79,3
12439,682.0,2,1158.18,3
15879,404.0,4,1157.3,3
17169,57.0,3,1156.73,3
13744,95.0,2,1156.36,3
14788,7.0,3,1156.32,3
17127,428.0,5,1155.03,3
16637,32.0,4,1154.47,3
13462,252.0,5,1153.85,3
14475,71.0,4,1151.15,3
12475,53.0,2,1149.64,3
12710,96.0,3,1149.02,3
16521,415.0,3,1148.01,3
14308,549.0,2,1147.02,3
16766,273.0,2,1145.6,3
17477,612.0,2,1144.3,3
12769,238.0,1,1143.6,3
14585,50.0,5,1143.27,3
17770,198.0,5,1143.27,3
15574,177.0,6,1143.05,3
18125,29.0,4,1142.99,3
13856,168.0,11,1142.03,3
18218,211.0,4,1142.0,3
16769,260.0,4,1141.75,3
16270,353.0,1,1141.24,3
15586,592.0,3,1139.1,3
17500,17.0,3,1138.0,3
17302,14.0,5,1135.63,3
17866,142.0,3,1134.95,3
13109,59.0,3,1134.03,3
17137,416.0,6,1133.6299999999999,3
16989,7.0,6,1133.25,3
14375,185.0,3,1132.99,3
15500,8.0,4,1131.56,3
13393,583.0,4,1131.45,3
12616,95.0,3,1131.1,3
15695,266.0,4,1131.04,3
16014,37.0,5,1130.27,3
17622,597.0,2,1130.21,3
16354,63.0,5,1129.51,3
13447,23.0,3,1129.14,3
13145,39.0,7,1128.52,3
14450,180.0,7,1128.44,3
12373,311.0,3,1127.65,3
14671,549.0,2,1127.45,3
15969,2.0,5,1127.05,3
12503,584.0,1,1126.0,3
13167,18.0,5,1125.15,3
16306,213.0,7,1124.72,3
14479,253.0,4,1124.71,3
15882,198.0,8,1124.66,3
13778,103.0,4,1124.49,3
14917,596.0,2,1123.75,3
15436,12.0,3,1122.53,3
17492,248.0,3,1122.42,3
13486,78.0,3,1122.41,3
17562,14.0,7,1122.38,3
13368,256.0,4,1121.5,3
16895,64.0,5,1121.42,3
13589,14.0,6,1120.74,3
16955,184.0,6,1120.31,3
17007,50.0,7,1120.1,3
17871,204.0,5,1118.99,3
17423,46.0,3,1118.95,3
16430,57.0,7,1117.94,3
17788,73.0,2,1117.9,3
16278,100.0,3,1117.84,3
14971,35.0,3,1116.57,3
14966,14.0,6,1115.8400000000001,3
14080,32.0,5,1115.68,3
13509,8.0,8,1114.72,3
14672,234.0,4,1113.14,3
12679,58.0,4,1113.02,3
12648,154.0,4,1112.0,3
16139,18.0,5,1111.15,3
16702,415.0,4,1110.83,3
15069,179.0,1,1109.53,3
15559,568.0,1,1109.4,3
15828,375.0,1,1108.82,3
15933,21.0,3,1107.46,3
14891,148.0,4,1106.73,3
14805,15.0,7,1104.64,3
16391,400.0,4,1103.61,3
12434,84.0,3,1103.43,3
16386,28.0,3,1102.59,3
16223,374.0,2,1102.35,3
13295,359.0,4,1101.97,3
14948,23.0,6,1101.97,3
16418,44.0,5,1101.94,3
12785,364.0,3,1100.4,3
14009,198.0,3,1099.91,3
12421,15.0,6,1098.6,3
14083,4.0,11,1097.72,3
16805,173.0,5,1097.24,3
17366,432.0,2,1096.24,3
16533,19.0,3,1095.56,3
13835,25.0,7,1095.27,3
17703,35.0,4,1094.84,3
15745,19.0,4,1094.59,3
13521,1.0,3,1093.65,3
14460,110.0,9,1093.5,3
12803,393.0,1,1092.81,3
13546,12.0,5,1092.14,3
17726,395.0,7,1092.06,3
14199,218.0,4,1091.7,3
16211,88.0,3,1090.59,3
13853,57.0,1,1090.14,3
12534,130.0,1,1089.18,3
14343,421.0,4,1088.91,3
15254,127.0,3,1088.35,3
15535,173.0,6,1087.82,3
16188,44.0,5,1087.66,3
15763,31.0,2,1086.92,3
14139,46.0,4,1086.8,3
16298,22.0,7,1085.7,3
14013,110.0,5,1084.57,3
13467,10.0,2,1083.71,3
13567,428.0,4,1083.69,3
14561,75.0,3,1080.76,3
13727,28.0,8,1080.05,3
13726,38.0,2,1079.66,3
12354,232.0,1,1079.4,3
15546,606.0,2,1079.1000000000001,3
14352,157.0,4,1078.96,3
13656,164.0,4,1078.85,3
13607,40.0,2,1078.31,3
16231,379.0,4,1078.22,3
16183,67.0,4,1077.81,3
16642,4.0,3,1077.45,3
16071,44.0,4,1076.8,3
13959,79.0,6,1076.18,3
15912,178.0,9,1074.7,3
16884,37.0,4,1073.92,3
15238,29.0,3,1071.99,3
12801,500.0,1,1071.82,3
17854,185.0,6,1071.45,3
16593,50.0,8,1071.1399999999999,3
14484,50.0,4,1070.98,3
17522,1.0,5,1070.71,3
12728,71.0,5,1070.17,3
17214,60.0,6,1069.1200000000001,3
15626,74.0,3,1067.52,3
14675,16.0,2,1066.9,3
17277,227.0,2,1065.3500000000001,3
15639,134.0,3,1065.08,3
14488,67.0,1,1064.28,3
15801,46.0,3,1063.95,3
12936,17.0,4,1063.9,3
17849,218.0,8,1063.76,3
12815,147.0,2,1063.46,3
14411,310.0,1,1063.0,3
14204,2.0,4,1062.96,3
16903,29.0,3,1062.28,3
15026,80.0,5,1061.61,3
15003,473.0,6,1060.7,3
15706,63.0,4,1060.56,3
17727,15.0,1,1060.25,3
16261,17.0,6,1059.45,3
17421,386.0,3,1059.41,3
18130,15.0,3,1059.39,3
15850,19.0,6,1058.72,3
17555,19.0,5,1057.74,3
15407,33.0,4,1056.44,3
14734,425.0,4,1056.42,3
13140,108.0,5,1056.17,3
15645,18.0,3,1055.17,3
13065,373.0,5,1055.05,3
15977,17.0,2,1054.73,3
16728,46.0,4,1054.67,3
12716,3.0,2,1053.49,3
12580,246.0,2,1052.9,3
15886,60.0,4,1052.8700000000001,3
15855,136.0,6,1052.72,3
14947,72.0,6,1049.79,3
13775,590.0,1,1049.66,3
17934,51.0,3,1049.15,3
15464,338.0,1,1048.85,3
15839,33.0,3,1048.49,3
17578,218.0,7,1047.33,3
17474,599.0,1,1047.0,3
15091,67.0,3,1046.61,3
14108,30.0,4,1044.96,3
17042,2.0,5,1044.3799999999999,3
13359,63.0,2,1043.31,3
16991,421.0,1,1041.21,3
13613,452.0,5,1039.8500000000001,3
13873,119.0,8,1038.92,3
12486,431.0,1,1037.28,3
14902,25.0,3,1035.6200000000001,3
17926,133.0,5,1035.49,3
16260,50.0,1,1035.45,3
16787,397.0,4,1035.43,3
13258,11.0,5,1035.18,3
16441,67.0,5,1034.43,3
12811,260.0,5,1033.9,3
17980,165.0,4,1033.42,3
17724,71.0,3,1033.0,3
14248,318.0,3,1032.95,3
13000,106.0,4,1032.5,3
17405,1.0,3,1031.41,3
13235,212.0,1,1031.07,3
16198,75.0,2,1030.0410000000002,3
16284,31.0,3,1029.77,3
15333,208.0,1,1028.56,3
16682,4.0,5,1028.0,3
15104,196.0,2,1027.44,3
16227,225.0,3,1027.22,3
15887,406.0,3,1027.15,3
13956,5.0,5,1026.42,3
17749,178.0,3,1026.18,3
16160,65.0,2,1025.44,3
13602,64.0,4,1025.17,3
17310,387.0,2,1025.1,3
17362,239.0,7,1024.04,3
16568,427.0,2,1020.9000000000001,3
12572,8.0,2,1020.42,3
13376,99.0,3,1019.76,3
18142,157.0,2,1019.52,3
18074,373.0,2,1019.44,3
12403,49.0,2,1019.36,3
12828,2.0,6,1018.71,3
12905,576.0,2,1018.42,3
15970,303.0,2,1017.32,3
12652,331.0,2,1017.03,3
13641,640.0,5,1016.47,3
17299,11.0,6,1016.08,3
13333,411.0,3,1015.74,3
13867,31.0,3,1015.29,3
16623,245.0,4,1015.24,3
14953,25.0,4,1013.77,3
12410,308.0,3,1013.71,3
13466,184.0,5,1013.35,3
12642,25.0,3,1013.26,3
15951,8.0,3,1013.17,3
16451,87.0,3,1013.1500000000001,3
15025,33.0,2,1013.09,3
17197,29.0,1,1013.01,3
14775,58.0,3,1011.9,3
16435,512.0,3,1011.57,3
13039,584.0,4,1010.73,3
16572,127.0,3,1009.6,3
12862,425.0,2,1008.3199999999999,3
14510,375.0,3,1007.28,3
16287,169.0,5,1006.98,3
13429,10.0,4,1006.8,3
13238,17.0,6,1006.63,3
15771,604.0,3,1006.5400000000001,3
12703,71.0,4,1006.53,3
13427,19.0,6,1006.53,3
13549,25.0,8,1005.8,3
17329,14.0,5,1004.4300000000001,3
14214,30.0,5,1004.38,3
18160,57.0,3,1003.88,3
17987,185.0,5,1003.64,3
14157,19.0,5,1002.7800000000001,3
12446,57.0,1,1002.3100000000001,3
17237,11.0,4,1002.08,3
16535,5.0,3,1001.59,3
13857,393.0,6,1001.01,3
17464,158.0,3,1000.94,3
14255,546.0,1,1000.63,3
12545,75.0,2,1000.39,3
15508,189.0,6,1000.27,3
18143,116.0,2,1000.16,3
13005,173.0,4,999.68,3
12413,66.0,4,999.45,3
17205,53.0,3,999.35,3
17631,1.0,7,998.49,3
18006,23.0,4,997.86,3
12722,85.0,4,997.63,3
13965,476.0,3,996.61,3
17883,3.0,7,995.85,3
16699,380.0,7,994.6,3
13292,38.0,5,994.51,3
16009,22.0,4,992.71,3
14223,92.0,3,991.13,3
13559,512.0,2,990.0,3
13245,50.0,2,989.22,3
15176,667.0,1,988.0400000000001,3
16130,422.0,4,987.48,3
18237,2.0,5,987.1,3
16376,8.0,2,987.01,3
16661,540.0,4,986.63,3
13439,255.0,3,986.61,3
16254,378.0,3,985.14,3
17144,1.0,2,984.57,3
15109,245.0,3,983.1,3
14138,1.0,2,982.3800000000001,3
15525,2.0,4,981.77,3
12541,29.0,3,981.18,3
12543,448.0,1,980.25,3
14230,435.0,3,979.8000000000001,3
17369,455.0,1,979.1999999999999,3
13350,16.0,2,979.12,3
17221,7.0,5,978.52,3
15132,18.0,5,977.9300000000001,3
14454,376.0,5,977.3,3
17123,161.0,3,977.17,3
15247,122.0,3,976.06,3
15406,31.0,4,975.87,3
17456,365.0,2,975.5600000000001,3
12915,148.0,4,975.1,3
15449,26.0,3,974.52,3
12994,4.0,3,974.42,3
17958,116.0,2,973.88,3
12525,498.0,3,973.73,3
14350,274.0,3,972.03,3
15028,8.0,6,971.74,3
17100,18.0,2,971.74,3
15208,1.0,6,970.52,3
13223,200.0,6,969.1200000000001,3
15907,3.0,3,967.45,3
13204,731.0,1,966.6600000000001,3
15084,379.0,2,965.2,3
12550,79.0,1,964.83,3
16763,198.0,2,964.6999999999999,3
17081,25.0,6,964.39,3
15268,478.0,3,961.9000000000001,3
15156,1.0,3,961.49,3
17544,390.0,3,960.69,3
14994,382.0,5,960.63,3
16518,61.0,4,959.37,3
14629,4.0,2,959.01,3
12588,39.0,4,958.78,3
12675,553.0,2,958.5,3
18192,71.0,1,957.97,3
14958,147.0,6,957.9399999999999,3
17189,106.0,5,957.63,3
12697,28.0,3,957.59,3
17298,101.0,5,957.5600000000001,3
17516,15.0,6,957.55,3
17080,22.0,7,957.53,3
17172,78.0,3,956.5699999999999,3
16141,88.0,2,955.94,3
12990,31.0,7,955.5,3
16947,235.0,5,955.21,3
12505,408.0,1,955.2,3
15430,467.0,2,954.75,3
15835,44.0,4,954.09,3
18001,12.0,6,953.84,3
17420,50.0,6,953.58,3
12414,217.0,6,952.41,3
14615,394.0,5,951.76,3
17955,198.0,6,949.9,3
12767,375.0,1,949.82,3
13046,30.0,3,949.25,3
13636,36.0,5,949.12,3
15177,425.0,1,948.9300000000001,3
12822,70.0,2,948.88,3
12874,385.0,2,948.42,3
17812,12.0,7,948.34,3
15787,26.0,3,948.05,3
15723,364.0,4,947.65,3
12355,214.0,2,947.61,3
16362,32.0,6,946.94,3
16136,59.0,4,946.8,3
16861,59.0,5,946.59,3
17356,311.0,5,946.47,3
16146,157.0,4,946.38,3
17604,217.0,6,945.9300000000001,3
15707,35.0,4,945.58,3
18217,29.0,4,945.04,3
16204,23.0,3,944.24,3
13261,268.0,2,944.1,3
16203,58.0,6,943.84,3
16199,392.0,7,942.75,3
15385,40.0,3,942.08,3
14326,242.0,3,940.98,3
17363,395.0,3,940.86,3
13416,43.0,3,940.8000000000001,3
15576,37.0,1,940.6700000000001,3
13936,179.0,3,939.66,3
16109,218.0,3,939.48,3
17527,53.0,4,939.37,3
14605,374.0,4,937.16,3
17020,542.0,2,935.62,3
14813,369.0,4,935.44,3
17472,191.0,4,935.1,3
14140,3.0,2,935.05,3
15792,399.0,2,933.84,3
16657,9.0,4,933.62,3
18154,3.0,5,932.6,3
18133,212.0,1,931.4999999999999,3
12396,674.0,1,931.43,3
13465,446.0,2,931.12,3
14924,245.0,3,931.01,3
15957,31.0,3,930.1,3
16034,196.0,6,928.72,3
14338,161.0,3,928.1,3
13288,443.0,5,927.61,3
15243,74.0,2,927.2800000000001,3
17805,73.0,2,927.03,3
16975,423.0,3,926.12,3
12745,486.0,3,925.41,3
16916,23.0,4,925.32,3
13805,52.0,2,924.6,3
17864,12.0,5,924.32,3
14128,60.0,3,924.21,3
17143,417.0,2,924.11,3
16643,245.0,2,923.11,3
17322,376.0,5,922.59,3
15654,9.0,2,922.5300000000001,3
13122,94.0,2,922.39,3
13934,263.0,1,922.1,3
12638,33.0,2,921.49,3
14272,73.0,4,920.81,3
12998,492.0,3,920.08,3
14568,435.0,1,919.6999999999999,3
13075,129.0,1,919.61,3
13872,527.0,3,919.57,3
16387,322.0,5,918.55,3
15542,512.0,3,918.45,3
14342,21.0,6,918.44,3
12368,628.0,1,917.6999999999999,3
14061,507.0,3,917.43,3
14015,52.0,1,917.34,3
14423,218.0,3,916.6099999999999,3
14549,311.0,4,916.5500000000001,3
13573,50.0,6,916.47,3
14839,418.0,3,915.28,3
14141,2.0,4,915.1300000000001,3
16216,267.0,1,914.9300000000001,3
17062,313.0,6,913.79,3
12940,54.0,2,913.54,3
15364,95.0,2,913.19,3
14359,19.0,3,912.18,3
15244,65.0,3,912.08,3
14289,8.0,6,911.26,3
14133,129.0,4,911.14,3
16138,378.0,3,910.35,3
15511,11.0,5,909.23,3
13548,96.0,3,908.99,3
13038,80.0,3,908.46,3
15097,4.0,3,908.3499999999999,3
14714,24.0,4,906.24,3
14969,703.0,1,906.23,3
17746,240.0,4,904.1800000000001,3
17176,201.0,3,902.3199999999999,3
17382,65.0,8,902.28,3
17480,77.0,2,902.03,3
17566,8.0,2,901.21,3
15900,23.0,4,900.4,3
16898,26.0,5,900.29,3
17226,308.0,3,900.12,3
12945,288.0,2,900.11,3
16442,1.0,5,899.47,3
16834,227.0,2,898.96,3
15710,417.0,1,898.87,3
17537,29.0,2,897.62,3
16361,9.0,4,896.66,3
15992,3.0,3,896.6,3
16784,19.0,5,896.53,3
14437,365.0,5,895.84,3
13996,386.0,2,895.7600000000001,3
16122,73.0,6,895.62,3
15211,60.0,2,894.41,3
15066,53.0,1,893.59,3
12772,59.0,1,892.47,3
17155,17.0,7,892.46,3
15393,16.0,5,891.34,3
14065,389.0,3,891.02,3
15824,453.0,2,890.94,3
16228,385.0,3,890.8100000000001,3
17708,187.0,4,887.9300000000001,3
16900,16.0,3,887.11,3
14686,414.0,5,885.83,3
12793,334.0,3,885.53,3
17704,168.0,2,885.19,3
13166,283.0,2,884.18,3
18141,401.0,2,882.47,3
16385,60.0,5,882.38,3
12680,0.0,4,880.81,3
17361,49.0,5,880.64,3
16677,411.0,2,880.62,3
13937,169.0,2,880.13,3
14551,18.0,7,880.04,3
14612,415.0,1,877.7,3
15653,92.0,2,877.4399999999999,3
14645,156.0,3,876.89,3
13768,726.0,2,875.97,3
14681,71.0,6,875.15,3
14508,22.0,5,874.94,3
16513,4.0,4,874.59,3
15469,50.0,3,874.25,3
15224,358.0,5,871.36,3
13200,19.0,4,870.09,2
14753,87.0,2,869.51,2
16948,138.0,7,868.77,2
16357,33.0,4,868.37,2
17167,379.0,3,867.11,2
17358,303.0,5,866.05,2
16567,194.0,2,865.6,2
13922,351.0,3,865.2,2
14600,305.0,2,865.1700000000001,2
13891,378.0,3,863.5600000000001,2
12791,373.0,6,863.51,2
15870,32.0,4,862.61,2
16668,15.0,13,862.42,2
15483,161.0,10,862.2,2
12787,9.0,4,862.18,2
12794,53.0,2,860.41,2
13339,200.0,1,860.12,2
14372,443.0,2,860.08,2
17064,58.0,3,859.35,2
12440,462.0,2,859.2,2
15287,22.0,5,856.03,2
17161,444.0,1,856.01,2
13991,12.0,6,855.97,2
12878,236.0,2,854.99,2
13945,394.0,2,854.15,2
14873,210.0,2,854.13,2
16877,12.0,6,853.72,2
17349,179.0,5,852.25,2
15266,338.0,5,852.21,2
16070,22.0,2,852.15,2
12696,434.0,2,851.91,2
13479,200.0,4,851.37,2
16020,16.0,3,851.01,2
18108,254.0,3,848.8100000000001,2
16798,554.0,3,848.71,2
12713,0.0,1,848.55,2
15264,64.0,2,848.4,2
15784,467.0,2,848.3299999999999,2
14202,381.0,3,847.76,2
13221,240.0,2,847.41,2
13487,57.0,5,846.87,2
16924,21.0,3,846.75,2
13970,386.0,2,846.55,2
14087,2.0,3,846.22,2
14803,162.0,3,845.55,2
18078,217.0,4,844.6,2
16500,4.0,9,843.91,2
14922,393.0,2,843.74,2
16344,158.0,4,842.42,2
16846,50.0,3,842.41,2
17638,647.0,2,842.4,2
16810,192.0,2,842.0400000000001,2
14862,25.0,2,841.1999999999999,2
12891,185.0,11,840.5,2
13169,63.0,3,840.08,2
14355,365.0,3,840.0500000000001,2
18247,414.0,3,839.73,2
15713,143.0,4,839.64,2
13940,17.0,4,839.14,2
17332,528.0,5,838.27,2
16264,438.0,2,837.53,2
14037,176.0,6,836.95,2
15832,254.0,1,836.79,2
14929,32.0,2,836.69,2
13795,388.0,4,836.3,2
16747,37.0,2,836.06,2
13386,414.0,2,835.46,2
14556,596.0,3,835.34,2
16737,53.0,2,835.1999999999999,2
15190,434.0,1,834.4399999999999,2
16863,31.0,3,834.27,2
16644,177.0,2,833.78,2
12903,428.0,1,833.53,2
13175,582.0,2,831.45,2
15766,64.0,3,831.0600000000001,2
15759,218.0,7,830.9300000000001,2
17003,402.0,4,830.16,2
14851,23.0,3,829.41,2
12730,521.0,1,829.25,2
13544,39.0,6,829.0,2
16469,23.0,5,828.91,2
12953,9.0,2,828.8100000000001,2
15617,396.0,3,828.5500000000001,2
13681,17.0,4,827.83,2
17045,113.0,5,827.6800000000001,2
16246,459.0,2,827.25,2
12792,256.0,2,827.01,2
12461,94.0,2,826.88,2
12781,63.0,2,826.74,2
16494,296.0,1,826.53,2
12427,21.0,3,825.8,2
16869,22.0,4,825.42,2
15006,51.0,2,825.14,2
17880,364.0,3,824.9200000000001,2
13513,126.0,3,824.59,2
15107,311.0,9,824.35,2
14260,471.0,3,824.28,2
15137,520.0,2,823.4,2
15847,38.0,5,822.57,2
16164,17.0,3,822.48,2
17869,107.0,7,821.84,2
16680,43.0,3,821.45,2
13893,297.0,1,821.1,2
15314,199.0,3,820.4499999999999,2
17952,378.0,4,819.61,2
16135,262.0,2,819.45,2
17683,385.0,3,819.01,2
16048,373.0,4,818.7900000000001,2
13612,632.0,1,818.29,2
13595,516.0,3,818.22,2
14890,253.0,3,817.25,2
15180,367.0,3,816.9300000000001,2
14872,483.0,3,816.6,2
13514,73.0,4,815.9,2
15399,1.0,3,815.77,2
16460,28.0,3,814.72,2
14656,169.0,5,814.65,2
13811,183.0,3,814.5,2
14624,57.0,6,814.07,2
16621,51.0,4,813.48,2
15644,166.0,4,813.0,2
18084,16.0,3,812.93,2
17194,273.0,3,812.5,2
17251,362.0,3,812.4300000000001,2
16624,80.0,2,810.5699999999999,2
13637,52.0,3,810.5,2
16958,435.0,1,809.44,2
13045,99.0,3,808.92,2
17114,5.0,8,808.62,2
17817,4.0,6,807.85,2
15533,19.0,3,807.5699999999999,2
17495,7.0,3,806.72,2
15952,33.0,4,806.57,2
12632,520.0,2,804.88,2
18248,122.0,2,804.02,2
15921,172.0,4,802.11,2
15831,58.0,3,801.76,2
18265,72.0,2,801.51,2
16806,103.0,4,801.49,2
16127,39.0,2,801.3100000000001,2
13415,472.0,4,800.67,2
17023,417.0,3,800.18,2
13980,60.0,5,799.92,2
13720,116.0,4,799.9,2
13030,11.0,2,799.48,2
13041,450.0,4,799.13,2
17255,40.0,4,799.13,2
16952,109.0,5,798.78,2
16438,5.0,5,798.35,2
17801,451.0,3,798.3299999999999,2
13389,11.0,3,797.96,2
15309,610.0,4,797.96,2
17281,374.0,6,797.8499999999999,2
15637,52.0,5,797.59,2
16155,381.0,5,796.9,2
15304,60.0,9,796.4,2
15396,112.0,2,796.38,2
15872,14.0,4,795.68,2
16720,26.0,3,795.48,2
13336,77.0,1,795.12,2
16961,116.0,3,794.56,2
17212,253.0,3,794.41,2
14690,44.0,4,794.33,2
18034,21.0,3,793.7,2
13296,137.0,6,792.51,2
14022,225.0,2,792.15,2
14976,57.0,7,790.86,2
13484,241.0,3,790.72,2
13016,73.0,3,789.89,2
12923,64.0,3,789.87,2
16759,7.0,3,789.79,2
16472,434.0,2,789.6,2
13598,47.0,5,789.59,2
15448,312.0,2,788.81,2
14557,85.0,1,788.38,2
13212,19.0,3,788.08,2
14513,100.0,6,788.01,2
13323,3.0,5,787.85,2
16468,74.0,3,787.52,2
14463,98.0,4,786.5699999999999,2
12628,4.0,3,786.46,2
16739,176.0,2,786.43,2
16972,382.0,2,786.25,2
13770,422.0,4,785.37,2
13541,427.0,2,785.25,2
15646,157.0,5,784.8100000000001,2
15714,11.0,5,784.8100000000001,2
15806,46.0,3,784.58,2
15743,16.0,4,784.46,2
17387,19.0,2,784.11,2
12761,457.0,2,782.95,2
16836,39.0,4,782.37,2
13453,165.0,3,781.6899999999999,2
13287,603.0,3,781.59,2
15679,24.0,4,781.28,2
15239,10.0,2,780.59,2
13502,16.0,5,780.5,2
15246,238.0,3,780.4,2
18228,56.0,2,779.9,2
12735,315.0,2,779.5699999999999,2
12504,18.0,4,779.05,2
13781,250.0,3,778.83,2
16411,19.0,4,778.6899999999999,2
14815,36.0,2,778.5,2
17482,487.0,2,778.19,2
16505,31.0,1,777.6,2
13563,84.0,2,777.53,2
13745,162.0,2,777.36,2
15837,64.0,2,777.01,2
15794,736.0,2,777.0,2
15618,32.0,4,776.851,2
12808,36.0,5,776.7,2
14997,46.0,4,776.6,2
15092,215.0,3,776.46,2
18112,12.0,4,775.96,2
13314,1.0,3,775.94,2
13341,260.0,1,775.85,2
13569,17.0,4,775.46,2
14234,22.0,4,775.46,2
16447,135.0,3,775.14,2
15414,9.0,3,774.9000000000001,2
17889,212.0,7,774.87,2
15773,5.0,2,774.52,2
18058,9.0,3,774.06,2
14838,423.0,2,773.6700000000001,2
16565,364.0,4,773.05,2
15075,77.0,1,773.03,2
14247,278.0,5,772.66,2
12965,89.0,1,771.91,2
14104,154.0,5,771.58,2
14998,170.0,4,770.73,2
14413,362.0,4,770.37,2
15988,19.0,3,770.09,2
16480,75.0,1,769.29,2
16978,77.0,3,768.88,2
13356,80.0,1,768.24,2
15331,499.0,3,767.91,2
13712,246.0,2,766.42,2
12991,23.0,3,764.82,2
15908,490.0,2,764.57,2
13699,155.0,2,764.15,2
16602,36.0,2,763.33,2
17466,10.0,2,763.28,2
16392,269.0,3,763.05,2
15428,15.0,4,762.75,2
17860,368.0,4,762.74,2
16892,1.0,7,762.1,2
14883,18.0,6,761.59,2
17425,19.0,2,759.17,2
18246,23.0,3,758.8199999999999,2
15568,2.0,3,758.29,2
17979,35.0,4,757.71,2
17461,22.0,3,757.46,2
13034,54.0,3,756.82,2
14176,297.0,5,756.46,2
16262,378.0,1,755.15,2
13370,371.0,1,754.87,2
18104,37.0,1,754.64,2
17141,418.0,4,754.33,2
17579,4.0,4,753.28,2
13730,135.0,2,752.6,2
13070,192.0,4,751.7,2
14923,50.0,1,749.1,2
14048,305.0,3,748.69,2
15656,45.0,4,748.5,2
13108,372.0,2,748.46,2
14942,401.0,4,746.56,2
17760,21.0,6,746.39,2
14050,31.0,2,746.36,2
16465,420.0,2,746.24,2
18190,192.0,5,745.62,2
14228,437.0,3,745.5,2
13950,11.0,4,745.06,2
13236,24.0,2,744.85,2
12871,84.0,3,744.02,2
13354,71.0,1,743.53,2
13713,408.0,3,743.26,2
17038,30.0,2,743.17,2
16730,52.0,3,743.11,2
15420,434.0,6,743.0,2
14302,430.0,3,742.9000000000001,2
17005,470.0,2,742.36,2
12465,17.0,2,742.1899999999999,2
15720,24.0,2,741.92,2
18275,578.0,2,741.85,2
13721,36.0,2,741.54,2
12603,21.0,1,739.1999999999999,2
15070,372.0,3,737.0500000000001,2
15462,94.0,4,737.05,2
16075,502.0,2,736.9300000000001,2
13780,7.0,3,735.82,2
15045,151.0,2,735.66,2
12527,81.0,5,735.51,2
18156,12.0,2,734.94,2
13286,600.0,1,734.91,2
15938,112.0,9,734.81,2
17616,173.0,4,734.4,2
17756,375.0,3,733.7,2
17615,130.0,6,733.2,2
12537,408.0,1,732.94,2
13575,23.0,5,732.0699999999999,2
17825,598.0,4,731.96,2
17548,233.0,4,731.26,2
17681,597.0,5,731.1999999999999,2
14778,127.0,2,730.86,2
13921,402.0,4,730.7,2
17834,414.0,2,730.47,2
13452,259.0,3,729.8,2
12925,4.0,3,729.3299999999999,2
18163,584.0,1,728.84,2
12786,609.0,1,728.5,2
17547,375.0,2,727.85,2
17374,218.0,3,727.11,2
12519,63.0,2,726.54,2
12723,3.0,5,725.07,2
18187,631.0,1,724.89,2
13729,435.0,3,724.73,2
14798,52.0,8,724.31,2
15368,21.0,2,722.74,2
13264,442.0,1,722.5600000000001,2
17561,19.0,4,722.34,2
13057,530.0,3,722.09,2
13441,91.0,2,720.9,2
16023,46.0,3,719.81,2
14179,40.0,2,719.78,2
16415,44.0,3,719.44,2
13537,425.0,2,717.85,2
13604,658.0,1,717.62,2
16269,437.0,1,717.57,2
12573,227.0,5,717.41,2
12890,24.0,2,717.27,2
16526,171.0,2,717.21,2
15274,4.0,2,716.57,2
12535,91.0,2,716.35,2
12492,63.0,3,715.21,2
15330,32.0,2,714.96,2
17051,194.0,4,714.39,2
13512,260.0,4,713.39,2
14026,470.0,2,713.11,2
13147,10.0,4,712.8000000000001,2
17761,32.0,1,712.78,2
14470,11.0,3,712.04,2
15127,65.0,2,711.5,2
16885,15.0,4,710.74,2
13103,39.0,3,709.64,2
13927,74.0,2,708.26,2
12485,529.0,1,708.1,2
14398,401.0,2,707.79,2
16449,197.0,2,707.69,2
12453,134.0,1,707.09,2
13626,252.0,2,707.04,2
16364,11.0,2,707.04,2
16309,106.0,2,706.57,2
14880,77.0,3,706.19,2
16015,3.0,3,705.39,2
16882,66.0,3,705.12,2
12612,74.0,1,704.0400000000001,2
12883,24.0,4,703.47,2
18082,25.0,1,703.37,2
15103,31.0,2,703.36,2
15901,16.0,7,703.22,2
14699,214.0,4,702.6,2
16997,288.0,3,702.0,2
14324,409.0,2,701.61,2
13833,159.0,2,701.36,2
14356,79.0,2,701.23,2
17163,21.0,4,699.78,2
13242,112.0,7,699.4,2
16018,39.0,4,698.13,2
15053,4.0,3,697.79,2
14497,309.0,2,697.0600000000001,2
13596,5.0,2,697.04,2
15700,172.0,2,696.68,2
15995,414.0,1,696.19,2
16704,618.0,2,695.66,2
14959,64.0,4,695.42,2
13101,234.0,4,695.4,2
14111,14.0,4,692.85,2
17198,23.0,3,692.22,2
17733,38.0,2,692.19,2
12817,281.0,3,690.98,2
16658,368.0,6,690.83,2
15184,29.0,4,689.95,2
16545,164.0,2,689.82,2
17502,9.0,4,689.1,2
15361,361.0,4,689.07,2
12837,173.0,2,688.41,2
12450,156.0,5,688.2,2
18017,81.0,4,688.0,2
17962,142.0,4,687.42,2
16343,16.0,3,687.0699999999999,2
14809,621.0,2,686.76,2
13898,325.0,2,686.4,2
16824,15.0,3,686.24,2
17935,138.0,7,686.14,2
12658,18.0,1,686.05,2
15257,283.0,2,685.9,2
15219,176.0,2,685.45,2
18123,24.0,3,684.59,2
13585,530.0,3,684.54,2
16495,3.0,3,684.41,2
15669,40.0,4,684.34,2
16601,40.0,3,684.25,2
15207,416.0,3,683.9200000000001,2
12942,131.0,3,683.9,2
17874,185.0,6,683.46,2
14222,177.0,1,683.17,2
15582,24.0,3,682.9100000000001,2
13987,379.0,2,682.54,2
12601,189.0,6,681.26,2
12478,3.0,1,680.99,2
18271,609.0,2,680.85,2
15973,366.0,3,680.62,2
13524,40.0,5,680.1800000000001,2
13809,305.0,3,679.7,2
13430,18.0,2,679.45,2
14151,673.0,2,679.45,2
14563,509.0,2,679.4399999999999,2
17782,382.0,2,679.02,2
16646,449.0,1,678.8,2
14182,443.0,4,678.77,2
13255,9.0,3,678.76,2
13925,92.0,4,678.25,2
15363,372.0,2,678.11,2
13974,49.0,2,677.72,2
13040,8.0,2,676.99,2
17462,60.0,2,675.69,2
13325,81.0,1,675.3,2
13355,122.0,1,674.7,2
13951,176.0,3,674.45,2
15562,351.0,3,673.38,2
14504,47.0,4,673.26,2
18121,149.0,2,673.1,2
16648,42.0,3,672.8,2
16226,203.0,5,672.1700000000001,2
17011,30.0,3,671.7,2
14142,373.0,2,671.34,2
17709,169.0,5,671.01,2
13398,192.0,2,670.34,2
17418,42.0,3,670.0600000000001,2
15012,53.0,3,669.56,2
13741,71.0,3,668.4300000000001,2
16268,71.0,2,667.65,2
13217,122.0,4,666.48,2
14932,365.0,2,666.13,2
17777,24.0,3,665.86,2
17105,159.0,2,665.78,2
14452,10.0,4,665.59,2
16056,45.0,1,664.85,2
16132,544.0,2,664.1999999999999,2
15643,191.0,3,664.0,2
14720,5.0,3,663.8100000000001,2
13474,236.0,3,663.79,2
16573,84.0,2,663.61,2
16679,366.0,3,663.31,2
17852,11.0,5,663.21,2
17371,17.0,6,662.55,2
13864,386.0,1,662.4000000000001,2
16862,547.0,4,662.33,2
14425,434.0,3,661.39,2
13028,22.0,2,661.3199999999999,2
16887,35.0,3,660.72,2
13820,418.0,3,660.65,2
17375,199.0,4,660.55,2
16428,413.0,3,660.28,2
14603,274.0,1,660.0,2
15405,189.0,2,659.84,2
15492,28.0,2,659.4599999999999,2
13518,85.0,1,659.4399999999999,2
13759,33.0,2,659.41,2
13622,696.0,1,658.95,2
14150,35.0,2,658.64,2
17779,21.0,3,658.57,2
13433,501.0,4,658.3199999999999,2
15715,555.0,5,658.02,2
16696,135.0,4,657.9000000000001,2
15648,204.0,2,657.35,2
17459,43.0,2,657.3,2
16157,15.0,3,656.69,2
16708,45.0,1,656.63,2
14558,654.0,3,655.5,2
16117,189.0,3,654.4,2
17398,114.0,3,653.38,2
13496,10.0,2,653.33,2
15205,85.0,2,653.24,2
17523,11.0,4,652.74,2
17572,71.0,10,652.21,2
14034,22.0,3,651.82,2
17963,471.0,4,651.51,2
13840,416.0,1,651.4,2
16734,52.0,3,650.51,2
16969,39.0,3,650.41,2
15276,66.0,4,649.53,2
12844,29.0,4,648.6,2
16412,53.0,5,647.23,2
15945,365.0,4,646.27,2
14024,121.0,3,645.74,2
17380,434.0,3,645.0,2
12719,5.0,2,644.95,2
16185,16.0,3,644.72,2
17312,138.0,3,644.3,2
13237,387.0,1,643.0,2
16431,213.0,3,642.81,2
15297,10.0,3,641.94,2
16399,19.0,3,641.82,2
14537,57.0,2,641.4,2
12365,291.0,2,641.38,2
12624,106.0,2,641.13,2
13318,1.0,3,640.76,2
12538,29.0,2,640.45,2
16368,2.0,3,640.21,2
12880,381.0,2,640.13,2
15183,547.0,3,639.93,2
15919,19.0,2,639.89,2
12734,352.0,3,639.65,2
17998,380.0,3,639.24,2
12699,417.0,1,638.11,2
14664,19.0,2,637.89,2
17691,358.0,4,637.5500000000001,2
17134,106.0,3,637.1,2
15829,99.0,2,636.14,2
16534,642.0,1,635.9,2
17334,302.0,3,635.15,2
17985,22.0,1,634.95,2
14365,394.0,2,634.68,2
16330,17.0,7,634.33,2
14219,4.0,3,633.83,2
15666,472.0,2,632.9399999999999,2
13540,467.0,3,632.39,2
18183,227.0,2,632.07,2
13822,5.0,2,632.0,2
13444,374.0,2,631.6800000000001,2
14381,52.0,2,631.34,2
13706,302.0,2,631.17,2
16193,236.0,2,630.43,2
15016,172.0,5,630.3,2
18101,11.0,5,629.16,2
13525,14.0,2,628.78,2
14283,463.0,4,628.4399999999999,2
16158,522.0,9,628.32,2
16022,260.0,1,628.28,2
14455,432.0,4,628.21,2
13480,416.0,2,627.82,2
14036,284.0,1,626.65,2
17392,306.0,3,626.5600000000001,2
13914,11.0,2,626.45,2
14793,21.0,2,625.9,2
16715,78.0,2,625.52,2
14169,430.0,2,624.4300000000001,2
13776,428.0,2,623.98,2
16750,44.0,5,623.93,2
15147,240.0,1,623.5,2
16792,282.0,5,623.46,2
15258,168.0,2,623.16,2
16781,372.0,2,623.0,2
12575,457.0,2,622.8199999999999,2
14115,501.0,2,622.6700000000001,2
17430,32.0,4,622.57,2
13836,399.0,2,620.37,2
14339,242.0,2,620.27,2
12667,58.0,1,620.13,2
14529,60.0,3,620.04,2
16776,60.0,2,619.85,2
13020,562.0,2,618.96,2
14079,124.0,2,618.73,2
13493,275.0,2,618.63,2
16613,70.0,1,618.59,2
12596,51.0,2,618.27,2
13301,103.0,4,618.09,2
15956,551.0,2,617.6,2
14377,191.0,2,617.05,2
16311,17.0,2,616.26,2
17639,276.0,6,615.17,2
15275,37.0,1,615.14,2
14077,40.0,6,615.08,2
16847,43.0,2,614.89,2
15748,40.0,3,614.76,2
16566,15.0,5,614.66,2
16844,562.0,2,614.34,2
14570,280.0,3,613.75,2
13832,19.0,2,613.6899999999999,2
17035,245.0,4,613.59,2
15362,448.0,2,613.08,2
12855,372.0,4,612.84,2
16116,211.0,1,612.78,2
16178,138.0,2,612.6,2
16589,71.0,4,612.36,2
12513,112.0,1,612.29,2
13008,323.0,3,612.13,2
15232,113.0,2,612.06,2
17209,649.0,3,611.6,2
16922,572.0,1,611.08,2
17968,373.0,4,610.69,2
13731,219.0,2,610.59,2
14636,36.0,2,609.85,2
17325,280.0,3,609.5699999999999,2
17707,185.0,8,609.3000000000001,2
16675,441.0,2,608.86,2
13933,109.0,2,608.7900000000001,2
15717,234.0,5,607.0,2
17473,408.0,2,607.0,2
17119,3.0,2,606.91,2
15158,45.0,2,606.02,2
16590,400.0,2,605.9,2
17507,261.0,2,605.58,2
16780,100.0,3,605.55,2
14323,114.0,2,605.0600000000001,2
13558,5.0,4,605.06,2
16321,72.0,7,604.5500000000001,2
12944,35.0,2,604.51,2
17270,469.0,2,604.4,2
14611,443.0,2,604.3299999999999,2
14417,387.0,1,604.2,2
12556,50.0,2,603.71,2
13106,133.0,2,603.46,2
12707,291.0,1,603.42,2
18264,498.0,1,603.25,2
16445,33.0,4,602.73,2
16080,81.0,4,602.5600000000001,2
17890,322.0,2,602.09,2
14670,280.0,3,602.0,2
12654,10.0,5,601.98,2
14254,432.0,1,601.03,2
12420,63.0,1,600.39,2
17745,477.0,2,600.34,2
18211,25.0,5,600.07,2
17678,263.0,2,599.76,2
12521,142.0,1,599.68,2
14965,96.0,2,599.0,2
14569,1.0,4,598.98,2
13311,4.0,2,598.57,2
17845,555.0,4,598.19,2
15424,254.0,3,597.78,2
14170,375.0,3,597.33,2
13684,285.0,4,596.98,2
15631,642.0,1,596.67,2
15346,332.0,3,596.12,2
17658,25.0,2,595.42,2
14771,621.0,2,594.62,2
15442,248.0,1,594.0,2
15929,644.0,1,594.0,2
14729,373.0,3,593.89,2
14746,406.0,4,593.5,2
18232,81.0,4,592.97,2
13472,463.0,2,592.24,2
17815,393.0,1,591.96,2
17156,491.0,1,591.87,2
12790,192.0,2,591.85,2
17483,65.0,4,591.73,2
15524,24.0,2,591.4,2
17098,381.0,3,591.07,2
13270,366.0,1,590.0,2
15160,357.0,4,589.27,2
15624,116.0,4,588.13,2
15191,463.0,3,588.05,2
17014,8.0,3,586.33,2
14173,10.0,6,586.0,2
12384,28.0,2,585.27,2
17773,514.0,2,585.27,2
12800,470.0,3,584.25,2
14023,7.0,2,584.07,2
15762,65.0,2,583.75,2
16001,381.0,1,583.39,2
15918,190.0,3,582.88,2
16100,462.0,1,582.64,2
16802,679.0,2,582.61,2
17970,211.0,1,582.59,2
17099,533.0,1,582.17,2
17223,310.0,3,580.69,2
14742,435.0,1,579.85,2
15588,677.0,1,579.6,2
15959,682.0,3,579.49,2
18039,374.0,4,579.17,2
18262,140.0,3,577.54,2
17274,35.0,2,577.38,2
15830,37.0,1,576.0,2
17557,14.0,4,575.46,2
12859,458.0,1,575.1,2
13262,263.0,3,573.45,2
12879,44.0,3,573.22,2
15415,313.0,1,572.8100000000001,2
13424,449.0,1,572.77,2
13379,26.0,3,572.56,2
13179,618.0,1,572.3100000000001,2
14053,124.0,4,572.3,2
12816,95.0,2,572.2,2
13816,23.0,2,571.67,2
15920,154.0,9,571.64,2
15198,92.0,5,571.35,2
15691,252.0,4,571.3,2
18053,70.0,3,571.0699999999999,2
15821,44.0,2,570.96,2
13190,544.0,3,570.66,2
15315,64.0,2,570.5,2
17122,119.0,4,570.5,2
15857,18.0,2,570.48,2
14592,35.0,3,570.46,2
16667,68.0,2,570.13,2
17433,88.0,2,569.96,2
15169,382.0,2,569.22,2
13406,427.0,2,568.92,2
18244,430.0,2,568.64,2
13321,72.0,2,567.36,2
14208,94.0,2,567.05,2
14986,376.0,2,566.9,2
15627,457.0,2,566.9,2
13998,446.0,3,566.7,2
18150,32.0,3,566.58,2
14716,43.0,3,565.45,2
16250,261.0,3,565.24,2
13894,23.0,3,564.62,2
15344,0.0,3,563.94,2
15143,225.0,2,563.63,2
15597,35.0,2,563.37,2
17665,493.0,1,563.1,2
17195,655.0,1,562.98,2
17265,138.0,2,562.9,2
16111,428.0,1,562.48,2
12559,310.0,2,561.71,2
18127,19.0,4,561.53,2
17233,35.0,3,560.86,2
15655,243.0,1,560.6700000000001,2
15917,247.0,5,560.63,2
17413,404.0,2,560.14,2
15055,474.0,3,560.07,2
14273,51.0,4,559.97,2
16414,21.0,5,559.71,2
18043,24.0,3,559.51,2
17503,2.0,2,558.96,2
13260,61.0,1,557.62,2
17295,28.0,3,556.95,2
18049,437.0,2,556.52,2
13677,404.0,2,556.1899999999999,2
13024,470.0,2,555.87,2
15102,530.0,2,554.67,2
15634,17.0,2,554.65,2
18056,288.0,2,554.6,2
16641,105.0,2,554.5,2
15650,521.0,2,553.88,2
17407,411.0,1,552.9,2
16406,18.0,3,552.68,2
17016,576.0,1,552.4,2
12797,365.0,2,552.08,2
12363,109.0,2,552.0,2
16936,25.0,2,551.17,2
16707,400.0,4,551.11,2
17674,74.0,2,551.0400000000001,2
18098,396.0,1,550.84,2
17291,308.0,1,550.8000000000001,2
12390,79.0,1,549.84,2
15200,494.0,1,549.05,2
16536,110.0,1,548.97,2
16031,92.0,2,548.94,2
15842,393.0,2,548.8,2
13948,360.0,4,548.76,2
15598,53.0,2,548.02,2
15350,373.0,2,547.6,2
16811,4.0,2,547.07,2
17637,31.0,2,547.0600000000001,2
17520,53.0,1,546.81,2
18212,326.0,2,546.72,2
12743,134.0,2,546.43,2
15080,427.0,2,546.25,2
17248,120.0,2,546.16,2
17806,11.0,1,546.04,2
17580,252.0,5,545.27,2
13955,154.0,3,545.17,2
15728,379.0,2,544.6,2
18207,499.0,1,544.47,2
16475,88.0,4,544.3,2
13390,74.0,1,544.08,2
16927,115.0,3,543.05,2
17514,128.0,2,542.83,2
13785,428.0,4,542.49,2
15675,81.0,4,542.04,2
16230,189.0,2,542.03,2
16060,400.0,3,541.95,2
16647,169.0,4,541.9,2
17447,40.0,2,541.53,2
16576,420.0,2,540.87,2
17999,37.0,3,540.5600000000001,2
12819,458.0,1,540.52,2
12958,400.0,2,539.49,2
17524,361.0,3,539.14,2
13812,42.0,3,539.0,2
15539,7.0,1,538.46,2
13961,392.0,1,538.4,2
14539,15.0,2,537.48,2
17269,385.0,1,537.46,2
16804,23.0,3,536.99,2
18140,473.0,1,536.41,2
13207,15.0,4,535.86,2
15890,394.0,5,535.65,2
16142,249.0,1,535.34,2
12988,292.0,1,535.32,2
16935,381.0,3,535.1,2
12810,534.0,2,534.99,2
13385,329.0,1,534.57,2
17443,219.0,1,534.24,2
17436,1.0,5,534.06,2
16785,409.0,1,533.78,2
13594,52.0,2,533.32,2
15433,213.0,2,533.3,2
15756,61.0,4,532.96,2
15825,172.0,1,532.94,2
15659,43.0,3,532.49,2
16021,395.0,2,532.25,2
15115,18.0,2,531.85,2
14940,417.0,2,531.49,2
16706,37.0,3,531.35,2
17765,158.0,4,530.8,2
18159,301.0,1,530.15,2
14002,134.0,2,529.73,2
17458,15.0,2,529.58,2
18191,261.0,2,529.4,2
16413,56.0,2,528.98,2
14616,242.0,5,527.7800000000001,2
12479,11.0,1,527.2,2
16421,376.0,3,526.27,2
15467,9.0,3,524.88,2
15683,117.0,2,524.54,2
15891,226.0,1,524.52,2
13277,15.0,7,523.3,2
17712,44.0,1,522.91,2
13605,387.0,2,522.67,2
12956,306.0,4,521.89,2
15689,119.0,3,521.03,2
14647,201.0,2,519.97,2
13977,411.0,1,519.8100000000001,2
12571,39.0,2,519.61,2
12777,457.0,1,519.45,2
14807,390.0,2,519.29,2
12825,521.0,2,518.63,2
13600,312.0,2,518.42,2
13553,674.0,1,517.8,2
17266,2.0,5,517.73,2
12979,729.0,1,517.7,2
12977,156.0,4,517.63,2
18205,36.0,2,517.36,2
14311,242.0,2,516.45,2
13043,273.0,1,516.42,2
14429,403.0,1,516.28,2
13859,326.0,2,515.86,2
18243,414.0,1,515.78,2
14949,469.0,4,515.0,2
13642,215.0,4,514.72,2
17510,24.0,2,514.56,2
12897,204.0,4,514.25,2
14722,147.0,3,513.37,2
16829,156.0,2,513.32,2
13177,64.0,2,512.2,2
14552,151.0,3,511.28,2
12361,287.0,4,511.25,2
16561,5.0,2,511.12,2
17110,165.0,3,510.7,2
13367,431.0,1,510.2,2
12904,18.0,2,509.58,2
13710,31.0,3,509.52,2
14008,432.0,1,509.04,2
12436,99.0,1,509.01000000000005,2
12907,395.0,2,508.91,2
15417,85.0,1,508.8,2
17391,163.0,2,508.8,2
14317,64.0,1,508.58,2
13067,82.0,3,508.51,2
17276,402.0,1,508.39,2
17335,383.0,2,508.0,2
17415,79.0,1,507.84,2
14158,40.0,1,507.66,2
17384,19.0,3,507.55,2
15721,11.0,1,507.08,2
13885,189.0,2,506.8,2
13123,472.0,2,506.75,2
14968,30.0,2,504.99,2
18203,157.0,4,504.42,2
17630,169.0,2,503.59999999999997,2
14954,12.0,2,503.44,2
12376,389.0,2,503.15,2
12419,385.0,2,503.01,2
15138,393.0,1,502.52,2
13865,58.0,4,501.56,2
15881,312.0,5,501.39000000000004,2
13116,138.0,1,501.14,2
13247,17.0,4,501.12,2
16616,15.0,2,500.42,2
12366,633.0,1,500.24,2
13428,10.0,3,499.98,2
15193,60.0,1,499.32,2
17256,107.0,5,498.93,2
16488,33.0,3,498.8,2
14171,98.0,2,498.79,2
17608,33.0,4,498.53,2
17053,130.0,1,498.48,2
16820,95.0,1,497.61,2
17680,23.0,3,497.45,2
17923,282.0,3,497.0,2
12943,558.0,2,496.5,2
15300,64.0,1,496.44,2
15018,38.0,3,496.21000000000004,2
15278,561.0,4,496.15999999999997,2
16977,395.0,4,496.0,2
16799,432.0,2,495.98,2
17995,281.0,3,495.48,2
14319,424.0,1,494.85,2
16352,17.0,2,494.44,2
17333,85.0,1,494.25,2
17823,421.0,2,494.25,2
12763,138.0,2,494.08,2
15877,1.0,2,493.28000000000003,2
15958,74.0,4,492.99,2
15447,330.0,5,492.88,2
13176,46.0,1,492.84,2
14270,331.0,1,492.65000000000003,2
15507,171.0,1,492.36,2
14310,432.0,1,492.1,2
13732,28.0,1,491.86,2
17106,389.0,1,491.23,2
14663,430.0,2,490.6,2
15000,47.0,1,490.52,2
14416,22.0,2,490.22,2
12983,598.0,1,490.08,2
12634,535.0,2,490.0,2
17476,395.0,2,489.86,2
17715,200.0,2,489.59999999999997,2
17988,11.0,14,489.54,2
18280,277.0,2,488.15000000000003,2
12920,17.0,4,488.09000000000003,2
15165,373.0,1,487.75,2
13412,620.0,1,487.34999999999997,2
13733,410.0,2,487.03000000000003,2
13675,151.0,2,486.82000000000005,2
17453,17.0,2,486.71999999999997,2
13153,5.0,1,486.22,2
15216,87.0,2,486.09,2
12443,732.0,1,485.31,2
16999,23.0,2,484.82,2
16504,25.0,1,484.38,2
16024,12.0,3,484.2,2
16603,74.0,2,482.47,2
17996,379.0,3,482.33,2
12542,484.0,2,481.88,2
18216,31.0,1,481.75,2
15174,322.0,2,481.46,2
14052,19.0,2,480.81,2
13161,313.0,2,478.88,2
15589,255.0,3,478.53000000000003,2
17111,47.0,2,476.58,2
12447,243.0,1,476.49,2
18176,358.0,1,476.35,2
15277,46.0,2,476.34,2
15780,183.0,3,475.28000000000003,2
14599,390.0,2,474.54,2
14322,429.0,4,474.1,2
17104,423.0,1,474.03,2
15349,158.0,2,473.81,2
15557,28.0,1,473.65000000000003,2
16635,406.0,1,473.0,2
13194,135.0,2,472.78,2
14975,57.0,2,472.39,2
16038,7.0,3,471.78000000000003,2
17964,31.0,2,471.7,2
14237,373.0,2,471.14,2
16473,164.0,4,470.83,2
13066,24.0,2,470.8,2
15963,19.0,2,470.76,2
17254,4.0,3,470.73,2
18083,397.0,1,470.73,2
14819,64.0,4,470.16,2
14058,462.0,2,469.19,2
14369,642.0,2,469.13,2
15387,492.0,1,468.65,2
12554,448.0,1,468.5,2
13171,21.0,3,468.40999999999997,2
14335,16.0,2,468.26,2
17344,46.0,2,468.11,2
14727,274.0,3,467.93,2
17294,669.0,2,467.78999999999996,2
17187,226.0,2,467.71,2
14029,63.0,2,467.66,2
16390,536.0,3,467.5,2
14148,233.0,2,466.29,2
13248,124.0,2,465.68,2
15036,72.0,3,465.55,2
13698,596.0,2,465.53000000000003,2
17140,247.0,1,465.32,2
13928,10.0,4,464.57,2
17040,137.0,2,463.25,2
14627,379.0,1,462.75,2
14331,124.0,2,462.66,2
18031,378.0,1,462.1,2
13624,388.0,1,462.08,2
18284,431.0,1,461.68,2
14575,488.0,1,460.71,2
15540,11.0,2,460.68,2
12491,38.0,1,460.40000000000003,2
16310,414.0,2,460.08,2
16596,15.0,4,458.98,2
14118,428.0,1,458.45,2
13957,417.0,3,458.25,2
14011,480.0,2,457.82,2
15121,50.0,2,457.72,2
16069,417.0,1,457.7,2
12375,10.0,2,457.5,2
12564,261.0,1,456.9,2
14296,421.0,2,456.4,2
16039,423.0,2,456.4,2
12999,196.0,3,455.88,2
15585,176.0,1,455.3,2
16765,294.0,2,454.75,2
17067,724.0,3,454.54,2
12459,605.0,1,454.36,2
15475,77.0,1,454.11,2
17564,24.0,3,454.01,2
17376,70.0,4,453.64,2
18158,9.0,2,453.4,2
16481,682.0,1,453.38,2
12729,113.0,1,453.01,2
14184,66.0,1,452.89,2
16519,25.0,4,452.56,2
15418,425.0,2,452.32,2
18100,550.0,1,451.56,2
15802,142.0,1,451.42,2
15961,379.0,1,451.29,2
12831,262.0,3,451.11,2
15124,22.0,4,450.82,2
16870,469.0,1,450.15999999999997,2
13150,484.0,3,449.96999999999997,2
14784,26.0,3,449.93,2
13877,86.0,3,449.68,2
13489,105.0,4,449.52,2
15126,536.0,2,449.49,2
12448,44.0,1,449.45,2
15739,66.0,1,449.12,2
16939,488.0,3,449.0,2
14761,58.0,3,447.92,2
14780,54.0,2,447.68,2
18201,722.0,1,447.53000000000003,2
13754,151.0,3,447.05,2
16095,456.0,1,447.05,2
16921,61.0,3,446.67,2
14149,220.0,1,446.62,2
17370,72.0,4,446.18,2
17070,114.0,2,445.32,2
14010,565.0,2,445.15,2
14328,438.0,1,445.05,2
18134,598.0,2,445.0,2
12788,463.0,4,444.9,2
18270,38.0,3,444.55,2
14638,50.0,1,443.6,2
16424,191.0,2,443.06,2
16404,70.0,1,443.05,2
18222,92.0,1,443.0,2
14093,12.0,1,442.85,2
14996,481.0,2,442.28999999999996,2
17699,476.0,2,442.0,2
13738,396.0,1,440.93,2
16932,53.0,3,440.71,2
12579,78.0,1,440.42,2
18233,325.0,1,440.0,2
13954,1.0,2,439.92,2
17643,373.0,2,439.7,2
16025,29.0,1,439.65999999999997,2
14979,735.0,1,439.46,2
16968,4.0,2,439.43,2
13086,382.0,1,439.33000000000004,2
17718,232.0,2,439.18,2
13432,571.0,2,439.1,2
13358,268.0,1,439.03000000000003,2
13964,387.0,2,438.9,2
17729,596.0,1,438.65000000000003,2
15859,432.0,1,438.46,2
17807,395.0,3,437.87,2
12552,38.0,2,437.82,2
14846,427.0,1,437.4,2
15553,60.0,1,437.23,2
16888,400.0,3,437.15,2
12672,329.0,2,437.05,2
14877,418.0,2,437.0,2
17178,731.0,1,436.71,2
14123,733.0,1,436.18,2
16084,299.0,1,436.18,2
16166,428.0,2,435.83,2
18110,19.0,2,435.43,2
12445,22.0,2,434.98,2
15323,562.0,3,434.6,2
14910,2.0,4,434.35,2
14238,326.0,3,434.22999999999996,2
14581,16.0,2,433.8,2
18029,642.0,1,433.77,2
12493,165.0,2,433.74,2
15613,610.0,1,433.71999999999997,2
16522,435.0,2,433.36,2
17687,420.0,1,432.68,2
16604,562.0,2,432.45,2
16236,78.0,1,432.2,2
16881,66.0,1,432.0,2
14042,725.0,1,431.98,2
15488,92.0,5,431.92,2
17842,602.0,1,430.69,2
12452,16.0,2,430.57,2
12795,18.0,1,430.48,2
12827,5.0,3,430.15000000000003,2
15450,30.0,1,429.84,2
15461,460.0,2,429.7,2
15230,239.0,2,429.6,2
13413,639.0,6,429.44,2
15915,401.0,1,429.21,2
15888,80.0,3,429.15999999999997,2
16324,128.0,3,428.68,2
18089,446.0,1,428.45,2
17285,628.0,2,428.34,2
15360,39.0,1,427.93,2
12740,63.0,1,427.6,2
18285,660.0,1,427.0,2
17740,389.0,6,426.90000000000003,2
18152,646.0,1,426.69,2
15930,67.0,1,426.63,2
14288,213.0,1,426.6,2
15966,450.0,1,426.53000000000003,2
15217,563.0,1,426.24,2
13703,318.0,2,425.56,2
17103,722.0,1,424.3,2
18011,373.0,2,424.24,2
16541,735.0,1,424.03,2
16913,290.0,3,423.90999999999997,2
15504,81.0,4,423.85,2
17330,22.0,4,423.8,2
14097,481.0,2,422.86,2
13374,414.0,2,422.8,2
16137,680.0,1,422.7,2
16689,75.0,2,422.59999999999997,2
18240,46.0,1,422.58,2
16149,4.0,3,422.22,2
13807,367.0,3,422.2,2
17232,2.0,2,421.52,2
17601,239.0,2,421.48,2
13574,411.0,1,421.25,2
16773,57.0,3,421.24,2
14757,75.0,1,420.5,2
15206,10.0,4,420.29999999999995,2
15711,556.0,2,420.25,2
18128,537.0,1,420.04,2
13672,301.0,3,419.92,2
13442,667.0,3,419.87,2
13096,394.0,1,419.70000000000005,2
14124,84.0,1,419.58,2
13079,4.0,6,419.18,2
15262,323.0,3,418.82,2
12593,108.0,3,418.09999999999997,2
13073,411.0,2,418.08,2
15968,388.0,1,418.05,2
17701,252.0,1,417.95,2
16629,73.0,2,417.73,2
16832,184.0,5,417.61,2
14762,263.0,2,417.57,2
12833,145.0,1,417.38,2
17258,396.0,2,417.3,2
16816,103.0,4,417.06,2
15935,239.0,2,416.86,2
16957,239.0,2,416.64,2
15011,395.0,2,416.6,2
16355,375.0,1,416.35,2
16356,197.0,6,415.87,2
12930,78.0,2,415.8,2
12608,404.0,1,415.79,2
15725,15.0,1,415.25,2
14333,67.0,1,415.2,2
13565,19.0,3,414.8,2
18278,73.0,2,414.20000000000005,2
13002,318.0,3,414.13,2
17052,28.0,1,413.75,2
13669,50.0,3,413.55,2
14082,364.0,2,413.36,2
17767,15.0,2,413.05,2
17662,661.0,2,412.92,2
14620,205.0,2,412.78000000000003,2
18050,359.0,2,412.06,2
13827,57.0,3,412.05,2
16272,116.0,1,411.7,2
16815,453.0,2,410.97,2
15960,374.0,4,410.95,2
15099,84.0,1,410.48,2
17598,381.0,1,409.98,2
14348,260.0,1,409.57,2
15225,234.0,1,409.40000000000003,2
16864,434.0,2,409.25,2
16243,33.0,2,409.1,2
13686,182.0,3,409.04,2
12974,197.0,2,408.95,2
15446,376.0,3,406.95,2
12353,204.0,2,406.76,2
16632,485.0,2,406.4,2
17000,396.0,2,406.3,2
15280,172.0,3,406.21999999999997,2
15342,129.0,1,406.09,2
12741,529.0,2,406.07,2
18111,589.0,1,405.85,2
12922,161.0,1,405.38,2
13143,584.0,1,405.1,2
13640,611.0,1,405.0,2
15941,637.0,1,405.0,2
17379,11.0,1,404.66,2
16319,217.0,1,404.40000000000003,2
16484,173.0,2,404.3,2
12498,21.0,3,403.70000000000005,2
14678,579.0,1,403.39,2
17785,53.0,3,403.38,2
17431,313.0,1,403.3,2
13530,634.0,1,402.97999999999996,2
14172,605.0,3,402.71999999999997,2
16315,330.0,2,402.71,2
15037,376.0,2,402.51,2
15501,404.0,2,402.5,2
17094,322.0,2,402.2,2
16998,149.0,5,402.0,2
12386,337.0,2,401.9,2
18048,203.0,3,401.73,2
14494,25.0,3,401.46,2
14736,485.0,2,401.08,2
14471,591.0,2,400.95,2
17403,36.0,2,400.57,2
17168,498.0,1,400.2,2
14358,389.0,2,400.06,2
18164,37.0,1,399.65000000000003,2
16538,541.0,3,399.62,2
13252,394.0,2,399.3,2
15522,32.0,2,398.84,2
17830,1.0,3,398.7,2
12508,26.0,2,398.27,2
15577,151.0,5,397.98,2
13352,60.0,1,397.97999999999996,2
15429,26.0,2,397.35,2
17789,281.0,2,397.15,2
12824,59.0,1,397.12,2
13673,18.0,2,396.92,2
17486,261.0,1,396.87,2
13597,400.0,2,396.71,2
15883,2.0,2,396.48,2
17918,500.0,3,396.39,2
18067,40.0,1,396.33,2
13879,645.0,1,395.5,2
17286,21.0,3,395.48,2
13083,4.0,3,395.43,2
17617,558.0,1,395.33,2
12677,555.0,2,395.1,2
16207,25.0,1,394.38,2
15386,186.0,1,394.14,2
12499,560.0,1,393.72,2
17300,390.0,2,393.64,2
15345,45.0,1,393.54,2
15437,262.0,2,393.45,2
16868,394.0,3,393.39,2
13584,306.0,3,392.45,2
17563,578.0,2,392.38,2
16827,393.0,5,392.13,2
16783,436.0,1,391.95,2
13966,435.0,1,390.86,2
14072,666.0,1,390.85,2
14706,618.0,1,390.69,2
17753,464.0,4,390.56,2
17614,57.0,1,390.07,2
14197,410.0,1,390.05,2
17936,5.0,1,389.84,2
17116,648.0,1,389.78,2
18024,152.0,2,389.78,2
14752,43.0,1,389.64,2
13345,287.0,1,389.5,2
17479,632.0,1,389.26,2
12690,205.0,1,389.01,2
17595,12.0,2,388.79,2
18227,217.0,2,388.75,2
15592,46.0,1,388.58,2
13896,625.0,1,388.55,2
13899,16.0,2,388.52,2
17357,24.0,2,388.14,2
17771,56.0,4,387.41,2
16148,296.0,2,386.62,2
14779,280.0,3,386.15,2
16492,540.0,1,385.56,2
12973,413.0,1,385.55,2
12889,381.0,4,385.46000000000004,2
12829,336.0,3,385.3,2
17804,376.0,3,385.23,2
14826,581.0,2,385.2,2
17711,10.0,2,385.1,2
17772,10.0,3,384.77,2
17171,289.0,2,384.59,2
16433,28.0,2,384.52,2
17250,3.0,2,384.52,2
17012,725.0,1,384.16,2
16982,60.0,1,384.06,2
15048,65.0,4,384.05,2
14598,44.0,2,384.04,2
15155,383.0,1,383.96999999999997,2
13792,66.0,3,383.95,2
12515,353.0,1,383.7,2
15440,54.0,3,383.68,2
12547,197.0,3,383.58,2
12832,32.0,2,383.03,2
13817,29.0,2,382.98,2
14767,474.0,1,382.81,2
17568,633.0,1,382.79,2
16988,5.0,2,382.67,2
13997,519.0,3,382.31,2
13657,10.0,2,382.14,2
14908,74.0,2,381.9,2
16304,694.0,1,381.66,2
15090,308.0,1,381.32,2
17393,410.0,2,381.15000000000003,2
17903,394.0,1,381.09000000000003,2
12796,628.0,1,381.0,2
17573,29.0,3,380.6,2
16930,26.0,3,380.55,2
14731,47.0,3,380.02,2
16577,666.0,1,380.0,2
17783,72.0,3,379.91,2
14594,7.0,2,379.83,2
16552,242.0,2,379.73,2
14200,617.0,1,379.2,2
18162,732.0,1,379.16,2
16909,72.0,1,379.14,2
13372,89.0,1,378.64,2
17078,36.0,2,378.2,2
12651,334.0,4,377.75,2
12941,724.0,1,377.49,2
17736,9.0,3,377.44,2
17717,421.0,1,376.92,2
16544,519.0,4,376.70000000000005,2
17489,58.0,2,376.64,2
14353,215.0,3,376.5,2
14531,479.0,1,376.34,2
13688,635.0,1,375.5,2
17912,310.0,6,375.5,2
14448,9.0,2,375.35,2
14294,407.0,1,375.34,2
17810,668.0,2,374.81,2
14067,63.0,2,374.7,2
13545,390.0,2,374.64,2
13351,66.0,1,373.94,2
13283,59.0,4,373.36,2
17437,529.0,1,373.17,2
15337,411.0,1,373.02,2
13197,609.0,1,373.01000000000005,2
14981,246.0,2,372.92,2
12895,42.0,2,372.8,2
12544,36.0,1,372.7,2
15989,375.0,2,372.51,2
12981,29.0,2,372.21999999999997,2
13164,569.0,2,372.2,2
17245,204.0,2,371.63,2
18155,75.0,3,371.62,2
15472,113.0,1,371.56,2
14950,19.0,1,371.2,2
15975,84.0,1,371.01,2
15063,213.0,1,370.79999999999995,2
15765,666.0,1,370.63,2
14168,420.0,2,370.45,2
15458,25.0,2,370.44,2
17792,467.0,2,370.05,2
15922,373.0,1,369.5,2
16758,65.0,1,369.34,2
14888,207.0,1,369.2,2
15477,649.0,1,368.4,2
16448,198.0,2,367.87,2
14018,645.0,1,367.15000000000003,2
13187,337.0,4,367.01,2
14962,270.0,4,366.91,2
14244,660.0,1,366.41999999999996,2
12899,413.0,1,366.4,2
17911,9.0,1,366.23,2
16974,522.0,2,365.5,2
15029,619.0,1,365.1,2
17536,177.0,3,364.83,2
14886,252.0,1,364.8,2
15949,16.0,2,364.72,2
15343,87.0,1,364.5,2
14528,37.0,1,364.21999999999997,2
16509,296.0,1,363.7,2
14253,493.0,2,363.40000000000003,2
16078,283.0,2,362.99,2
16378,247.0,3,362.95,2
13962,21.0,3,362.8,2
14840,267.0,2,362.71,2
14122,406.0,3,362.42,2
16052,54.0,1,362.06,2
16259,410.0,3,361.94,2
13844,11.0,1,361.62,2
16305,138.0,1,361.21999999999997,2
13274,409.0,1,360.85,2
18091,593.0,1,360.85,2
17945,696.0,3,360.35,2
18208,565.0,1,360.08,2
13298,1.0,1,360.0,2
15008,480.0,2,360.0,2
13181,381.0,1,359.69,2
17660,141.0,2,359.47,2
14926,381.0,2,359.4,2
14919,539.0,1,359.35,2
15120,133.0,1,358.82,2
15863,25.0,5,358.7,2
18003,376.0,1,358.61,2
17948,147.0,1,358.56000000000006,2
16856,14.0,3,358.49,2
17748,527.0,1,358.15,2
13228,81.0,1,358.0,2
16274,373.0,1,357.95,2
16606,404.0,2,357.66,2
15595,487.0,1,357.6,2
12495,640.0,1,357.4,2
16971,38.0,1,357.21,2
18040,19.0,2,357.2,2
18273,2.0,4,357.0,2
13234,672.0,2,356.95,2
14500,88.0,3,356.85,2
17200,387.0,4,356.71000000000004,2
15840,58.0,2,355.56,2
12617,29.0,1,355.53,2
12996,375.0,1,355.5,2
16920,411.0,1,355.45,2
14268,470.0,1,354.85,2
15986,30.0,2,354.42,2
12888,214.0,2,354.12,2
12845,267.0,4,354.09,2
12715,106.0,1,353.86,2
17252,116.0,2,353.86,2
16323,196.0,2,353.66,2
13210,93.0,1,353.48,2
13343,177.0,1,353.43,2
14804,8.0,1,353.27,2
17976,372.0,1,353.19,2
16382,408.0,2,353.1,2
16690,72.0,4,353.03,2
17780,667.0,3,352.91,2
17196,427.0,1,352.9,2
13765,653.0,1,352.821,2
16857,442.0,1,352.8,2
15334,156.0,3,351.67,2
12566,86.0,1,351.65,2
16192,735.0,1,351.3,2
13923,53.0,1,351.13,2
16263,423.0,1,351.01,2
14252,381.0,1,350.99,2
13332,14.0,1,350.9,2
13281,439.0,1,350.85,2
17835,2.0,3,350.64,2
17795,179.0,2,350.39,2
16476,431.0,1,350.35,2
12532,30.0,1,349.83000000000004,2
13670,75.0,1,349.7,2
13887,204.0,1,349.55,2
13550,383.0,1,349.51,2
18090,421.0,1,349.4,2
18250,310.0,1,349.27,2
14545,674.0,1,349.25,2
13790,4.0,1,348.8,2
17577,645.0,2,348.75,2
15282,570.0,1,348.59,2
12760,455.0,1,347.8,2
17668,1.0,2,347.75,2
15085,729.0,1,347.54,2
16006,211.0,2,347.17,2
13062,191.0,1,346.98,2
12411,409.0,1,346.9,2
16423,24.0,1,346.12,2
15781,25.0,3,345.46,2
14724,590.0,1,345.25,2
13774,81.0,1,345.0,2
14633,266.0,1,344.90000000000003,2
18199,683.0,1,344.75,2
15519,383.0,2,344.61,2
17569,332.0,1,344.14,1
13068,10.0,2,344.0,1
16990,218.0,2,344.0,1
15047,269.0,1,343.62,1
15520,1.0,1,343.5,1
18081,36.0,3,343.45,1
15880,369.0,1,343.28,1
13519,78.0,2,343.21000000000004,1
18047,381.0,2,342.69,1
16851,4.0,3,342.45,1
14989,661.0,1,342.4,1
17833,723.0,1,342.36,1
16826,51.0,1,341.7,1
17542,269.0,3,341.7,1
16585,593.0,2,341.59,1
13347,70.0,1,341.36,1
17917,45.0,3,341.28,1
17928,45.0,3,341.24,1
14491,175.0,2,340.93,1
16044,435.0,1,340.84,1
15818,588.0,1,340.5,1
12900,422.0,1,340.33,1
12698,590.0,1,339.75,1
13737,200.0,1,339.59999999999997,1
14203,397.0,1,339.34,1
17697,236.0,1,338.95,1
17839,42.0,1,338.8,1
14630,484.0,1,338.65,1
17776,386.0,2,338.56,1
14799,51.0,2,338.15,1
17296,730.0,1,338.13,1
12869,681.0,1,337.67,1
15942,133.0,1,337.44,1
12780,598.0,1,337.4,1
13930,57.0,2,337.34,1
17973,51.0,1,337.04,1
17488,641.0,1,336.5,1
17914,3.0,1,336.43,1
15619,10.0,1,336.40000000000003,1
13482,232.0,2,336.09,1
16273,648.0,2,336.04,1
14196,106.0,1,335.52,1
16063,260.0,1,335.32,1
14094,439.0,1,335.22,1
12489,336.0,1,334.93,1
17821,406.0,1,334.62,1
12350,310.0,1,334.4,1
17607,376.0,1,333.81,1
13216,267.0,1,333.74,1
14241,183.0,2,333.7,1
14957,253.0,2,333.29,1
16234,476.0,3,333.18,1
14137,695.0,1,332.7,1
13904,37.0,2,332.64,1
16850,333.0,1,332.41,1
16803,65.0,1,332.3,1
16452,630.0,2,332.17,1
17647,65.0,3,331.65999999999997,1
15512,155.0,4,331.58,1
17435,411.0,1,331.35,1
16030,309.0,1,331.24,1
13981,415.0,1,331.14,1
16478,25.0,3,331.0,1
15878,561.0,2,330.77,1
17309,95.0,3,330.59000000000003,1
14517,33.0,2,330.45,1
17301,21.0,2,330.43,1
12807,383.0,1,330.34999999999997,1
13010,374.0,2,330.12,1
15130,169.0,1,330.11,1
12850,445.0,1,330.0,1
18186,722.0,1,329.58,1
17518,425.0,2,329.42,1
16436,668.0,3,329.34,1
17154,75.0,1,329.34,1
15153,31.0,1,329.25,1
15979,602.0,1,329.21999999999997,1
16286,477.0,2,328.95,1
14012,277.0,1,328.8,1
16855,23.0,2,328.4,1
15213,318.0,2,328.35,1
14747,249.0,1,328.2,1
16318,35.0,1,328.15,1
15709,283.0,2,327.85,1
15735,421.0,1,327.68,1
13498,730.0,1,327.38,1
12804,465.0,2,327.02,1
16322,1.0,2,326.75,1
12460,456.0,1,326.65,1
14070,684.0,1,326.55,1
13646,399.0,2,326.25,1
17843,303.0,2,326.23,1
17439,655.0,1,325.74,1
13661,603.0,1,325.24,1
15670,296.0,2,325.2,1
13801,66.0,1,324.8,1
15982,605.0,1,324.51,1
12946,436.0,1,324.45,1
16685,61.0,2,324.24,1
18261,43.0,2,324.24,1
13834,576.0,2,324.19,1
15869,277.0,3,323.66,1
17440,156.0,4,323.58,1
13025,731.0,1,323.39,1
16195,723.0,1,323.25,1
17793,25.0,1,323.04,1
14263,423.0,1,322.93,1
16627,79.0,1,322.8,1
14832,630.0,1,322.69,1
16342,75.0,4,322.41,1
14424,17.0,1,322.08,1
17326,408.0,2,321.95,1
15726,390.0,1,321.91,1
13111,718.0,1,321.88,1
17471,474.0,1,321.65000000000003,1
15770,612.0,1,321.45,1
14823,180.0,3,321.43,1
17182,422.0,2,321.3,1
15236,298.0,1,321.05,1
15432,23.0,2,320.76,1
18117,25.0,1,320.72,1
14622,184.0,1,320.58000000000004,1
17991,225.0,3,320.55,1
13986,17.0,1,320.46,1
16683,533.0,1,320.25,1
13942,534.0,1,320.0,1
13843,381.0,1,319.75,1
16674,54.0,2,319.61,1
16967,189.0,1,319.02,1
17229,96.0,2,318.76,1
15682,599.0,2,318.24,1
14703,14.0,1,318.17,1
18253,642.0,1,317.88,1
17267,127.0,2,317.62,1
15616,438.0,1,317.11,1
17689,388.0,2,317.08,1
16761,96.0,1,316.62,1
15204,357.0,1,316.58,1
12529,528.0,1,316.48,1
13494,311.0,1,316.26000000000005,1
15196,432.0,2,316.25,1
17408,163.0,3,316.09000000000003,1
12614,277.0,1,315.6,1
15042,199.0,2,315.45,1
16091,154.0,2,315.06,1
17121,402.0,1,314.74,1
14991,430.0,1,314.67,1
18206,553.0,1,314.65999999999997,1
13660,400.0,1,314.59,1
12650,3.0,1,314.44,1
18070,669.0,1,314.1,1
15873,499.0,4,313.92,1
13087,726.0,1,313.64,1
16582,113.0,1,313.62,1
12665,324.0,3,313.6,1
17882,379.0,2,313.46,1
13845,64.0,1,312.98,1
15162,731.0,1,312.9,1
13905,732.0,1,312.65000000000003,1
15318,3.0,1,312.62,1
13226,273.0,2,312.46,1
12834,282.0,1,312.38,1
14951,79.0,1,311.69,1
12852,294.0,1,311.55,1
13990,213.0,1,311.3,1
12898,463.0,2,310.96000000000004,1
15724,201.0,3,310.85,1
13400,582.0,1,310.83,1
16328,563.0,1,310.83,1
13847,719.0,1,310.72,1
16439,722.0,1,310.70000000000005,1
15185,70.0,1,310.62,1
14848,404.0,1,310.56,1
14181,410.0,2,310.55,1
15308,274.0,1,310.47,1
15188,725.0,1,310.43,1
13315,689.0,1,310.26,1
14749,479.0,1,310.15,1
13628,676.0,1,310.14000000000004,1
17383,4.0,2,309.99,1
17181,57.0,3,309.85,1
15699,17.0,1,309.65,1
16373,382.0,2,309.49,1
12884,88.0,1,309.05,1
15010,35.0,1,308.94,1
16956,17.0,1,308.74,1
16194,375.0,1,308.59999999999997,1
13369,365.0,1,308.28000000000003,1
14927,396.0,1,308.2,1
16524,446.0,2,308.14,1
15302,730.0,1,308.0,1
13289,723.0,1,307.95,1
15778,431.0,1,307.95,1
16123,51.0,1,307.78,1
13529,78.0,2,307.76,1
15454,362.0,2,307.69,1
14777,403.0,1,307.56,1
13060,253.0,1,307.53,1
17120,233.0,1,307.46,1
13932,294.0,1,307.4,1
15374,128.0,2,307.32,1
14783,659.0,1,307.3,1
17721,659.0,1,307.21,1
13036,684.0,1,307.1,1
13142,19.0,1,307.09,1
15087,281.0,1,306.94,1
17551,359.0,1,306.84,1
16649,520.0,1,306.58,1
13718,246.0,2,306.55,1
18059,23.0,3,306.46,1
17077,578.0,1,306.0,1
15135,239.0,2,305.68,1
16796,89.0,1,305.62,1
16181,73.0,1,305.54,1
14990,612.0,2,305.42,1
13383,543.0,1,305.28000000000003,1
15893,481.0,1,305.28000000000003,1
13667,149.0,1,305.02,1
15163,18.0,2,304.47,1
14043,491.0,2,304.25,1
16217,235.0,2,304.25,1
18185,249.0,1,304.25,1
17688,393.0,1,304.2,1
16489,380.0,2,303.7,1
14791,606.0,1,303.63,1
14806,75.0,2,303.43,1
17207,652.0,1,303.21999999999997,1
18255,89.0,2,303.15,1
15060,8.0,4,303.09,1
16425,302.0,1,302.7,1
18165,177.0,1,302.46000000000004,1
17339,94.0,3,302.36,1
17506,75.0,1,302.2,1
15054,12.0,2,302.1,1
15242,422.0,1,302.04,1
16297,268.0,1,301.9,1
13773,396.0,2,301.54,1
15667,39.0,1,301.32,1
15148,10.0,1,301.29,1
13625,596.0,1,301.26,1
16437,381.0,2,301.25,1
12351,375.0,1,300.93,1
16479,10.0,2,300.83,1
16050,173.0,3,300.7,1
17556,205.0,2,300.67,1
14797,507.0,1,300.31,1
17766,381.0,2,299.61,1
16402,264.0,2,299.6,1
12864,138.0,2,299.57,1
13346,462.0,6,299.4,1
17898,85.0,4,299.18,1
12595,504.0,1,299.02,1
17124,185.0,1,298.89,1
15609,184.0,1,298.48,1
17824,51.0,1,298.4,1
12881,275.0,1,298.0,1
18018,108.0,4,297.99,1
16583,373.0,2,297.95,1
14835,528.0,2,297.0,1
13708,271.0,1,296.88,1
14985,198.0,2,296.75,1
17627,478.0,1,296.36,1
13751,288.0,1,296.25,1
13504,64.0,1,295.93,1
15962,449.0,1,295.83,1
14269,439.0,1,295.73,1
14614,386.0,1,295.13,1
16252,382.0,1,295.09,1
16579,425.0,1,295.05,1
17057,596.0,1,294.74,1
15041,170.0,2,294.02,1
17927,721.0,1,294.0,1
15718,540.0,1,293.79,1
14192,388.0,1,293.74,1
15928,656.0,1,293.53,1
17710,423.0,1,293.5,1
17441,732.0,1,293.35,1
15545,54.0,2,292.72,1
16721,262.0,1,292.47,1
16543,591.0,1,292.21,1
13739,18.0,2,292.2,1
13449,23.0,1,291.88,1
17907,640.0,1,291.76,1
16615,626.0,1,291.5,1
18182,463.0,1,291.13,1
15391,584.0,1,289.87,1
16897,299.0,2,289.78000000000003,1
13796,499.0,1,289.7,1
14433,465.0,1,289.6,1
14162,173.0,2,289.36,1
17501,220.0,2,288.6,1
16808,99.0,2,288.42,1
13616,568.0,2,288.1,1
16432,64.0,1,287.4,1
17497,390.0,2,287.25,1
13508,243.0,2,287.05,1
13909,423.0,2,286.6,1
14183,411.0,2,286.29,1
14660,86.0,2,285.74,1
14402,652.0,1,285.6,1
17636,19.0,1,285.56,1
16890,476.0,3,285.41,1
12487,730.0,1,285.29999999999995,1
17355,386.0,1,285.11,1
16429,106.0,1,284.55,1
15445,264.0,2,284.5,1
17359,11.0,2,284.46,1
15354,603.0,3,284.4,1
12851,96.0,2,284.13,1
13121,269.0,1,283.73,1
15662,661.0,2,283.73,1
15338,677.0,1,283.43,1
15936,379.0,2,282.79,1
13511,676.0,1,282.76,1
12771,485.0,1,282.3,1
17247,15.0,1,282.19,1
17072,625.0,1,282.05,1
16557,24.0,2,281.85,1
13326,432.0,1,281.76,1
13679,493.0,3,281.26,1
18042,53.0,2,281.15,1
15772,418.0,1,280.88,1
13080,179.0,4,280.73,1
14242,234.0,2,280.55,1
13606,29.0,3,280.53999999999996,1
13581,309.0,2,280.53000000000003,1
15556,24.0,1,279.77,1
17264,424.0,1,279.59,1
17786,85.0,2,278.74,1
14764,46.0,1,278.3,1
14303,407.0,2,277.94,1
16334,492.0,1,277.48,1
15355,29.0,2,277.05,1
13272,31.0,2,276.56,1
12750,128.0,1,275.88,1
13399,464.0,3,275.4,1
16313,3.0,2,274.15000000000003,1
12789,65.0,3,273.35,1
13307,120.0,3,273.34,1
13861,429.0,2,273.26,1
15964,663.0,1,272.96000000000004,1
17498,75.0,1,272.22,1
13917,49.0,2,272.04,1
14816,197.0,1,271.85,1
17292,472.0,2,271.75,1
14436,98.0,2,271.7,1
16089,386.0,2,271.44,1
13058,24.0,3,271.40000000000003,1
15943,649.0,2,271.29,1
13837,211.0,2,271.24,1
17278,241.0,2,271.24,1
18238,515.0,1,270.92,1
13533,182.0,3,270.79,1
14520,1.0,2,270.6,1
16757,318.0,2,270.48,1
12558,7.0,1,269.96,1
18267,672.0,1,269.37,1
12751,444.0,1,268.27,1
18254,581.0,1,267.9,1
14039,33.0,2,267.28000000000003,1
15408,264.0,1,267.18,1
15503,362.0,2,267.15,1
15320,44.0,1,267.13,1
15517,233.0,1,267.03,1
15423,38.0,3,266.89,1
14863,29.0,1,266.76,1
16502,620.0,2,266.5,1
15119,245.0,1,266.40000000000003,1
14392,432.0,1,266.4,1
12962,7.0,2,266.39,1
15019,266.0,1,266.0,1
16074,390.0,1,265.25,1
13973,287.0,1,264.7,1
15894,253.0,2,263.55,1
13128,631.0,1,263.5,1
12892,396.0,1,263.38,1
17808,548.0,4,262.64,1
13331,401.0,1,262.4,1
14526,389.0,1,262.4,1
17910,726.0,1,261.7,1
12655,423.0,1,261.35,1
17385,14.0,1,261.11,1
13189,18.0,2,260.68,1
15014,43.0,2,260.17,1
17901,29.0,3,260.08,1
17022,31.0,2,260.0,1
16733,529.0,1,259.68,1
17125,50.0,1,259.35,1
13127,77.0,1,259.17,1
17558,393.0,1,259.17,1
17219,31.0,2,259.13,1
15536,409.0,1,259.09,1
16381,395.0,2,258.7,1
13683,457.0,1,258.6,1
13227,201.0,1,257.7,1
16542,53.0,2,257.32,1
15852,186.0,3,257.26,1
14483,281.0,2,257.1,1
15404,375.0,1,257.06,1
14166,505.0,2,256.85,1
14876,521.0,2,256.7,1
14274,686.0,1,256.6,1
12430,43.0,1,256.4,1
13806,63.0,1,256.38,1
17896,23.0,1,256.32,1
13250,460.0,2,256.04,1
16893,366.0,2,255.84,1
13825,621.0,2,255.59,1
14881,19.0,1,255.4,1
16911,635.0,2,255.25,1
12746,540.0,1,254.55,1
12604,79.0,2,254.18,1
17992,389.0,1,254.13,1
14765,29.0,3,254.11,1
17626,602.0,1,254.0,1
16845,618.0,1,253.88,1
17210,392.0,1,253.37,1
15035,89.0,1,252.73000000000002,1
13251,402.0,1,252.68,1
16908,722.0,1,252.59,1
15552,217.0,2,252.52,1
13404,1.0,2,252.48999999999998,1
13645,120.0,1,252.1,1
16453,530.0,2,251.71,1
16976,267.0,1,251.51999999999998,1
14501,183.0,2,251.21,1
18266,434.0,1,251.1,1
16962,409.0,1,251.04,1
15231,621.0,1,250.26,1
17303,361.0,1,250.04,1
15510,330.0,1,250.0,1
18002,375.0,4,249.92,1
18005,3.0,2,249.72,1
15884,432.0,2,249.70000000000002,1
12563,408.0,1,249.23999999999998,1
16508,630.0,1,248.8,1
13061,72.0,1,248.61,1
13592,35.0,4,247.96,1
15293,665.0,1,247.5,1
18072,185.0,1,247.44,1
13349,10.0,1,247.32,1
14658,5.0,2,247.15,1
14654,738.0,1,246.85999999999999,1
15697,689.0,1,246.75,1
13943,577.0,1,246.54,1
15378,462.0,2,246.5,1
15495,379.0,1,246.5,1
15783,10.0,1,246.3,1
18153,659.0,1,246.22,1
16778,74.0,2,245.94,1
14325,569.0,1,245.48000000000002,1
14281,408.0,1,245.15,1
12660,11.0,1,245.1,1
15118,134.0,1,244.8,1
16528,3.0,1,244.41,1
14694,617.0,1,244.31,1
13551,319.0,2,244.2,1
17892,56.0,3,244.1,1
17925,372.0,1,244.08,1
13676,539.0,2,243.9,1
16793,57.0,1,243.84,1
13886,71.0,1,243.56,1
15543,288.0,2,242.84,1
16215,80.0,1,242.35,1
17915,551.0,1,242.13,1
17009,551.0,1,242.06,1
13445,626.0,1,241.9,1
13582,389.0,2,241.68,1
13275,383.0,2,241.66,1
15776,133.0,1,241.62,1
14774,528.0,1,241.45,1
14523,108.0,1,241.09,1
16427,263.0,2,241.06,1
13674,432.0,1,240.68,1
15286,49.0,1,240.55,1
15336,401.0,1,240.5,1
15931,428.0,1,239.9,1
15690,4.0,2,239.76,1
17055,445.0,1,239.55,1
13570,243.0,1,239.49,1
13789,388.0,1,239.45999999999998,1
17684,43.0,1,239.41,1
12663,624.0,2,239.4,1
17981,410.0,1,239.12,1
12561,302.0,1,238.85,1
12718,71.0,1,238.25,1
16280,725.0,1,238.05,1
14982,572.0,1,237.78,1
17877,170.0,1,237.60999999999999,1
14458,380.0,1,237.42,1
14586,276.0,1,237.36,1
15457,262.0,1,237.07,1
16740,395.0,1,236.81,1
12732,179.0,1,236.26000000000002,1
13608,540.0,1,236.2,1
13088,417.0,1,236.11,1
16026,43.0,1,236.09,1
17093,592.0,1,235.88,1
17872,381.0,1,235.87,1
16046,562.0,1,235.78,1
17993,617.0,1,235.19,1
12392,591.0,1,234.75000000000003,1
17868,386.0,1,234.65,1
13114,730.0,1,234.38,1
14473,74.0,2,234.34,1
17060,266.0,1,234.24,1
17967,371.0,2,234.22,1
12736,332.0,1,234.0,1
13009,672.0,1,234.0,1
13348,64.0,1,233.76,1
14153,483.0,1,233.4,1
15294,410.0,1,233.35,1
13129,452.0,2,233.25,1
14995,38.0,2,233.23000000000002,1
16302,126.0,1,233.22,1
15451,434.0,2,233.21,1
13678,151.0,1,232.6,1
18213,236.0,1,232.48000000000002,1
16408,591.0,1,231.93,1
17151,735.0,1,231.90000000000003,1
13619,544.0,2,231.69,1
17136,662.0,1,231.68,1
18279,519.0,1,231.33999999999997,1
15487,679.0,1,231.32,1
15001,394.0,2,230.85999999999999,1
18030,4.0,2,230.64999999999998,1
15866,101.0,1,230.53,1
17261,509.0,1,230.44,1
13960,21.0,2,230.22,1
18197,575.0,1,230.1,1
14069,514.0,2,230.06,1
14314,106.0,2,229.8,1
14017,571.0,1,229.75,1
12812,44.0,1,229.64000000000001,1
13403,17.0,3,229.5,1
14596,626.0,1,229.47,1
17185,591.0,3,229.46,1
15528,254.0,1,229.33,1
17743,448.0,1,229.2,1
15273,599.0,1,228.96,1
17347,86.0,1,228.96,1
13146,26.0,1,228.91,1
17989,379.0,1,228.82999999999998,1
17066,726.0,1,228.34,1
16760,430.0,1,228.0,1
15566,392.0,2,227.87,1
14363,402.0,2,227.47000000000003,1
18021,509.0,2,227.06,1
18132,504.0,1,226.9,1
13651,35.0,3,226.85,1
16540,414.0,1,226.70000000000002,1
14718,410.0,1,226.42,1
16666,19.0,2,225.94,1
14357,43.0,1,225.77,1
16622,543.0,1,225.4,1
16587,232.0,1,225.15,1
16346,385.0,1,224.51,1
15175,71.0,1,224.14,1
12914,400.0,1,223.98,1
16753,58.0,1,223.92000000000002,1
14928,627.0,1,223.91000000000003,1
16562,476.0,1,223.85999999999999,1
13926,23.0,1,223.85000000000002,1
18131,631.0,1,222.95999999999998,1
12887,383.0,1,222.4,1
15897,194.0,2,222.05,1
15788,508.0,1,221.83,1
14445,455.0,1,221.65,1
17087,737.0,1,221.53,1
14960,8.0,2,221.27,1
13419,63.0,1,221.06,1
15790,10.0,1,220.85,1
12821,214.0,2,220.8,1
16482,15.0,1,220.62,1
13033,357.0,2,220.55,1
18007,392.0,1,220.32,1
18114,290.0,1,220.1,1
13454,641.0,1,219.87,1
13992,30.0,3,219.5,1
14074,623.0,1,219.4,1
15096,42.0,1,219.39000000000001,1
12799,529.0,1,219.35,1
14271,225.0,2,219.13,1
12702,19.0,1,219.0,1
15086,564.0,2,218.53,1
17619,312.0,1,218.52,1
12574,315.0,1,218.45000000000002,1
17217,234.0,2,218.0,1
15591,582.0,3,217.9,1
16874,379.0,1,217.74,1
16035,560.0,1,217.73,1
15490,430.0,1,217.6,1
13271,37.0,1,217.38,1
15295,654.0,1,217.23999999999998,1
15554,277.0,1,217.2,1
13423,428.0,1,217.03,1
15401,452.0,2,216.95000000000002,1
15460,354.0,1,216.76,1
17902,546.0,1,216.4,1
15604,52.0,1,216.39,1
13858,57.0,1,216.17,1
16179,60.0,1,215.83,1
15052,319.0,1,215.78,1
14476,257.0,1,215.7,1
16189,15.0,2,215.48,1
14376,683.0,1,215.46,1
18157,571.0,1,215.35,1
14635,453.0,1,215.22,1
16338,157.0,1,214.8,1
14106,737.0,1,214.79999999999998,1
14361,578.0,1,214.71,1
15558,639.0,1,214.13,1
14601,10.0,1,213.96,1
13621,116.0,1,213.85,1
17153,24.0,1,213.78,1
13411,107.0,1,213.55,1
16591,68.0,1,213.5,1
13724,637.0,1,213.01,1
13691,396.0,1,212.78,1
12961,379.0,1,211.99,1
12470,689.0,1,211.95,1
14843,436.0,1,211.79999999999998,1
15703,264.0,1,211.5,1
12995,85.0,1,211.32,1
14992,442.0,1,210.5,1
17271,736.0,1,210.39000000000001,1
13532,33.0,1,210.31,1
17484,576.0,2,209.57,1
13828,22.0,1,209.49,1
13056,551.0,1,209.48,1
14003,732.0,1,209.41,1
15112,611.0,1,209.4,1
16487,577.0,2,209.4,1
17855,372.0,1,208.97,1
15327,52.0,1,208.75,1
13290,438.0,1,208.63,1
15741,458.0,2,208.62,1
16914,36.0,1,208.46,1
16457,218.0,1,208.36,1
15212,241.0,2,208.27999999999997,1
12848,675.0,1,208.0,1
16964,733.0,2,207.85,1
16866,140.0,3,207.73999999999998,1
16752,372.0,1,207.5,1
13099,99.0,1,207.35999999999999,1
15925,194.0,1,207.15,1
15820,319.0,1,206.98,1
18126,60.0,1,206.83,1
17166,38.0,2,206.34,1
14964,247.0,1,206.21,1
14519,683.0,2,206.09,1
15914,378.0,2,205.99,1
16090,624.0,1,205.91,1
14278,409.0,1,205.83,1
17670,227.0,1,205.7,1
16490,436.0,1,205.41000000000003,1
14602,656.0,1,205.35999999999999,1
15307,95.0,1,205.3,1
12400,414.0,1,205.25,1
15758,24.0,1,205.25,1
17112,502.0,1,205.17,1
15319,283.0,1,204.5,1
16901,729.0,1,204.26,1
14468,733.0,1,204.24,1
17206,53.0,1,204.24,1
13017,7.0,1,204.0,1
17394,219.0,1,203.86999999999998,1
17891,162.0,1,203.85999999999999,1
15020,379.0,1,203.42000000000002,1
17074,562.0,1,203.05,1
15459,417.0,2,202.83,1
18169,60.0,1,202.65,1
12416,656.0,1,202.56,1
14892,690.0,1,202.35000000000002,1
14385,9.0,3,202.11,1
16937,499.0,1,202.1,1
13284,330.0,1,201.19,1
16965,226.0,1,201.19,1
18281,180.0,2,201.14,1
13556,429.0,2,200.82,1
14330,623.0,1,200.63,1
17693,137.0,1,200.47,1
13133,273.0,3,200.45000000000002,1
13944,653.0,1,200.43,1
14782,319.0,1,200.10000000000002,1
15593,70.0,1,199.8,1
13322,17.0,1,199.48000000000002,1
14521,491.0,1,199.45000000000002,1
17184,569.0,2,198.41000000000003,1
12581,39.0,1,197.71,1
17778,661.0,1,197.70000000000002,1
14185,331.0,1,197.65,1
14789,28.0,1,197.64000000000001,1
12927,394.0,1,197.31,1
14830,53.0,1,197.13,1
15234,276.0,1,197.0,1
13436,1.0,1,196.89,1
15746,134.0,1,196.88,1
13978,14.0,2,196.79000000000002,1
16112,143.0,4,195.74,1
13757,674.0,1,195.55,1
17010,18.0,1,195.36,1
14666,24.0,1,195.25,1
15612,36.0,2,195.15,1
14405,386.0,1,195.0,1
13671,394.0,1,194.95,1
14100,137.0,1,194.9,1
17468,10.0,3,194.8,1
17065,637.0,2,194.7,1
17475,79.0,1,194.37,1
16299,477.0,1,193.65,1
16695,561.0,2,193.15,1
14801,61.0,1,193.14,1
13568,173.0,1,192.85,1
17257,436.0,2,192.73,1
12522,39.0,2,192.72,1
14768,17.0,2,192.60000000000002,1
15729,212.0,3,192.55,1
18028,583.0,1,192.05,1
15909,173.0,1,191.93999999999997,1
14279,520.0,2,191.86,1
17904,21.0,1,191.67,1
15692,28.0,1,191.04,1
15954,589.0,1,190.75,1
14728,413.0,1,190.58,1
15688,418.0,1,190.57,1
15412,171.0,1,190.53,1
18020,543.0,1,190.48,1
14617,402.0,2,190.47,1
13766,495.0,1,190.35,1
13972,70.0,2,190.25,1
17885,12.0,1,190.19,1
18046,649.0,1,189.63,1
13826,176.0,1,189.5,1
13387,417.0,1,189.44,1
18045,45.0,1,189.4,1
16673,679.0,1,188.83,1
16277,733.0,1,188.69,1
14697,218.0,2,188.60999999999999,1
17283,378.0,1,188.46,1
16051,681.0,1,188.44,1
13063,480.0,1,188.4,1
12893,30.0,1,188.14,1
17781,159.0,2,188.02,1
14131,648.0,1,187.87,1
17279,57.0,1,187.83,1
15072,479.0,1,187.51999999999998,1
13852,610.0,1,187.35000000000002,1
18013,155.0,2,187.29,1
16267,591.0,1,186.66,1
18063,390.0,2,186.60000000000002,1
17215,464.0,1,186.15,1
16388,653.0,1,186.05,1
15567,18.0,1,186.01,1
12641,115.0,1,185.9,1
14812,598.0,1,185.8,1
17840,443.0,1,185.72,1
17574,242.0,1,185.65,1
16559,397.0,1,185.20000000000002,1
14879,684.0,1,185.06,1
16097,240.0,1,185.04999999999998,1
14677,592.0,1,184.91,1
17803,392.0,1,184.66,1
14059,266.0,1,183.6,1
17820,374.0,1,183.56,1
13460,29.0,2,183.44,1
14119,375.0,2,183.37,1
14983,689.0,1,183.20000000000002,1
17798,581.0,1,183.09,1
16819,465.0,2,182.59,1
14941,578.0,1,182.1,1
17587,628.0,1,181.66,1
12934,736.0,1,181.65,1
16822,686.0,1,181.39,1
15359,662.0,8,181.35,1
18119,367.0,1,181.12,1
16594,75.0,1,181.09,1
15292,201.0,1,180.94,1
14858,505.0,1,180.75,1
12622,232.0,1,180.1,1
18234,551.0,1,179.6,1
14945,413.0,1,179.4,1
16640,397.0,1,179.4,1
18147,45.0,2,179.34,1
15895,149.0,1,179.17,1
14705,198.0,1,179.0,1
15209,730.0,1,178.98000000000002,1
15139,239.0,2,178.96,1
16691,418.0,2,178.83,1
17170,374.0,2,178.68,1
17879,173.0,1,178.51999999999998,1
17253,18.0,1,178.26,1
18282,7.0,2,178.05,1
12858,383.0,1,177.92,1
16403,312.0,1,177.5,1
13618,173.0,1,177.34,1
12618,21.0,1,177.31,1
13072,266.0,1,177.15,1
16285,646.0,1,176.9,1
17036,383.0,1,176.9,1
13746,413.0,1,176.69,1
17947,37.0,1,176.68,1
14287,8.0,3,176.63,1
12509,284.0,1,176.5,1
18054,392.0,1,176.5,1
18175,675.0,1,176.1,1
18274,30.0,1,175.92,1
17026,185.0,3,175.82999999999998,1
13547,408.0,1,175.53,1
14486,511.0,2,175.5,1
18166,623.0,1,175.5,1
13007,579.0,1,175.25,1
16144,246.0,1,175.2,1
17331,123.0,1,175.2,1
17108,663.0,1,174.95,1
14495,50.0,3,174.8,1
18010,256.0,1,174.8,1
13560,7.0,1,174.37,1
14518,64.0,1,174.37,1
16731,648.0,1,174.05,1
15335,53.0,1,173.97,1
15684,547.0,3,173.95,1
14674,509.0,1,173.66,1
12441,366.0,1,173.55,1
15565,50.0,2,173.16,1
16741,625.0,1,173.06,1
16599,385.0,1,172.8,1
13195,414.0,1,172.38,1
13690,59.0,1,172.25,1
12442,3.0,1,172.06,1
15515,387.0,1,171.81,1
14536,259.0,1,171.8,1
17983,395.0,1,171.71,1
17575,667.0,1,171.7,1
16312,432.0,1,171.15,1
15403,491.0,2,170.88,1
14811,387.0,1,170.5,1
15256,148.0,2,170.4,1
17922,543.0,1,170.4,1
14860,19.0,1,170.32,1
13747,373.0,2,169.79999999999998,1
14218,42.0,1,169.48000000000002,1
18004,362.0,1,169.47,1
16002,625.0,1,169.21,1
15647,415.0,1,169.0,1
12367,4.0,1,168.9,1
12768,450.0,1,168.69000000000003,1
14578,3.0,1,168.63,1
18269,366.0,1,168.6,1
17367,238.0,1,168.4,1
18099,127.0,1,168.31,1
17737,9.0,2,168.24,1
12551,357.0,1,168.0,1
18088,61.0,1,167.67000000000002,1
17559,512.0,1,167.62,1
18037,154.0,15,167.42,1
17586,619.0,1,167.4,1
13609,593.0,1,167.35,1
16405,302.0,2,167.25,1
15166,467.0,1,167.16,1
18107,442.0,1,167.13,1
17875,688.0,1,167.1,1
15509,380.0,1,166.51,1
18014,28.0,1,166.42,1
13967,145.0,2,166.3,1
17650,21.0,1,166.08,1
14485,38.0,1,165.75,1
13903,400.0,1,165.45000000000002,1
13470,99.0,2,165.0,1
15316,326.0,1,165.0,1
16663,729.0,1,165.0,1
13191,658.0,1,164.69,1
15904,8.0,1,164.68,1
17535,280.0,1,164.4,1
13603,26.0,1,164.34,1
17318,725.0,1,164.28,1
17417,548.0,1,164.18,1
14516,516.0,1,163.92,1
16662,394.0,1,163.8,1
18200,106.0,1,163.8,1
14955,732.0,1,163.77,1
14354,5.0,2,163.62,1
15474,595.0,1,163.1,1
16517,277.0,1,162.7,1
18174,7.0,2,162.5,1
12954,638.0,1,162.45,1
15733,282.0,1,162.3,1
15534,725.0,1,162.25,1
16443,520.0,1,162.24,1
12661,436.0,1,162.0,1
17971,548.0,1,161.94,1
17600,17.0,1,161.67000000000002,1
14571,425.0,1,161.65,1
15499,723.0,1,161.6,1
16113,183.0,1,161.38,1
13714,465.0,1,161.35,1
14362,22.0,1,161.2,1
13779,515.0,1,161.13,1
13701,446.0,1,161.0,1
14089,56.0,1,161.0,1
13229,225.0,1,160.95,1
17953,540.0,1,160.82,1
17605,590.0,1,160.75,1
17202,420.0,1,160.65,1
17487,728.0,1,160.55,1
15229,586.0,1,160.5,1
14814,581.0,1,160.46,1
16645,735.0,1,160.39,1
18146,140.0,2,160.35000000000002,1
12966,9.0,1,160.18,1
13420,149.0,2,159.85,1
13302,155.0,2,159.2,1
16213,78.0,1,159.0,1
18224,263.0,1,158.95000000000002,1
13125,523.0,1,158.57,1
15548,595.0,1,158.09,1
15348,72.0,1,158.04,1
14318,460.0,1,158.02,1
17751,421.0,1,157.86,1
14207,687.0,1,157.8,1
14822,485.0,1,157.70000000000002,1
16687,390.0,1,157.63,1
12894,575.0,1,157.35,1
16371,448.0,1,157.20000000000002,1
17128,334.0,1,157.09,1
17118,317.0,1,157.02,1
15007,159.0,1,156.91,1
15742,619.0,1,156.87,1
13830,581.0,1,156.85000000000002,1
14406,119.0,1,156.75,1
16578,626.0,1,156.6,1
15438,131.0,1,156.58,1
15263,106.0,1,156.51,1
13051,578.0,2,155.8,1
17899,159.0,1,155.79999999999998,1
17832,49.0,1,155.37,1
12738,372.0,1,155.35,1
14368,319.0,1,155.0,1
14046,284.0,1,154.99,1
17698,260.0,1,154.95,1
15740,49.0,1,154.88,1
15226,310.0,1,154.41,1
13490,654.0,1,154.25,1
17517,308.0,1,153.94,1
15560,397.0,2,153.52,1
15431,502.0,1,153.24,1
12602,58.0,1,153.12,1
16248,61.0,1,152.94,1
16507,572.0,1,152.76,1
18138,295.0,1,152.65,1
14066,266.0,1,152.55,1
17327,409.0,2,152.35,1
13653,487.0,1,152.2,1
16617,235.0,1,151.85,1
18076,380.0,1,151.49,1
13697,38.0,1,151.29999999999998,1
16337,36.0,1,151.05,1
14073,32.0,1,151.04,1
12959,484.0,1,150.95,1
14980,737.0,1,150.68,1
15991,534.0,1,150.54999999999998,1
14084,512.0,1,150.5,1
15775,245.0,2,150.5,1
14845,599.0,1,150.0,1
17234,182.0,1,149.89,1
13257,436.0,1,149.75,1
17946,233.0,2,149.57999999999998,1
18038,556.0,1,149.41,1
17390,420.0,1,149.3,1
15435,22.0,1,149.29,1
13003,105.0,3,149.05,1
17549,23.0,2,148.86,1
15526,33.0,2,148.44,1
15283,390.0,3,148.33,1
17592,738.0,1,148.3,1
13457,688.0,2,148.22,1
17859,304.0,1,148.21,1
13578,409.0,1,147.66,1
15479,733.0,1,147.4,1
14098,36.0,1,147.35,1
16724,404.0,1,147.35,1
17794,686.0,2,147.3,1
17030,63.0,1,146.87,1
14683,588.0,1,146.56,1
15496,631.0,1,146.14000000000001,1
18137,551.0,2,145.99,1
12565,288.0,1,145.92,1
13866,74.0,1,145.67000000000002,1
15937,64.0,1,145.35,1
17199,582.0,1,145.12,1
14972,128.0,2,145.07,1
16598,285.0,1,145.04999999999998,1
15902,380.0,1,145.01,1
16852,10.0,2,144.91,1
17938,420.0,1,144.29,1
14109,72.0,1,144.2,1
15816,542.0,2,144.14999999999998,1
12587,7.0,1,144.0,1
17186,46.0,2,144.0,1
12387,415.0,1,143.94,1
14604,633.0,1,143.85999999999999,1
14574,732.0,1,143.70000000000002,1
17149,451.0,1,143.10000000000002,1
15705,201.0,1,143.1,1
15761,442.0,1,143.04999999999998,1
14386,296.0,1,142.4,1
14041,266.0,1,141.41,1
17273,424.0,1,141.12,1
12636,738.0,1,141.0,1
17959,592.0,1,140.75,1
14773,592.0,1,140.55,1
15388,270.0,1,140.54,1
15702,476.0,2,140.39,1
13483,65.0,1,140.34,1
15324,701.0,1,140.22000000000003,1
13839,486.0,1,139.95000000000002,1
15848,621.0,1,139.94,1
16840,603.0,2,139.85,1
16483,192.0,1,139.35,1
14772,112.0,1,139.26,1
14707,435.0,2,139.2,1
18209,28.0,1,139.10000000000002,1
13273,113.0,1,138.98,1
12902,264.0,1,138.68,1
13716,269.0,1,138.28,1
17982,680.0,1,138.18,1
15663,106.0,1,138.14,1
12512,66.0,2,138.03,1
16396,476.0,1,137.8,1
13279,78.0,1,137.75,1
15836,50.0,1,137.37,1
13907,691.0,1,136.8,1
16237,437.0,1,136.65,1
16289,462.0,1,136.31,1
16651,586.0,1,136.2,1
17972,241.0,1,136.04,1
16876,403.0,1,136.01,1
14366,525.0,1,136.0,1
16462,73.0,3,136.0,1
12968,112.0,1,135.95,1
17583,560.0,1,135.95,1
14889,336.0,1,135.9,1
15419,24.0,1,135.85999999999999,1
16114,170.0,1,135.75000000000003,1
14391,576.0,1,135.6,1
13076,457.0,1,135.4,1
16665,362.0,1,135.4,1
14588,578.0,1,135.39,1
13144,332.0,2,135.35,1
13702,445.0,1,135.18,1
17960,171.0,3,135.08,1
13364,71.0,1,134.96,1
13119,668.0,1,134.9,1
16055,220.0,1,134.8,1
14340,218.0,1,134.7,1
17826,374.0,1,134.59,1
14174,33.0,1,134.46,1
15926,542.0,1,134.44,1
16486,537.0,1,134.36,1
14280,196.0,1,134.04,1
16886,456.0,1,134.0,1
14349,10.0,1,133.5,1
15056,520.0,1,133.45,1
17881,304.0,1,133.35,1
12467,423.0,1,132.8,1
17909,737.0,1,132.55,1
12964,437.0,1,132.24,1
14444,456.0,1,132.04,1
14438,306.0,1,131.9,1
17565,586.0,1,131.83,1
17297,17.0,1,131.78,1
17455,203.0,1,131.7,1
13586,541.0,1,131.53,1
14795,166.0,1,131.45000000000002,1
14378,621.0,1,131.25,1
15409,721.0,1,131.25,1
17225,581.0,1,131.15,1
16865,401.0,1,130.95,1
15844,46.0,1,130.73999999999998,1
17240,596.0,1,130.6,1
16410,734.0,1,130.32,1
17818,737.0,1,130.18,1
16288,470.0,1,129.85,1
15317,677.0,1,129.75,1
17762,456.0,1,129.75,1
17847,515.0,2,129.69,1
14999,592.0,1,129.48,1
12555,682.0,1,129.23,1
13071,612.0,1,129.22,1
17056,738.0,1,128.6,1
16828,93.0,2,128.5,1
17089,386.0,1,128.45,1
16251,512.0,1,128.31,1
15892,669.0,1,128.2,1
13666,60.0,5,127.89999999999999,1
16397,628.0,1,127.88,1
13053,621.0,1,127.64999999999999,1
15578,162.0,1,127.10000000000001,1
15923,372.0,1,127.08,1
16973,386.0,1,127.0,1
14751,684.0,2,126.45,1
15463,29.0,1,126.14,1
16294,476.0,1,126.05000000000001,1
13794,546.0,1,126.03,1
17657,430.0,1,126.0,1
12814,101.0,1,125.92,1
13522,30.0,1,125.80000000000001,1
16925,540.0,1,125.65,1
15017,33.0,1,125.58,1
15731,553.0,1,125.3,1
13912,423.0,1,124.95,1
17148,51.0,1,124.88,1
13312,451.0,1,124.75,1
14726,654.0,1,124.75,1
16849,186.0,1,124.57,1
17541,509.0,1,124.46,1
17316,420.0,1,124.45,1
12773,564.0,1,124.25,1
18000,564.0,1,124.25,1
15779,463.0,2,124.08000000000001,1
13968,423.0,1,123.66,1
14187,473.0,1,123.5,1
15927,647.0,1,123.39,1
16068,593.0,1,122.93,1
13876,63.0,1,122.7,1
13638,15.0,1,122.64,1
14165,275.0,1,122.53999999999999,1
14076,129.0,1,122.47,1
12969,602.0,1,122.45,1
13084,491.0,1,122.39999999999999,1
16073,297.0,1,122.39999999999999,1
13244,92.0,1,121.74,1
13182,45.0,1,121.18,1
15049,273.0,1,121.17,1
17260,411.0,1,120.95,1
17446,176.0,2,120.9,1
14884,669.0,1,120.6,1
17543,549.0,1,120.05,1
18015,4.0,1,120.03,1
14259,141.0,1,120.0,1
14453,190.0,1,119.93,1
15161,388.0,1,119.92,1
17177,505.0,1,119.5,1
15843,303.0,1,118.95000000000002,1
17280,438.0,1,118.86,1
17079,78.0,1,118.80000000000001,1
14155,266.0,1,118.75,1
13193,61.0,1,117.88,1
12929,311.0,1,117.85,1
16291,682.0,1,117.72,1
17654,277.0,1,117.55,1
16959,87.0,1,117.35000000000001,1
17117,288.0,1,116.19999999999999,1
14874,535.0,1,116.18,1
13170,26.0,1,116.00999999999999,1
14143,133.0,1,115.8,1
14721,379.0,1,115.77,1
13241,411.0,1,115.58,1
17208,395.0,1,115.35,1
18027,98.0,1,115.31,1
18012,723.0,1,115.3,1
15352,548.0,1,114.95,1
17401,541.0,1,114.85,1
15905,543.0,1,114.69,1
17933,632.0,1,114.69,1
13188,11.0,1,114.60000000000001,1
14632,262.0,1,114.56,1
16247,170.0,1,114.56,1
17275,383.0,1,114.52,1
14974,37.0,1,114.39,1
14652,77.0,1,114.17999999999999,1
12938,25.0,1,114.14,1
14582,40.0,1,114.11000000000001,1
18148,646.0,1,114.10000000000001,1
14457,310.0,1,113.64,1
18105,37.0,1,113.48,1
16821,381.0,1,113.35,1
17784,550.0,1,112.86,1
14689,208.0,1,112.8,1
16697,241.0,1,112.75,1
18129,243.0,1,112.55,1
15610,51.0,1,112.46000000000001,1
13620,528.0,1,112.34,1
17893,225.0,1,112.25,1
17900,190.0,2,112.19999999999999,1
12756,86.0,1,112.08,1
14750,736.0,1,112.03,1
15875,646.0,1,111.72,1
16547,546.0,1,111.71,1
17957,66.0,1,111.68,1
14668,445.0,1,111.63,1
18124,472.0,1,111.53,1
17304,534.0,1,111.5,1
17887,129.0,1,111.35,1
18120,214.0,1,111.15,1
14464,568.0,2,111.0,1
16064,725.0,1,111.0,1
12692,637.0,1,110.95,1
14509,534.0,1,110.95,1
15537,163.0,1,110.92,1
15853,51.0,1,110.8,1
18256,387.0,1,110.7,1
14787,471.0,1,110.65,1
16963,187.0,1,110.55000000000001,1
14641,21.0,1,110.46,1
17836,47.0,1,110.21,1
16339,284.0,1,109.95,1
15851,526.0,1,109.72999999999999,1
14033,555.0,1,109.44,1
16363,53.0,1,109.36,1
16664,569.0,1,109.2,1
14345,38.0,1,108.97999999999999,1
16106,65.0,1,108.38,1
14374,541.0,1,108.0,1
14661,26.0,1,107.95,1
15583,376.0,1,107.86,1
13580,406.0,1,107.75,1
14943,663.0,1,107.62,1
15395,325.0,1,107.45,1
16301,736.0,1,107.33,1
15328,407.0,1,107.24,1
16047,682.0,1,107.14,1
15846,385.0,1,107.01,1
16630,407.0,1,106.80000000000001,1
16082,670.0,1,106.75,1
14637,677.0,1,106.67999999999999,1
15168,25.0,1,106.56,1
17791,29.0,1,106.1,1
16581,182.0,1,105.84,1
18103,549.0,1,105.8,1
15642,729.0,1,105.78000000000002,1
14579,432.0,1,105.56,1
15340,561.0,1,105.5,1
14027,60.0,1,104.82,1
17328,673.0,1,104.7,1
16375,470.0,2,104.0,1
16896,555.0,1,103.95,1
14542,185.0,1,103.25,1
15924,731.0,1,102.82000000000001,1
17467,395.0,1,102.6,1
14836,10.0,3,102.44999999999999,1
13829,421.0,1,102.0,1
15486,527.0,1,102.0,1
16516,30.0,1,101.7,1
18068,289.0,1,101.69999999999999,1
16944,609.0,1,101.36,1
18086,274.0,1,101.34,1
18195,387.0,1,101.16,1
17741,406.0,2,101.1,1
16498,161.0,2,100.97,1
17493,385.0,1,100.91000000000001,1
14946,14.0,1,100.9,1
17224,501.0,1,100.86,1
17427,71.0,1,100.8,1
14371,295.0,1,100.5,1
15635,395.0,1,100.35,1
17570,381.0,1,100.0,1
17939,159.0,1,99.14,1
12774,535.0,1,98.7,1
17538,25.0,1,98.42,1
16694,723.0,1,98.30000000000001,1
17895,44.0,1,98.0,1
18033,65.0,1,97.97,1
12984,18.0,1,97.5,1
17395,508.0,1,97.5,1
14642,58.0,1,96.12,1
17816,36.0,6,96.11,1
13793,646.0,1,96.0,1
17024,45.0,3,95.85,1
18249,17.0,1,95.34,1
12548,166.0,1,95.19999999999999,1
15285,407.0,1,94.92,1
14833,498.0,1,94.8,1
15868,583.0,1,94.53,1
15397,289.0,1,94.0,1
14394,564.0,1,93.8,1
15305,555.0,1,93.60000000000001,1
12992,725.0,1,93.35000000000001,1
15082,668.0,1,93.35000000000001,1
16196,488.0,1,93.3,1
14865,7.0,4,92.52000000000001,1
14054,65.0,1,92.46,1
13160,22.0,1,91.8,1
16831,564.0,1,91.8,1
12659,29.0,1,91.68,1
13392,677.0,1,91.14,1
14786,550.0,1,90.96,1
13947,65.0,1,90.6,1
14435,501.0,1,90.42,1
16506,19.0,2,90.30000000000001,1
16597,4.0,1,90.04,1
14117,143.0,1,90.0,1
15686,420.0,1,90.0,1
16061,431.0,1,89.65,1
13535,402.0,1,89.5,1
14760,297.0,1,89.2,1
12686,371.0,1,89.14,1
13222,577.0,1,88.5,1
15603,78.0,2,88.48,1
15083,256.0,1,88.2,1
16564,569.0,1,87.8,1
17606,737.0,1,87.30000000000001,1
17763,263.0,4,86.15,1
13180,607.0,1,86.10000000000001,1
15541,114.0,1,85.13000000000001,1
13841,252.0,1,85.0,1
12401,303.0,1,84.3,1
15094,463.0,2,83.0,1
14347,736.0,1,82.6,1
13469,653.0,1,82.4,1
16028,595.0,1,82.2,1
13215,402.0,1,81.6,1
13006,56.0,1,81.57,1
17620,59.0,1,81.44,1
17008,429.0,1,81.36,1
14717,733.0,1,81.3,1
15170,406.0,1,81.15,1
17336,472.0,1,81.12,1
16789,8.0,1,80.8,1
17752,359.0,1,80.64,1
15833,737.0,1,80.4,1
15131,394.0,1,80.28,1
14190,666.0,1,79.9,1
16165,505.0,1,79.9,1
14007,512.0,1,79.48,1
15753,304.0,1,79.2,1
17192,536.0,1,77.83,1
12570,682.0,1,77.52,1
17942,7.0,1,77.50000000000001,1
14785,10.0,2,77.4,1
13132,261.0,1,77.3,1
16867,689.0,1,76.74000000000001,1
14373,358.0,1,76.55,1
14090,324.0,1,76.32000000000001,1
14613,680.0,1,76.32000000000001,1
15668,217.0,1,76.32000000000001,1
18113,368.0,1,76.32000000000001,1
13219,618.0,1,76.23,1
17628,81.0,1,75.75,1
16610,219.0,1,75.66,1
14559,390.0,1,75.6,1
17944,423.0,1,75.41,1
16420,396.0,1,75.0,1
13095,70.0,1,74.39999999999999,1
12506,232.0,1,73.5,1
18032,334.0,1,73.5,1
16171,59.0,1,73.2,1
17906,247.0,1,72.9,1
13105,436.0,1,72.0,1
16459,729.0,1,71.79,1
13938,35.0,1,71.66,1
13185,267.0,1,71.4,1
16970,626.0,1,71.4,1
17747,112.0,1,71.4,1
13915,394.0,1,70.80000000000001,1
15564,463.0,2,70.74000000000001,1
12568,644.0,1,70.0,1
13172,400.0,1,69.6,1
14906,445.0,1,68.44,1
12861,619.0,1,68.25,1
17249,428.0,1,68.03,1
14393,218.0,1,67.95,1
17532,385.0,1,65.34,1
13022,429.0,1,65.3,1
17216,554.0,1,65.05,1
13130,94.0,1,64.0,1
16238,422.0,1,63.66,1
17263,208.0,1,63.44,1
15470,575.0,1,63.42,1
12404,682.0,1,63.24,1
16058,406.0,1,62.7,1
13218,127.0,1,62.63999999999999,1
14650,589.0,1,62.5,1
15516,44.0,3,62.43,1
13380,432.0,1,62.4,1
13303,400.0,1,61.72,1
13818,429.0,1,61.28,1
15375,690.0,1,60.96,1
16605,724.0,1,60.48,1
15250,640.0,1,60.0,1
17174,217.0,1,59.9,1
13391,203.0,1,59.8,1
13682,187.0,1,59.5,1
15233,401.0,1,59.400000000000006,1
15371,662.0,1,59.400000000000006,1
14384,500.0,1,58.5,1
12466,682.0,1,56.73,1
17775,254.0,1,56.4,1
15899,368.0,1,56.25,1
13366,50.0,1,56.160000000000004,1
15685,450.0,1,55.98,1
12776,667.0,1,55.5,1
12860,693.0,1,55.47,1
17494,501.0,1,54.699999999999996,1
12496,620.0,2,54.09,1
13306,430.0,1,53.65,1
16349,290.0,1,53.5,1
17599,477.0,1,52.05,1
15313,110.0,1,52.0,1
16786,393.0,1,51.839999999999996,1
17844,106.0,1,51.56,1
13254,376.0,1,51.410000000000004,1
14351,164.0,1,51.0,1
13011,372.0,1,50.550000000000004,1
14743,592.0,1,50.48,1
18184,15.0,1,49.8,1
14380,682.0,1,48.96,1
16530,668.0,1,48.349999999999994,1
16257,176.0,1,46.95,1
13438,547.0,1,46.5,1
15698,624.0,1,46.2,1
15672,725.0,1,45.300000000000004,1
17916,628.0,2,43.87,1
14300,18.0,1,43.2,1
13913,506.0,1,42.22,1
13906,409.0,1,42.0,1
16219,500.0,1,40.8,1
14266,428.0,1,40.56,1
15178,260.0,1,40.5,1
14086,462.0,1,39.95,1
14589,371.0,1,39.75,1
16659,189.0,1,39.12,1
17246,546.0,2,38.92,1
18019,51.0,1,38.45,1
15455,597.0,1,38.25,1
15693,659.0,1,37.5,1
16162,252.0,1,37.4,1
17352,696.0,1,36.25,1
14993,563.0,1,36.13,1
15940,311.0,1,35.8,1
16417,492.0,1,35.7,1
14576,372.0,1,35.400000000000006,1
17831,33.0,1,35.400000000000006,1
15744,77.0,1,34.8,1
17533,434.0,1,34.8,1
15871,437.0,1,33.1,1
16941,611.0,1,33.0,1
14977,725.0,1,31.929999999999996,1
17129,520.0,1,31.85,1
16454,44.0,4,30.95,1
13120,238.0,1,30.599999999999998,1
14144,486.0,1,30.599999999999998,1
16548,599.0,1,30.15,1
15575,619.0,1,30.1,1
15657,22.0,1,30.0,1
17319,669.0,1,29.1,1
17102,261.0,1,25.5,1
15284,500.0,1,24.75,1
14610,395.0,2,24.35,1
16537,641.0,1,23.35,1
12606,682.0,1,21.0,1
16953,30.0,1,20.8,1
17986,56.0,1,20.8,1
13112,541.0,1,20.6,1
15999,735.0,1,20.4,1
13163,610.0,1,17.65,1
16093,106.0,1,17.0,1
12846,682.0,1,15.58,1
14580,518.0,1,14.850000000000001,1
14900,522.0,1,13.919999999999998,1
16878,84.0,1,13.3,1
17956,249.0,1,12.75,1
17378,374.0,1,10.95,1
18115,697.0,1,9.7,1
15040,541.0,1,7.49,1
15913,534.0,1,6.300000000000001,1
14792,63.0,1,6.2,1
13788,505.0,1,3.75,1
16738,297.0,1,3.75,1
14095,722.0,1,2.95,1
